0 verbose cli /data/data/com.termux/files/usr/bin/node /data/data/com.termux/files/usr/bin/npm
1 info using npm@11.17.0
2 info using node@v26.3.1
3 silly config load:file:/data/data/com.termux/files/usr/lib/node_modules/npm/npmrc
4 silly config load:file:/data/data/com.termux/files/home/turma-correto/.npmrc
5 silly config load:file:/data/data/com.termux/files/home/.npmrc
6 silly config load:file:/data/data/com.termux/files/usr/etc/npmrc
7 verbose title npm install
8 verbose argv "install" "--include" "dev"
9 verbose logfile logs-max:10 dir:/data/data/com.termux/files/home/.npm/_logs/2026-09-18T02_59_58_467Z-
10 verbose logfile /data/data/com.termux/files/home/.npm/_logs/2026-09-18T02_59_58_467Z-debug-0.log
11 silly logfile start cleaning logs, removing 1 files
12 silly logfile done cleaning log files
13 silly packumentCache heap:1106509824 maxSize:276627456 maxEntrySize:138313728
14 silly idealTree buildDeps
15 silly fetch manifest @hookform/resolvers@^5.2.2
16 silly packumentCache full:https://registry.npmjs.org/@hookform%2fresolvers cache-miss
17 http fetch GET 200 https://registry.npmjs.org/@hookform%2fresolvers 2021ms (cache revalidated)
18 silly packumentCache full:https://registry.npmjs.org/@hookform%2fresolvers set size:1104184 disposed:false
19 silly fetch manifest @sinclair/typebox@>=0.25.24
20 silly packumentCache full:https://registry.npmjs.org/@sinclair%2ftypebox cache-miss
21 http fetch GET 200 https://registry.npmjs.org/@sinclair%2ftypebox 157ms (cache revalidated)
22 silly packumentCache full:https://registry.npmjs.org/@sinclair%2ftypebox set size:1212785 disposed:false
23 silly fetch manifest @standard-schema/spec@^1.0.0
24 silly packumentCache full:https://registry.npmjs.org/@standard-schema%2fspec cache-miss
25 http fetch GET 200 https://registry.npmjs.org/@standard-schema%2fspec 117ms (cache revalidated)
26 silly packumentCache full:https://registry.npmjs.org/@standard-schema%2fspec set size:27284 disposed:false
27 silly fetch manifest @typeschema/main@>=0.13.7
28 silly packumentCache full:https://registry.npmjs.org/@typeschema%2fmain cache-miss
29 http fetch GET 200 https://registry.npmjs.org/@typeschema%2fmain 295ms (cache revalidated)
30 silly packumentCache full:https://registry.npmjs.org/@typeschema%2fmain set size:64746 disposed:false
31 silly fetch manifest @typeschema/arktype@0.14.0
32 silly packumentCache full:https://registry.npmjs.org/@typeschema%2farktype cache-miss
33 http fetch GET 200 https://registry.npmjs.org/@typeschema%2farktype 306ms (cache revalidated)
34 silly packumentCache full:https://registry.npmjs.org/@typeschema%2farktype set size:13451 disposed:false
35 silly fetch manifest arktype@^2.0.0-rc.0
36 silly packumentCache full:https://registry.npmjs.org/arktype cache-miss
37 http fetch GET 200 https://registry.npmjs.org/arktype 111ms (cache revalidated)
38 silly packumentCache full:https://registry.npmjs.org/arktype set size:423205 disposed:false
39 silly fetch manifest @typeschema/class-validator@0.3.0
40 silly packumentCache full:https://registry.npmjs.org/@typeschema%2fclass-validator cache-miss
41 http fetch GET 200 https://registry.npmjs.org/@typeschema%2fclass-validator 280ms (cache revalidated)
42 silly packumentCache full:https://registry.npmjs.org/@typeschema%2fclass-validator set size:16735 disposed:false
43 silly fetch manifest class-validator@^0.14.1
44 silly packumentCache full:https://registry.npmjs.org/class-validator cache-miss
45 http fetch GET 200 https://registry.npmjs.org/class-validator 142ms (cache revalidated)
46 silly packumentCache full:https://registry.npmjs.org/class-validator set size:223768 disposed:false
47 silly fetch manifest @typeschema/deepkit@0.14.0
48 silly packumentCache full:https://registry.npmjs.org/@typeschema%2fdeepkit cache-miss
49 http fetch GET 200 https://registry.npmjs.org/@typeschema%2fdeepkit 383ms (cache revalidated)
50 silly packumentCache full:https://registry.npmjs.org/@typeschema%2fdeepkit set size:19158 disposed:false
51 silly fetch manifest @deepkit/type@^1.0.1-alpha.145
52 silly packumentCache full:https://registry.npmjs.org/@deepkit%2ftype cache-miss
53 http fetch GET 200 https://registry.npmjs.org/@deepkit%2ftype 515ms (cache revalidated)
54 silly packumentCache full:https://registry.npmjs.org/@deepkit%2ftype set size:402687 disposed:false
55 silly fetch manifest @deepkit/core@^1.0.1
56 silly packumentCache full:https://registry.npmjs.org/@deepkit%2fcore cache-miss
57 http fetch GET 200 https://registry.npmjs.org/@deepkit%2fcore 340ms (cache revalidated)
58 silly packumentCache full:https://registry.npmjs.org/@deepkit%2fcore set size:237858 disposed:false
59 silly fetch manifest @typeschema/effect@0.14.0
60 silly packumentCache full:https://registry.npmjs.org/@typeschema%2feffect cache-miss
61 http fetch GET 200 https://registry.npmjs.org/@typeschema%2feffect 454ms (cache revalidated)
62 silly packumentCache full:https://registry.npmjs.org/@typeschema%2feffect set size:19715 disposed:false
63 silly fetch manifest @effect/schema@^0.71.1
64 silly packumentCache full:https://registry.npmjs.org/@effect%2fschema cache-miss
65 http fetch GET 200 https://registry.npmjs.org/@effect%2fschema 298ms (cache revalidated)
66 silly packumentCache full:https://registry.npmjs.org/@effect%2fschema set size:1278231 disposed:false
67 silly fetch manifest effect@^3.6.8
68 silly packumentCache full:https://registry.npmjs.org/effect cache-miss
69 http fetch GET 200 https://registry.npmjs.org/effect 384ms (cache revalidated)
70 silly packumentCache full:https://registry.npmjs.org/effect set size:10365691 disposed:false
71 silly fetch manifest @typeschema/fastest-validator@0.2.0
72 silly packumentCache full:https://registry.npmjs.org/@typeschema%2ffastest-validator cache-miss
73 http fetch GET 200 https://registry.npmjs.org/@typeschema%2ffastest-validator 340ms (cache revalidated)
74 silly packumentCache full:https://registry.npmjs.org/@typeschema%2ffastest-validator set size:8241 disposed:false
75 silly fetch manifest fastest-validator@^1.19.0
76 silly packumentCache full:https://registry.npmjs.org/fastest-validator cache-miss
77 http fetch GET 200 https://registry.npmjs.org/fastest-validator 291ms (cache revalidated)
78 silly packumentCache full:https://registry.npmjs.org/fastest-validator set size:240519 disposed:false
79 silly fetch manifest @typeschema/function@0.14.0
80 silly packumentCache full:https://registry.npmjs.org/@typeschema%2ffunction cache-miss
81 http fetch GET 200 https://registry.npmjs.org/@typeschema%2ffunction 249ms (cache revalidated)
82 silly packumentCache full:https://registry.npmjs.org/@typeschema%2ffunction set size:13118 disposed:false
83 silly fetch manifest @typeschema/io-ts@0.14.0
84 silly packumentCache full:https://registry.npmjs.org/@typeschema%2fio-ts cache-miss
85 http fetch GET 200 https://registry.npmjs.org/@typeschema%2fio-ts 329ms (cache revalidated)
86 silly packumentCache full:https://registry.npmjs.org/@typeschema%2fio-ts set size:16584 disposed:false
87 silly fetch manifest fp-ts@^2.16.9
88 silly packumentCache full:https://registry.npmjs.org/fp-ts cache-miss
89 http fetch GET 200 https://registry.npmjs.org/fp-ts 110ms (cache revalidated)
90 silly packumentCache full:https://registry.npmjs.org/fp-ts set size:662771 disposed:false
91 silly fetch manifest io-ts@^2.2.21
92 silly packumentCache full:https://registry.npmjs.org/io-ts cache-miss
93 http fetch GET 200 https://registry.npmjs.org/io-ts 112ms (cache revalidated)
94 silly packumentCache full:https://registry.npmjs.org/io-ts set size:367490 disposed:false
95 silly fetch manifest @typeschema/joi@0.14.0
96 silly packumentCache full:https://registry.npmjs.org/@typeschema%2fjoi cache-miss
97 http fetch GET 200 https://registry.npmjs.org/@typeschema%2fjoi 476ms (cache revalidated)
98 silly packumentCache full:https://registry.npmjs.org/@typeschema%2fjoi set size:16153 disposed:false
99 silly fetch manifest joi@^17.13.3
100 silly packumentCache full:https://registry.npmjs.org/joi cache-miss
101 http fetch GET 200 https://registry.npmjs.org/joi 116ms (cache revalidated)
102 silly packumentCache full:https://registry.npmjs.org/joi set size:547844 disposed:false
103 silly fetch manifest joi-to-json@^4.3.0
104 silly packumentCache full:https://registry.npmjs.org/joi-to-json cache-miss
105 http fetch GET 200 https://registry.npmjs.org/joi-to-json 121ms (cache revalidated)
106 silly packumentCache full:https://registry.npmjs.org/joi-to-json set size:122751 disposed:false
107 silly fetch manifest @typeschema/json@0.14.0
108 silly packumentCache full:https://registry.npmjs.org/@typeschema%2fjson cache-miss
109 http fetch GET 200 https://registry.npmjs.org/@typeschema%2fjson 305ms (cache revalidated)
110 silly packumentCache full:https://registry.npmjs.org/@typeschema%2fjson set size:16546 disposed:false
111 silly fetch manifest ajv@^8.17.1
112 silly packumentCache full:https://registry.npmjs.org/ajv cache-miss
113 http fetch GET 200 https://registry.npmjs.org/ajv 137ms (cache revalidated)
114 silly packumentCache full:https://registry.npmjs.org/ajv set size:1142658 disposed:false
115 silly fetch manifest json-schema-to-ts@^3.1.0
116 silly packumentCache full:https://registry.npmjs.org/json-schema-to-ts cache-miss
117 http fetch GET 200 https://registry.npmjs.org/json-schema-to-ts 162ms (cache revalidated)
118 silly packumentCache full:https://registry.npmjs.org/json-schema-to-ts set size:287972 disposed:false
119 silly fetch manifest @typeschema/ow@0.14.0
120 silly packumentCache full:https://registry.npmjs.org/@typeschema%2fow cache-miss
121 http fetch GET 200 https://registry.npmjs.org/@typeschema%2fow 355ms (cache revalidated)
122 silly packumentCache full:https://registry.npmjs.org/@typeschema%2fow set size:15748 disposed:false
123 silly fetch manifest ow@^0.28.2
124 silly packumentCache full:https://registry.npmjs.org/ow cache-miss
125 http fetch GET 200 https://registry.npmjs.org/ow 112ms (cache revalidated)
126 silly packumentCache full:https://registry.npmjs.org/ow set size:190008 disposed:false
127 silly fetch manifest @typeschema/runtypes@0.14.0
128 silly packumentCache full:https://registry.npmjs.org/@typeschema%2fruntypes cache-miss
129 http fetch GET 200 https://registry.npmjs.org/@typeschema%2fruntypes 471ms (cache revalidated)
130 silly packumentCache full:https://registry.npmjs.org/@typeschema%2fruntypes set size:13458 disposed:false
131 silly fetch manifest runtypes@^6.7.0
132 silly packumentCache full:https://registry.npmjs.org/runtypes cache-miss
133 http fetch GET 200 https://registry.npmjs.org/runtypes 116ms (cache revalidated)
134 silly packumentCache full:https://registry.npmjs.org/runtypes set size:259711 disposed:false
135 silly fetch manifest @typeschema/superstruct@0.14.0
136 silly packumentCache full:https://registry.npmjs.org/@typeschema%2fsuperstruct cache-miss
137 http fetch GET 200 https://registry.npmjs.org/@typeschema%2fsuperstruct 288ms (cache revalidated)
138 silly packumentCache full:https://registry.npmjs.org/@typeschema%2fsuperstruct set size:13577 disposed:false
139 silly fetch manifest superstruct@^2.0.2
140 silly packumentCache full:https://registry.npmjs.org/superstruct cache-miss
141 http fetch GET 200 https://registry.npmjs.org/superstruct 286ms (cache revalidated)
142 silly packumentCache full:https://registry.npmjs.org/superstruct set size:403823 disposed:false
143 silly fetch manifest @typeschema/suretype@0.2.0
144 silly packumentCache full:https://registry.npmjs.org/@typeschema%2fsuretype cache-miss
145 http fetch GET 200 https://registry.npmjs.org/@typeschema%2fsuretype 242ms (cache revalidated)
146 silly packumentCache full:https://registry.npmjs.org/@typeschema%2fsuretype set size:8423 disposed:false
147 silly fetch manifest suretype@^3.3.1
148 silly packumentCache full:https://registry.npmjs.org/suretype cache-miss
149 http fetch GET 200 https://registry.npmjs.org/suretype 105ms (cache revalidated)
150 silly packumentCache full:https://registry.npmjs.org/suretype set size:96800 disposed:false
151 silly fetch manifest @typeschema/typebox@0.14.0
152 silly packumentCache full:https://registry.npmjs.org/@typeschema%2ftypebox cache-miss
153 http fetch GET 200 https://registry.npmjs.org/@typeschema%2ftypebox 534ms (cache revalidated)
154 silly packumentCache full:https://registry.npmjs.org/@typeschema%2ftypebox set size:19229 disposed:false
155 silly fetch manifest @sinclair/typebox@^0.33.7
156 silly packumentCache full:https://registry.npmjs.org/@sinclair%2ftypebox cache-miss
157 http cache https://registry.npmjs.org/@sinclair%2ftypebox 35ms (cache hit)
158 silly packumentCache full:https://registry.npmjs.org/@sinclair%2ftypebox set size:1212785 disposed:false
159 silly fetch manifest @typeschema/valibot@0.14.0
160 silly packumentCache full:https://registry.npmjs.org/@typeschema%2fvalibot cache-miss
161 http fetch GET 200 https://registry.npmjs.org/@typeschema%2fvalibot 239ms (cache revalidated)
162 silly packumentCache full:https://registry.npmjs.org/@typeschema%2fvalibot set size:22952 disposed:false
163 silly fetch manifest @gcornut/valibot-json-schema@^0.37.0
164 silly packumentCache full:https://registry.npmjs.org/@gcornut%2fvalibot-json-schema cache-miss
165 http fetch GET 200 https://registry.npmjs.org/@gcornut%2fvalibot-json-schema 240ms (cache revalidated)
166 silly packumentCache full:https://registry.npmjs.org/@gcornut%2fvalibot-json-schema set size:212480 disposed:false
167 silly fetch manifest valibot@^0.39.0
168 silly packumentCache full:https://registry.npmjs.org/valibot cache-miss
169 http fetch GET 200 https://registry.npmjs.org/valibot 100ms (cache revalidated)
170 silly packumentCache full:https://registry.npmjs.org/valibot set size:262045 disposed:false
171 silly fetch manifest typescript@^5.8.3
172 silly packumentCache full:https://registry.npmjs.org/typescript cache-miss
173 http fetch GET 200 https://registry.npmjs.org/typescript 301ms (cache revalidated)
174 silly packumentCache full:https://registry.npmjs.org/typescript set size:15685586 disposed:false
175 silly fetch manifest @typeschema/valita@0.2.0
176 silly packumentCache full:https://registry.npmjs.org/@typeschema%2fvalita cache-miss
177 http fetch GET 200 https://registry.npmjs.org/@typeschema%2fvalita 468ms (cache revalidated)
178 silly packumentCache full:https://registry.npmjs.org/@typeschema%2fvalita set size:8271 disposed:false
179 silly fetch manifest @badrap/valita@^0.3.9
180 silly packumentCache full:https://registry.npmjs.org/@badrap%2fvalita cache-miss
181 http fetch GET 200 https://registry.npmjs.org/@badrap%2fvalita 619ms (cache revalidated)
182 silly packumentCache full:https://registry.npmjs.org/@badrap%2fvalita set size:259629 disposed:false
183 silly fetch manifest @typeschema/vine@0.2.0
184 silly packumentCache full:https://registry.npmjs.org/@typeschema%2fvine cache-miss
185 http fetch GET 200 https://registry.npmjs.org/@typeschema%2fvine 281ms (cache revalidated)
186 silly packumentCache full:https://registry.npmjs.org/@typeschema%2fvine set size:8211 disposed:false
187 silly fetch manifest @vinejs/vine@^2.1.0
188 silly packumentCache full:https://registry.npmjs.org/@vinejs%2fvine cache-miss
189 http fetch GET 200 https://registry.npmjs.org/@vinejs%2fvine 235ms (cache revalidated)
190 silly packumentCache full:https://registry.npmjs.org/@vinejs%2fvine set size:114849 disposed:false
191 silly fetch manifest @typeschema/yup@0.14.0
192 silly packumentCache full:https://registry.npmjs.org/@typeschema%2fyup cache-miss
193 http fetch GET 200 https://registry.npmjs.org/@typeschema%2fyup 306ms (cache revalidated)
194 silly packumentCache full:https://registry.npmjs.org/@typeschema%2fyup set size:16778 disposed:false
195 silly fetch manifest @sodaru/yup-to-json-schema@^2.0.1
196 silly packumentCache full:https://registry.npmjs.org/@sodaru%2fyup-to-json-schema cache-miss
197 http fetch GET 200 https://registry.npmjs.org/@sodaru%2fyup-to-json-schema 245ms (cache revalidated)
198 silly packumentCache full:https://registry.npmjs.org/@sodaru%2fyup-to-json-schema set size:30812 disposed:false
199 silly fetch manifest yup@^1.4.0
200 silly packumentCache full:https://registry.npmjs.org/yup cache-miss
201 http fetch GET 200 https://registry.npmjs.org/yup 97ms (cache revalidated)
202 silly packumentCache full:https://registry.npmjs.org/yup set size:439032 disposed:false
203 silly fetch manifest @typeschema/zod@0.14.0
204 silly packumentCache full:https://registry.npmjs.org/@typeschema%2fzod cache-miss
205 http fetch GET 200 https://registry.npmjs.org/@typeschema%2fzod 276ms (cache revalidated)
206 silly packumentCache full:https://registry.npmjs.org/@typeschema%2fzod set size:16629 disposed:false
207 silly fetch manifest zod@^3.25.76
208 silly packumentCache full:https://registry.npmjs.org/zod cache-miss
209 http fetch GET 200 https://registry.npmjs.org/zod 142ms (cache revalidated)
210 silly packumentCache full:https://registry.npmjs.org/zod set size:4166672 disposed:false
211 silly fetch manifest zod-to-json-schema@^3.23.2
212 silly packumentCache full:https://registry.npmjs.org/zod-to-json-schema cache-miss
213 http fetch GET 200 https://registry.npmjs.org/zod-to-json-schema 111ms (cache revalidated)
214 silly packumentCache full:https://registry.npmjs.org/zod-to-json-schema set size:309584 disposed:false
215 silly fetch manifest ajv-errors@^3.0.0
216 silly packumentCache full:https://registry.npmjs.org/ajv-errors cache-miss
217 http fetch GET 200 https://registry.npmjs.org/ajv-errors 90ms (cache revalidated)
218 silly packumentCache full:https://registry.npmjs.org/ajv-errors set size:52956 disposed:false
219 silly fetch manifest ajv-formats@^2.1.1
220 silly packumentCache full:https://registry.npmjs.org/ajv-formats cache-miss
221 http fetch GET 200 https://registry.npmjs.org/ajv-formats 122ms (cache revalidated)
222 silly packumentCache full:https://registry.npmjs.org/ajv-formats set size:141264 disposed:false
223 silly fetch manifest ata-validator@^1.2.0
224 silly packumentCache full:https://registry.npmjs.org/ata-validator cache-miss
225 http fetch GET 200 https://registry.npmjs.org/ata-validator 286ms (cache revalidated)
226 silly packumentCache full:https://registry.npmjs.org/ata-validator set size:683284 disposed:false
227 silly fetch manifest yaml@^2.0.0
228 silly packumentCache full:https://registry.npmjs.org/yaml cache-miss
229 http fetch GET 200 https://registry.npmjs.org/yaml 135ms (cache revalidated)
230 silly packumentCache full:https://registry.npmjs.org/yaml set size:386415 disposed:false
231 silly fetch manifest class-transformer@>=0.4.0
232 silly packumentCache full:https://registry.npmjs.org/class-transformer cache-miss
233 http fetch GET 200 https://registry.npmjs.org/class-transformer 129ms (cache revalidated)
234 silly packumentCache full:https://registry.npmjs.org/class-transformer set size:106571 disposed:false
235 silly fetch manifest computed-types@^1.0.0
236 silly packumentCache full:https://registry.npmjs.org/computed-types cache-miss
237 http fetch GET 200 https://registry.npmjs.org/computed-types 311ms (cache revalidated)
238 silly packumentCache full:https://registry.npmjs.org/computed-types set size:165470 disposed:false
239 silly fetch manifest fluentvalidation-ts@^3.0.0
240 silly packumentCache full:https://registry.npmjs.org/fluentvalidation-ts cache-miss
241 http fetch GET 200 https://registry.npmjs.org/fluentvalidation-ts 140ms (cache revalidated)
242 silly packumentCache full:https://registry.npmjs.org/fluentvalidation-ts set size:361999 disposed:false
243 silly fetch manifest nope-validator@>=0.12.0
244 silly packumentCache full:https://registry.npmjs.org/nope-validator cache-miss
245 http fetch GET 200 https://registry.npmjs.org/nope-validator 291ms (cache revalidated)
246 silly packumentCache full:https://registry.npmjs.org/nope-validator set size:124638 disposed:false
247 silly fetch manifest react-hook-form@^7.71.2
248 silly packumentCache full:https://registry.npmjs.org/react-hook-form cache-miss
249 http fetch GET 200 https://registry.npmjs.org/react-hook-form 286ms (cache revalidated)
250 silly packumentCache full:https://registry.npmjs.org/react-hook-form set size:5213201 disposed:false
251 silly fetch manifest react@^19.2.0
252 silly packumentCache full:https://registry.npmjs.org/react cache-miss
253 http fetch GET 200 https://registry.npmjs.org/react 347ms (cache revalidated)
254 silly packumentCache full:https://registry.npmjs.org/react set size:6992208 disposed:false
255 silly fetch manifest typanion@^3.3.2
256 silly packumentCache full:https://registry.npmjs.org/typanion cache-miss
257 http fetch GET 200 https://registry.npmjs.org/typanion 93ms (cache revalidated)
258 silly packumentCache full:https://registry.npmjs.org/typanion set size:72113 disposed:false
259 silly fetch manifest vest@>=6.0.0
260 silly packumentCache full:https://registry.npmjs.org/vest cache-miss
261 http fetch GET 200 https://registry.npmjs.org/vest 199ms (cache revalidated)
262 silly packumentCache full:https://registry.npmjs.org/vest set size:3781834 disposed:false
263 silly fetch manifest @radix-ui/react-accordion@^1.2.12
264 silly packumentCache full:https://registry.npmjs.org/@radix-ui%2freact-accordion cache-miss
265 http fetch GET 200 https://registry.npmjs.org/@radix-ui%2freact-accordion 193ms (cache revalidated)
266 silly packumentCache full:https://registry.npmjs.org/@radix-ui%2freact-accordion set size:1030870 disposed:false
267 silly fetch manifest @types/react@^19.2.0
268 silly packumentCache full:https://registry.npmjs.org/@types%2freact cache-miss
269 http fetch GET 200 https://registry.npmjs.org/@types%2freact 170ms (cache revalidated)
270 silly packumentCache full:https://registry.npmjs.org/@types%2freact set size:2642161 disposed:false
271 silly fetch manifest @types/react-dom@^19.2.0
272 silly packumentCache full:https://registry.npmjs.org/@types%2freact-dom cache-miss
273 http fetch GET 200 https://registry.npmjs.org/@types%2freact-dom 161ms (cache revalidated)
274 silly packumentCache full:https://registry.npmjs.org/@types%2freact-dom set size:444872 disposed:false
275 silly fetch manifest react-dom@^19.2.0
276 silly packumentCache full:https://registry.npmjs.org/react-dom cache-miss
277 http fetch GET 200 https://registry.npmjs.org/react-dom 377ms (cache revalidated)
278 silly packumentCache full:https://registry.npmjs.org/react-dom set size:9417009 disposed:false
279 silly fetch manifest @radix-ui/react-alert-dialog@^1.1.15
280 silly packumentCache full:https://registry.npmjs.org/@radix-ui%2freact-alert-dialog cache-miss
281 http fetch GET 200 https://registry.npmjs.org/@radix-ui%2freact-alert-dialog 136ms (cache revalidated)
282 silly packumentCache full:https://registry.npmjs.org/@radix-ui%2freact-alert-dialog set size:1142546 disposed:false
283 silly fetch manifest @radix-ui/react-aspect-ratio@^1.1.8
284 silly packumentCache full:https://registry.npmjs.org/@radix-ui%2freact-aspect-ratio cache-miss
285 http fetch GET 200 https://registry.npmjs.org/@radix-ui%2freact-aspect-ratio 309ms (cache revalidated)
286 silly packumentCache full:https://registry.npmjs.org/@radix-ui%2freact-aspect-ratio set size:731166 disposed:false
287 silly fetch manifest @radix-ui/react-avatar@^1.1.11
288 silly packumentCache full:https://registry.npmjs.org/@radix-ui%2freact-avatar cache-miss
289 http fetch GET 200 https://registry.npmjs.org/@radix-ui%2freact-avatar 118ms (cache revalidated)
290 silly packumentCache full:https://registry.npmjs.org/@radix-ui%2freact-avatar set size:844187 disposed:false
291 silly fetch manifest @radix-ui/react-checkbox@^1.3.3
292 silly packumentCache full:https://registry.npmjs.org/@radix-ui%2freact-checkbox cache-miss
293 http fetch GET 200 https://registry.npmjs.org/@radix-ui%2freact-checkbox 125ms (cache revalidated)
294 silly packumentCache full:https://registry.npmjs.org/@radix-ui%2freact-checkbox set size:1019731 disposed:false
295 silly fetch manifest @radix-ui/react-collapsible@^1.1.12
296 silly packumentCache full:https://registry.npmjs.org/@radix-ui%2freact-collapsible cache-miss
297 http fetch GET 200 https://registry.npmjs.org/@radix-ui%2freact-collapsible 163ms (cache revalidated)
298 silly packumentCache full:https://registry.npmjs.org/@radix-ui%2freact-collapsible set size:972152 disposed:false
299 silly fetch manifest @radix-ui/react-context-menu@^2.2.16
300 silly packumentCache full:https://registry.npmjs.org/@radix-ui%2freact-context-menu cache-miss
301 http fetch GET 200 https://registry.npmjs.org/@radix-ui%2freact-context-menu 118ms (cache revalidated)
302 silly packumentCache full:https://registry.npmjs.org/@radix-ui%2freact-context-menu set size:1236651 disposed:false
303 silly fetch manifest @radix-ui/react-dialog@^1.1.15
304 silly packumentCache full:https://registry.npmjs.org/@radix-ui%2freact-dialog cache-miss
305 http fetch GET 200 https://registry.npmjs.org/@radix-ui%2freact-dialog 117ms (cache revalidated)
306 silly packumentCache full:https://registry.npmjs.org/@radix-ui%2freact-dialog set size:1257294 disposed:false
307 silly fetch manifest @radix-ui/react-dropdown-menu@^2.1.16
308 silly packumentCache full:https://registry.npmjs.org/@radix-ui%2freact-dropdown-menu cache-miss
309 http fetch GET 200 https://registry.npmjs.org/@radix-ui%2freact-dropdown-menu 778ms (cache revalidated)
310 silly packumentCache full:https://registry.npmjs.org/@radix-ui%2freact-dropdown-menu set size:1247380 disposed:false
311 silly fetch manifest @radix-ui/react-hover-card@^1.1.15
312 silly packumentCache full:https://registry.npmjs.org/@radix-ui%2freact-hover-card cache-miss
313 http fetch GET 200 https://registry.npmjs.org/@radix-ui%2freact-hover-card 140ms (cache revalidated)
314 silly packumentCache full:https://registry.npmjs.org/@radix-ui%2freact-hover-card set size:1173058 disposed:false
315 silly fetch manifest @radix-ui/react-label@^2.1.8
316 silly packumentCache full:https://registry.npmjs.org/@radix-ui%2freact-label cache-miss
317 http fetch GET 200 https://registry.npmjs.org/@radix-ui%2freact-label 150ms (cache revalidated)
318 silly packumentCache full:https://registry.npmjs.org/@radix-ui%2freact-label set size:760879 disposed:false
319 silly fetch manifest @radix-ui/react-menubar@^1.1.16
320 silly packumentCache full:https://registry.npmjs.org/@radix-ui%2freact-menubar cache-miss
321 http fetch GET 200 https://registry.npmjs.org/@radix-ui%2freact-menubar 190ms (cache revalidated)
322 silly packumentCache full:https://registry.npmjs.org/@radix-ui%2freact-menubar set size:754119 disposed:false
323 silly fetch manifest @radix-ui/react-navigation-menu@^1.2.14
324 silly packumentCache full:https://registry.npmjs.org/@radix-ui%2freact-navigation-menu cache-miss
325 http fetch GET 200 https://registry.npmjs.org/@radix-ui%2freact-navigation-menu 141ms (cache revalidated)
326 silly packumentCache full:https://registry.npmjs.org/@radix-ui%2freact-navigation-menu set size:1017701 disposed:false
327 silly fetch manifest @radix-ui/react-popover@^1.1.15
328 silly packumentCache full:https://registry.npmjs.org/@radix-ui%2freact-popover cache-miss
329 http fetch GET 200 https://registry.npmjs.org/@radix-ui%2freact-popover 198ms (cache revalidated)
330 silly packumentCache full:https://registry.npmjs.org/@radix-ui%2freact-popover set size:1303830 disposed:false
331 silly fetch manifest @radix-ui/react-progress@^1.1.8
332 silly packumentCache full:https://registry.npmjs.org/@radix-ui%2freact-progress cache-miss
333 http fetch GET 200 https://registry.npmjs.org/@radix-ui%2freact-progress 122ms (cache revalidated)
334 silly packumentCache full:https://registry.npmjs.org/@radix-ui%2freact-progress set size:751516 disposed:false
335 silly fetch manifest @radix-ui/react-radio-group@^1.3.8
336 silly packumentCache full:https://registry.npmjs.org/@radix-ui%2freact-radio-group cache-miss
337 http fetch GET 200 https://registry.npmjs.org/@radix-ui%2freact-radio-group 363ms (cache revalidated)
338 silly packumentCache full:https://registry.npmjs.org/@radix-ui%2freact-radio-group set size:1108222 disposed:false
339 silly fetch manifest @radix-ui/react-scroll-area@^1.2.10
340 silly packumentCache full:https://registry.npmjs.org/@radix-ui%2freact-scroll-area cache-miss
341 http fetch GET 200 https://registry.npmjs.org/@radix-ui%2freact-scroll-area 130ms (cache revalidated)
342 silly packumentCache full:https://registry.npmjs.org/@radix-ui%2freact-scroll-area set size:1070603 disposed:false
343 silly fetch manifest @radix-ui/react-select@^2.2.6
344 silly packumentCache full:https://registry.npmjs.org/@radix-ui%2freact-select cache-miss
345 http fetch GET 200 https://registry.npmjs.org/@radix-ui%2freact-select 148ms (cache revalidated)
346 silly packumentCache full:https://registry.npmjs.org/@radix-ui%2freact-select set size:1176098 disposed:false
347 silly fetch manifest @radix-ui/react-separator@^1.1.8
348 silly packumentCache full:https://registry.npmjs.org/@radix-ui%2freact-separator cache-miss
349 http fetch GET 200 https://registry.npmjs.org/@radix-ui%2freact-separator 121ms (cache revalidated)
350 silly packumentCache full:https://registry.npmjs.org/@radix-ui%2freact-separator set size:729348 disposed:false
351 silly fetch manifest @radix-ui/react-slider@^1.3.6
352 silly packumentCache full:https://registry.npmjs.org/@radix-ui%2freact-slider cache-miss
353 http fetch GET 200 https://registry.npmjs.org/@radix-ui%2freact-slider 146ms (cache revalidated)
354 silly packumentCache full:https://registry.npmjs.org/@radix-ui%2freact-slider set size:1033139 disposed:false
355 silly fetch manifest @radix-ui/react-slot@^1.2.4
356 silly packumentCache full:https://registry.npmjs.org/@radix-ui%2freact-slot cache-miss
357 http fetch GET 200 https://registry.npmjs.org/@radix-ui%2freact-slot 106ms (cache revalidated)
358 silly packumentCache full:https://registry.npmjs.org/@radix-ui%2freact-slot set size:495625 disposed:false
359 silly fetch manifest @radix-ui/react-switch@^1.2.6
360 silly packumentCache full:https://registry.npmjs.org/@radix-ui%2freact-switch cache-miss
361 http fetch GET 200 https://registry.npmjs.org/@radix-ui%2freact-switch 128ms (cache revalidated)
362 silly packumentCache full:https://registry.npmjs.org/@radix-ui%2freact-switch set size:888756 disposed:false
363 silly fetch manifest @radix-ui/react-tabs@^1.1.13
364 silly packumentCache full:https://registry.npmjs.org/@radix-ui%2freact-tabs cache-miss
365 http fetch GET 200 https://registry.npmjs.org/@radix-ui%2freact-tabs 155ms (cache revalidated)
366 silly packumentCache full:https://registry.npmjs.org/@radix-ui%2freact-tabs set size:1047802 disposed:false
367 silly fetch manifest @radix-ui/react-toggle@^1.1.10
368 silly packumentCache full:https://registry.npmjs.org/@radix-ui%2freact-toggle cache-miss
369 http fetch GET 200 https://registry.npmjs.org/@radix-ui%2freact-toggle 155ms (cache revalidated)
370 silly packumentCache full:https://registry.npmjs.org/@radix-ui%2freact-toggle set size:806860 disposed:false
371 silly fetch manifest @radix-ui/react-toggle-group@^1.1.11
372 silly packumentCache full:https://registry.npmjs.org/@radix-ui%2freact-toggle-group cache-miss
373 http fetch GET 200 https://registry.npmjs.org/@radix-ui%2freact-toggle-group 189ms (cache revalidated)
374 silly packumentCache full:https://registry.npmjs.org/@radix-ui%2freact-toggle-group set size:993232 disposed:false
375 silly fetch manifest @radix-ui/react-tooltip@^1.2.8
376 silly packumentCache full:https://registry.npmjs.org/@radix-ui%2freact-tooltip cache-miss
377 http fetch GET 200 https://registry.npmjs.org/@radix-ui%2freact-tooltip 162ms (cache revalidated)
378 silly packumentCache full:https://registry.npmjs.org/@radix-ui%2freact-tooltip set size:1310723 disposed:false
379 silly fetch manifest @supabase/supabase-js@^2.116.0
380 silly packumentCache full:https://registry.npmjs.org/@supabase%2fsupabase-js cache-miss
381 http fetch GET 200 https://registry.npmjs.org/@supabase%2fsupabase-js 278ms (cache revalidated)
382 silly packumentCache full:https://registry.npmjs.org/@supabase%2fsupabase-js set size:4026167 disposed:false
383 silly fetch manifest @opentelemetry/api@>=1.0.0
384 silly packumentCache full:https://registry.npmjs.org/@opentelemetry%2fapi cache-miss
385 http fetch GET 200 https://registry.npmjs.org/@opentelemetry%2fapi 299ms (cache revalidated)
386 silly packumentCache full:https://registry.npmjs.org/@opentelemetry%2fapi set size:272967 disposed:false
387 silly fetch manifest @tailwindcss/vite@^4.2.1
388 silly packumentCache full:https://registry.npmjs.org/@tailwindcss%2fvite cache-miss
389 http fetch GET 200 https://registry.npmjs.org/@tailwindcss%2fvite 151ms (cache revalidated)
390 silly packumentCache full:https://registry.npmjs.org/@tailwindcss%2fvite set size:2314223 disposed:false
391 silly fetch manifest vite@8.1.5
392 silly packumentCache full:https://registry.npmjs.org/vite cache-miss
393 http fetch GET 200 https://registry.npmjs.org/vite 672ms (cache revalidated)
394 silly packumentCache full:https://registry.npmjs.org/vite set size:38945461 disposed:false
395 silly fetch manifest @types/node@^22.16.5
396 silly packumentCache full:https://registry.npmjs.org/@types%2fnode cache-miss
397 http fetch GET 200 https://registry.npmjs.org/@types%2fnode 353ms (cache revalidated)
398 silly packumentCache full:https://registry.npmjs.org/@types%2fnode set size:11136519 disposed:false
399 silly fetch manifest @vitejs/devtools@^0.3.0
400 silly packumentCache full:https://registry.npmjs.org/@vitejs%2fdevtools cache-miss
401 http fetch GET 200 https://registry.npmjs.org/@vitejs%2fdevtools 140ms (cache revalidated)
402 silly packumentCache full:https://registry.npmjs.org/@vitejs%2fdevtools set size:324785 disposed:false
403 silly fetch manifest esbuild@^0.27.0 || ^0.28.0
404 silly packumentCache full:https://registry.npmjs.org/esbuild cache-miss
405 http fetch GET 200 https://registry.npmjs.org/esbuild 130ms (cache revalidated)
406 silly packumentCache full:https://registry.npmjs.org/esbuild set size:1264676 disposed:false
407 silly fetch manifest jiti@>=1.21.0
408 silly packumentCache full:https://registry.npmjs.org/jiti cache-miss
409 http fetch GET 200 https://registry.npmjs.org/jiti 118ms (cache revalidated)
410 silly packumentCache full:https://registry.npmjs.org/jiti set size:387989 disposed:false
411 silly fetch manifest less@^4.0.0
412 silly packumentCache full:https://registry.npmjs.org/less cache-miss
413 http fetch GET 200 https://registry.npmjs.org/less 121ms (cache revalidated)
414 silly packumentCache full:https://registry.npmjs.org/less set size:544331 disposed:false
415 silly fetch manifest sass@^1.70.0
416 silly packumentCache full:https://registry.npmjs.org/sass cache-miss
417 http fetch GET 200 https://registry.npmjs.org/sass 127ms (cache revalidated)
418 silly packumentCache full:https://registry.npmjs.org/sass set size:752288 disposed:false
419 silly fetch manifest sass-embedded@^1.70.0
420 silly packumentCache full:https://registry.npmjs.org/sass-embedded cache-miss
421 http fetch GET 200 https://registry.npmjs.org/sass-embedded 115ms (cache revalidated)
422 silly packumentCache full:https://registry.npmjs.org/sass-embedded set size:437108 disposed:false
423 silly fetch manifest stylus@>=0.54.8
424 silly packumentCache full:https://registry.npmjs.org/stylus cache-miss
425 http fetch GET 200 https://registry.npmjs.org/stylus 101ms (cache revalidated)
426 silly packumentCache full:https://registry.npmjs.org/stylus set size:286766 disposed:false
427 silly fetch manifest sugarss@^5.0.0
428 silly packumentCache full:https://registry.npmjs.org/sugarss cache-miss
429 http fetch GET 200 https://registry.npmjs.org/sugarss 153ms (cache revalidated)
430 silly packumentCache full:https://registry.npmjs.org/sugarss set size:44975 disposed:false
431 silly fetch manifest postcss@^8.3.3
432 silly packumentCache full:https://registry.npmjs.org/postcss cache-miss
433 http fetch GET 200 https://registry.npmjs.org/postcss 133ms (cache revalidated)
434 silly packumentCache full:https://registry.npmjs.org/postcss set size:766699 disposed:false
435 silly fetch manifest terser@^5.16.0
436 silly packumentCache full:https://registry.npmjs.org/terser cache-miss
437 http fetch GET 200 https://registry.npmjs.org/terser 112ms (cache revalidated)
438 silly packumentCache full:https://registry.npmjs.org/terser set size:827672 disposed:false
439 silly fetch manifest tsx@^4.8.1
440 silly packumentCache full:https://registry.npmjs.org/tsx cache-miss
441 http fetch GET 200 https://registry.npmjs.org/tsx 98ms (cache revalidated)
442 silly packumentCache full:https://registry.npmjs.org/tsx set size:344351 disposed:false
443 silly fetch manifest yaml@^2.4.2
444 silly packumentCache full:https://registry.npmjs.org/yaml cache-hit
445 silly fetch manifest @tanstack/react-query@^5.101.1
446 silly packumentCache full:https://registry.npmjs.org/@tanstack%2freact-query cache-miss
447 http fetch GET 200 https://registry.npmjs.org/@tanstack%2freact-query 239ms (cache revalidated)
448 silly packumentCache full:https://registry.npmjs.org/@tanstack%2freact-query set size:1666678 disposed:false
449 silly fetch manifest @tanstack/react-router@1.170.18
450 silly packumentCache full:https://registry.npmjs.org/@tanstack%2freact-router cache-miss
451 http fetch GET 200 https://registry.npmjs.org/@tanstack%2freact-router 370ms (cache revalidated)
452 silly packumentCache full:https://registry.npmjs.org/@tanstack%2freact-router set size:3714604 disposed:false
453 silly fetch manifest @tanstack/react-start@1.168.32
454 silly packumentCache full:https://registry.npmjs.org/@tanstack%2freact-start cache-miss
455 http fetch GET 200 https://registry.npmjs.org/@tanstack%2freact-start 346ms (cache revalidated)
456 silly packumentCache full:https://registry.npmjs.org/@tanstack%2freact-start set size:3302929 disposed:false
457 silly fetch manifest @rsbuild/core@^2.0.0
458 silly packumentCache full:https://registry.npmjs.org/@rsbuild%2fcore cache-miss
459 http fetch GET 200 https://registry.npmjs.org/@rsbuild%2fcore 779ms (cache updated)
460 silly packumentCache full:https://registry.npmjs.org/@rsbuild%2fcore set size:undefined disposed:false
461 silly fetch manifest core-js@>= 3.0.0
462 silly packumentCache full:https://registry.npmjs.org/core-js cache-miss
463 http fetch GET 200 https://registry.npmjs.org/core-js 113ms (cache revalidated)
464 silly packumentCache full:https://registry.npmjs.org/core-js set size:823233 disposed:false
465 silly fetch manifest @tanstack/router-plugin@1.168.23
466 silly packumentCache full:https://registry.npmjs.org/@tanstack%2frouter-plugin cache-miss
467 http fetch GET 200 https://registry.npmjs.org/@tanstack%2frouter-plugin 139ms (cache revalidated)
468 silly packumentCache full:https://registry.npmjs.org/@tanstack%2frouter-plugin set size:2885832 disposed:false
469 silly fetch manifest @rsbuild/core@>=1.0.2 || ^2.0.0
470 silly packumentCache full:https://registry.npmjs.org/@rsbuild%2fcore cache-miss
471 http cache https://registry.npmjs.org/@rsbuild%2fcore 25ms (cache hit)
472 silly packumentCache full:https://registry.npmjs.org/@rsbuild%2fcore set size:1487848 disposed:false
473 silly fetch manifest vite-plugin-solid@^2.11.10 || ^3.0.0-0
474 silly packumentCache full:https://registry.npmjs.org/vite-plugin-solid cache-miss
475 http fetch GET 200 https://registry.npmjs.org/vite-plugin-solid 339ms (cache revalidated)
476 silly packumentCache full:https://registry.npmjs.org/vite-plugin-solid set size:429860 disposed:false
477 silly fetch manifest @testing-library/jest-dom@^5.16.6 || ^5.17.0 || ^6.0.0 || ^7.0.0
478 silly packumentCache full:https://registry.npmjs.org/@testing-library%2fjest-dom cache-miss
479 http fetch GET 200 https://registry.npmjs.org/@testing-library%2fjest-dom 105ms (cache revalidated)
480 silly packumentCache full:https://registry.npmjs.org/@testing-library%2fjest-dom set size:438371 disposed:false
481 silly fetch manifest @testing-library/dom@>=10 <11
482 silly packumentCache full:https://registry.npmjs.org/@testing-library%2fdom cache-miss
483 http fetch GET 200 https://registry.npmjs.org/@testing-library%2fdom 115ms (cache revalidated)
484 silly packumentCache full:https://registry.npmjs.org/@testing-library%2fdom set size:1102739 disposed:false
485 silly fetch manifest vitest@>= 0.32
486 silly packumentCache full:https://registry.npmjs.org/vitest cache-miss
487 http fetch GET 200 https://registry.npmjs.org/vitest 124ms (cache revalidated)
488 silly packumentCache full:https://registry.npmjs.org/vitest set size:2263798 disposed:false
489 silly fetch manifest @edge-runtime/vm@*
490 silly packumentCache full:https://registry.npmjs.org/@edge-runtime%2fvm cache-miss
491 http fetch GET 200 https://registry.npmjs.org/@edge-runtime%2fvm 340ms (cache revalidated)
492 silly packumentCache full:https://registry.npmjs.org/@edge-runtime%2fvm set size:269934 disposed:false
493 silly fetch manifest @opentelemetry/api@^1.9.0
494 silly packumentCache full:https://registry.npmjs.org/@opentelemetry%2fapi cache-hit
495 silly fetch manifest @vitest/browser-playwright@5.0.1
496 silly packumentCache full:https://registry.npmjs.org/@vitest%2fbrowser-playwright cache-miss
497 http fetch GET 200 https://registry.npmjs.org/@vitest%2fbrowser-playwright 105ms (cache revalidated)
498 silly packumentCache full:https://registry.npmjs.org/@vitest%2fbrowser-playwright set size:157672 disposed:false
499 silly fetch manifest playwright@*
500 silly packumentCache full:https://registry.npmjs.org/playwright cache-miss
501 http fetch GET 200 https://registry.npmjs.org/playwright 313ms (cache revalidated)
502 silly packumentCache full:https://registry.npmjs.org/playwright set size:16763249 disposed:false
503 silly fetch manifest @vitest/browser-preview@5.0.1
504 silly packumentCache full:https://registry.npmjs.org/@vitest%2fbrowser-preview cache-miss
505 http fetch GET 200 https://registry.npmjs.org/@vitest%2fbrowser-preview 149ms (cache revalidated)
506 silly packumentCache full:https://registry.npmjs.org/@vitest%2fbrowser-preview set size:151356 disposed:false
507 silly fetch manifest @vitest/browser-webdriverio@^5.0.0-beta.5 || >=5.0.0
508 silly packumentCache full:https://registry.npmjs.org/@vitest%2fbrowser-webdriverio cache-miss
509 http fetch GET 200 https://registry.npmjs.org/@vitest%2fbrowser-webdriverio 98ms (cache revalidated)
510 silly packumentCache full:https://registry.npmjs.org/@vitest%2fbrowser-webdriverio set size:144024 disposed:false
511 silly fetch manifest webdriverio@*
512 silly packumentCache full:https://registry.npmjs.org/webdriverio cache-miss
513 http fetch GET 200 https://registry.npmjs.org/webdriverio 132ms (cache revalidated)
514 silly packumentCache full:https://registry.npmjs.org/webdriverio set size:3201031 disposed:false
515 silly fetch manifest puppeteer-core@>=22.x <=24.x
516 silly packumentCache full:https://registry.npmjs.org/puppeteer-core cache-miss
517 http fetch GET 200 https://registry.npmjs.org/puppeteer-core 174ms (cache revalidated)
518 silly packumentCache full:https://registry.npmjs.org/puppeteer-core set size:1585211 disposed:false
519 silly fetch manifest @vitest/coverage-istanbul@5.0.1
520 silly packumentCache full:https://registry.npmjs.org/@vitest%2fcoverage-istanbul cache-miss
521 http fetch GET 200 https://registry.npmjs.org/@vitest%2fcoverage-istanbul 119ms (cache revalidated)
522 silly packumentCache full:https://registry.npmjs.org/@vitest%2fcoverage-istanbul set size:712743 disposed:false
523 silly fetch manifest @vitest/coverage-v8@5.0.1
524 silly packumentCache full:https://registry.npmjs.org/@vitest%2fcoverage-v8 cache-miss
525 http fetch GET 200 https://registry.npmjs.org/@vitest%2fcoverage-v8 120ms (cache revalidated)
526 silly packumentCache full:https://registry.npmjs.org/@vitest%2fcoverage-v8 set size:549117 disposed:false
527 silly fetch manifest @vitest/browser@5.0.1
528 silly packumentCache full:https://registry.npmjs.org/@vitest%2fbrowser cache-miss
529 http fetch GET 200 https://registry.npmjs.org/@vitest%2fbrowser 131ms (cache revalidated)
530 silly packumentCache full:https://registry.npmjs.org/@vitest%2fbrowser set size:812499 disposed:false
531 silly fetch manifest @vitest/ui@5.0.1
532 silly packumentCache full:https://registry.npmjs.org/@vitest%2fui cache-miss
533 http fetch GET 200 https://registry.npmjs.org/@vitest%2fui 120ms (cache revalidated)
534 silly packumentCache full:https://registry.npmjs.org/@vitest%2fui set size:1299272 disposed:false
535 silly fetch manifest happy-dom@*
536 silly packumentCache full:https://registry.npmjs.org/happy-dom cache-miss
537 http fetch GET 200 https://registry.npmjs.org/happy-dom 127ms (cache revalidated)
538 silly packumentCache full:https://registry.npmjs.org/happy-dom set size:2551937 disposed:false
539 silly fetch manifest jsdom@*
540 silly packumentCache full:https://registry.npmjs.org/jsdom cache-miss
541 http fetch GET 200 https://registry.npmjs.org/jsdom 104ms (cache revalidated)
542 silly packumentCache full:https://registry.npmjs.org/jsdom set size:1079166 disposed:false
543 silly fetch manifest canvas@^3.2.3
544 silly packumentCache full:https://registry.npmjs.org/canvas cache-miss
545 http fetch GET 200 https://registry.npmjs.org/canvas 97ms (cache revalidated)
546 silly packumentCache full:https://registry.npmjs.org/canvas set size:353371 disposed:false
547 silly fetch manifest solid-js@^1.7.2
548 silly packumentCache full:https://registry.npmjs.org/solid-js cache-miss
549 http fetch GET 200 https://registry.npmjs.org/solid-js 121ms (cache revalidated)
550 silly packumentCache full:https://registry.npmjs.org/solid-js set size:2296203 disposed:false
551 silly fetch manifest webpack@>=5.92.0
552 silly packumentCache full:https://registry.npmjs.org/webpack cache-miss
553 http fetch GET 200 https://registry.npmjs.org/webpack 159ms (cache revalidated)
554 silly packumentCache full:https://registry.npmjs.org/webpack set size:5187916 disposed:false
555 silly fetch manifest class-variance-authority@^0.7.1
556 silly packumentCache full:https://registry.npmjs.org/class-variance-authority cache-miss
557 http fetch GET 200 https://registry.npmjs.org/class-variance-authority 104ms (cache revalidated)
558 silly packumentCache full:https://registry.npmjs.org/class-variance-authority set size:96388 disposed:false
559 silly fetch manifest clsx@^2.1.1
560 silly packumentCache full:https://registry.npmjs.org/clsx cache-miss
561 http fetch GET 200 https://registry.npmjs.org/clsx 92ms (cache revalidated)
562 silly packumentCache full:https://registry.npmjs.org/clsx set size:42506 disposed:false
563 silly fetch manifest cmdk@^1.1.1
564 silly packumentCache full:https://registry.npmjs.org/cmdk cache-miss
565 http fetch GET 200 https://registry.npmjs.org/cmdk 87ms (cache revalidated)
566 silly packumentCache full:https://registry.npmjs.org/cmdk set size:102891 disposed:false
567 silly fetch manifest date-fns@^4.1.0
568 silly packumentCache full:https://registry.npmjs.org/date-fns cache-miss
569 http fetch GET 200 https://registry.npmjs.org/date-fns 140ms (cache revalidated)
570 silly packumentCache full:https://registry.npmjs.org/date-fns set size:4144741 disposed:false
571 silly fetch manifest embla-carousel-react@^8.6.0
572 silly packumentCache full:https://registry.npmjs.org/embla-carousel-react cache-miss
573 http fetch GET 200 https://registry.npmjs.org/embla-carousel-react 94ms (cache revalidated)
574 silly packumentCache full:https://registry.npmjs.org/embla-carousel-react set size:401980 disposed:false
575 silly fetch manifest input-otp@^1.4.2
576 silly packumentCache full:https://registry.npmjs.org/input-otp cache-miss
577 http fetch GET 200 https://registry.npmjs.org/input-otp 95ms (cache revalidated)
578 silly packumentCache full:https://registry.npmjs.org/input-otp set size:95802 disposed:false
579 silly fetch manifest lucide-react@^0.575.0
580 silly packumentCache full:https://registry.npmjs.org/lucide-react cache-miss
581 http fetch GET 200 https://registry.npmjs.org/lucide-react 126ms (cache revalidated)
582 silly packumentCache full:https://registry.npmjs.org/lucide-react set size:2363638 disposed:false
583 silly fetch manifest react-day-picker@^9.14.0
584 silly packumentCache full:https://registry.npmjs.org/react-day-picker cache-miss
585 http fetch GET 200 https://registry.npmjs.org/react-day-picker 275ms (cache revalidated)
586 silly packumentCache full:https://registry.npmjs.org/react-day-picker set size:1169063 disposed:false
587 silly fetch manifest react-resizable-panels@^4.6.5
588 silly packumentCache full:https://registry.npmjs.org/react-resizable-panels cache-miss
589 http fetch GET 200 https://registry.npmjs.org/react-resizable-panels 121ms (cache revalidated)
590 silly packumentCache full:https://registry.npmjs.org/react-resizable-panels set size:835284 disposed:false
591 silly fetch manifest recharts@^2.15.4
592 silly packumentCache full:https://registry.npmjs.org/recharts cache-miss
593 http fetch GET 200 https://registry.npmjs.org/recharts 124ms (cache revalidated)
594 silly packumentCache full:https://registry.npmjs.org/recharts set size:1471572 disposed:false
595 silly fetch manifest sonner@^2.0.7
596 silly packumentCache full:https://registry.npmjs.org/sonner cache-miss
597 http fetch GET 200 https://registry.npmjs.org/sonner 122ms (cache revalidated)
598 silly packumentCache full:https://registry.npmjs.org/sonner set size:145761 disposed:false
599 silly fetch manifest tailwind-merge@^3.5.0
600 silly packumentCache full:https://registry.npmjs.org/tailwind-merge cache-miss
601 http fetch GET 200 https://registry.npmjs.org/tailwind-merge 140ms (cache revalidated)
602 silly packumentCache full:https://registry.npmjs.org/tailwind-merge set size:1792415 disposed:false
603 silly fetch manifest tailwindcss@^4.2.1
604 silly packumentCache full:https://registry.npmjs.org/tailwindcss cache-miss
605 http fetch GET 200 https://registry.npmjs.org/tailwindcss 242ms (cache revalidated)
606 silly packumentCache full:https://registry.npmjs.org/tailwindcss set size:10879261 disposed:false
607 silly fetch manifest tw-animate-css@^1.3.4
608 silly packumentCache full:https://registry.npmjs.org/tw-animate-css cache-miss
609 http fetch GET 200 https://registry.npmjs.org/tw-animate-css 104ms (cache revalidated)
610 silly packumentCache full:https://registry.npmjs.org/tw-animate-css set size:154570 disposed:false
611 silly fetch manifest vaul@^1.1.2
612 silly packumentCache full:https://registry.npmjs.org/vaul cache-miss
613 http fetch GET 200 https://registry.npmjs.org/vaul 94ms (cache revalidated)
614 silly packumentCache full:https://registry.npmjs.org/vaul set size:132229 disposed:false
615 silly fetch manifest vite-tsconfig-paths@^6.0.2
616 silly packumentCache full:https://registry.npmjs.org/vite-tsconfig-paths cache-miss
617 http fetch GET 200 https://registry.npmjs.org/vite-tsconfig-paths 106ms (cache revalidated)
618 silly packumentCache full:https://registry.npmjs.org/vite-tsconfig-paths set size:249930 disposed:false
619 silly fetch manifest @eslint/js@^9.32.0
620 silly packumentCache full:https://registry.npmjs.org/@eslint%2fjs cache-miss
621 http fetch GET 200 https://registry.npmjs.org/@eslint%2fjs 113ms (cache revalidated)
622 silly packumentCache full:https://registry.npmjs.org/@eslint%2fjs set size:141633 disposed:false
623 silly fetch manifest @lovable.dev/vite-tanstack-config@^2.20.0
624 silly packumentCache full:https://registry.npmjs.org/@lovable.dev%2fvite-tanstack-config cache-miss
625 http fetch GET 200 https://registry.npmjs.org/@lovable.dev%2fvite-tanstack-config 655ms (cache revalidated)
626 silly packumentCache full:https://registry.npmjs.org/@lovable.dev%2fvite-tanstack-config set size:444695 disposed:false
627 silly fetch manifest @tanstack/router-generator@>=1.121.0 <1.166.45 || >=1.166.49
628 silly packumentCache full:https://registry.npmjs.org/@tanstack%2frouter-generator cache-miss
629 http fetch GET 200 https://registry.npmjs.org/@tanstack%2frouter-generator 512ms (cache revalidated)
630 silly packumentCache full:https://registry.npmjs.org/@tanstack%2frouter-generator set size:1839393 disposed:false
631 silly fetch manifest @vitejs/plugin-react@^5.2.0
632 silly packumentCache full:https://registry.npmjs.org/@vitejs%2fplugin-react cache-miss
633 http fetch GET 200 https://registry.npmjs.org/@vitejs%2fplugin-react 323ms (cache revalidated)
634 silly packumentCache full:https://registry.npmjs.org/@vitejs%2fplugin-react set size:284195 disposed:false
635 silly fetch manifest nitro@3.0.260603-beta
636 silly packumentCache full:https://registry.npmjs.org/nitro cache-miss
637 http fetch GET 200 https://registry.npmjs.org/nitro 321ms (cache revalidated)
638 silly packumentCache full:https://registry.npmjs.org/nitro set size:700975 disposed:false
639 silly fetch manifest @vercel/queue@^0.2.0
640 silly packumentCache full:https://registry.npmjs.org/@vercel%2fqueue cache-miss
641 http fetch GET 200 https://registry.npmjs.org/@vercel%2fqueue 898ms (cache revalidated)
642 silly packumentCache full:https://registry.npmjs.org/@vercel%2fqueue set size:192558 disposed:false
643 silly fetch manifest dotenv@*
644 silly packumentCache full:https://registry.npmjs.org/dotenv cache-miss
645 http fetch GET 200 https://registry.npmjs.org/dotenv 106ms (cache revalidated)
646 silly packumentCache full:https://registry.npmjs.org/dotenv set size:279267 disposed:false
647 silly fetch manifest giget@*
648 silly packumentCache full:https://registry.npmjs.org/giget cache-miss
649 http fetch GET 200 https://registry.npmjs.org/giget 104ms (cache revalidated)
650 silly packumentCache full:https://registry.npmjs.org/giget set size:102437 disposed:false
651 silly fetch manifest rollup@^4.60.4
652 silly packumentCache full:https://registry.npmjs.org/rollup cache-miss
653 http fetch GET 200 https://registry.npmjs.org/rollup 187ms (cache revalidated)
654 silly packumentCache full:https://registry.npmjs.org/rollup set size:6340761 disposed:false
655 silly fetch manifest xml2js@^0.6.2
656 silly packumentCache full:https://registry.npmjs.org/xml2js cache-miss
657 http fetch GET 200 https://registry.npmjs.org/xml2js 108ms (cache revalidated)
658 silly packumentCache full:https://registry.npmjs.org/xml2js set size:198018 disposed:false
659 silly fetch manifest zephyr-agent@^0.2.0
660 silly packumentCache full:https://registry.npmjs.org/zephyr-agent cache-miss
661 http fetch GET 200 https://registry.npmjs.org/zephyr-agent 293ms (cache revalidated)
662 silly packumentCache full:https://registry.npmjs.org/zephyr-agent set size:864920 disposed:false
663 silly fetch manifest https-proxy-agent@^7.0.6
664 silly packumentCache full:https://registry.npmjs.org/https-proxy-agent cache-miss
665 http fetch GET 200 https://registry.npmjs.org/https-proxy-agent 165ms (cache revalidated)
666 silly packumentCache full:https://registry.npmjs.org/https-proxy-agent set size:83792 disposed:false
667 silly fetch manifest drizzle-kit@^0.31.10
668 silly packumentCache full:https://registry.npmjs.org/drizzle-kit cache-miss
669 http fetch GET 200 https://registry.npmjs.org/drizzle-kit 149ms (cache revalidated)
670 silly packumentCache full:https://registry.npmjs.org/drizzle-kit set size:2760982 disposed:false
671 silly fetch manifest drizzle-orm@^0.45.2
672 silly packumentCache full:https://registry.npmjs.org/drizzle-orm cache-miss
673 http fetch GET 200 https://registry.npmjs.org/drizzle-orm 1021ms (cache revalidated)
674 silly packumentCache full:https://registry.npmjs.org/drizzle-orm set size:64473358 disposed:false
675 silly fetch manifest @aws-sdk/client-rds-data@>=3
676 silly packumentCache full:https://registry.npmjs.org/@aws-sdk%2fclient-rds-data cache-miss
677 http fetch GET 200 https://registry.npmjs.org/@aws-sdk%2fclient-rds-data 183ms (cache revalidated)
678 silly packumentCache full:https://registry.npmjs.org/@aws-sdk%2fclient-rds-data set size:3046355 disposed:false
679 silly fetch manifest @cloudflare/workers-types@>=4
680 silly packumentCache full:https://registry.npmjs.org/@cloudflare%2fworkers-types cache-miss
681 http fetch GET 200 https://registry.npmjs.org/@cloudflare%2fworkers-types 266ms (cache updated)
682 silly packumentCache full:https://registry.npmjs.org/@cloudflare%2fworkers-types set size:undefined disposed:false
683 silly fetch manifest @electric-sql/pglite@>=0.2.0
684 silly packumentCache full:https://registry.npmjs.org/@electric-sql%2fpglite cache-miss
685 http fetch GET 200 https://registry.npmjs.org/@electric-sql%2fpglite 137ms (cache revalidated)
686 silly packumentCache full:https://registry.npmjs.org/@electric-sql%2fpglite set size:367325 disposed:false
687 silly fetch manifest @libsql/client@>=0.10.0
688 silly packumentCache full:https://registry.npmjs.org/@libsql%2fclient cache-miss
689 http fetch GET 200 https://registry.npmjs.org/@libsql%2fclient 121ms (cache revalidated)
690 silly packumentCache full:https://registry.npmjs.org/@libsql%2fclient set size:396230 disposed:false
691 silly fetch manifest @libsql/client-wasm@>=0.10.0
692 silly packumentCache full:https://registry.npmjs.org/@libsql%2fclient-wasm cache-miss
693 http fetch GET 200 https://registry.npmjs.org/@libsql%2fclient-wasm 329ms (cache revalidated)
694 silly packumentCache full:https://registry.npmjs.org/@libsql%2fclient-wasm set size:151333 disposed:false
695 silly fetch manifest @neondatabase/serverless@>=0.10.0
696 silly packumentCache full:https://registry.npmjs.org/@neondatabase%2fserverless cache-miss
697 http fetch GET 200 https://registry.npmjs.org/@neondatabase%2fserverless 260ms (cache revalidated)
698 silly packumentCache full:https://registry.npmjs.org/@neondatabase%2fserverless set size:178582 disposed:false
699 silly fetch manifest @op-engineering/op-sqlite@>=2
700 silly packumentCache full:https://registry.npmjs.org/@op-engineering%2fop-sqlite cache-miss
701 http fetch GET 200 https://registry.npmjs.org/@op-engineering%2fop-sqlite 260ms (cache revalidated)
702 silly packumentCache full:https://registry.npmjs.org/@op-engineering%2fop-sqlite set size:572467 disposed:false
703 silly fetch manifest @sqlite.org/sqlite-wasm@*
704 silly packumentCache full:https://registry.npmjs.org/@sqlite.org%2fsqlite-wasm cache-miss
705 http fetch GET 200 https://registry.npmjs.org/@sqlite.org%2fsqlite-wasm 127ms (cache revalidated)
706 silly packumentCache full:https://registry.npmjs.org/@sqlite.org%2fsqlite-wasm set size:235207 disposed:false
707 silly fetch manifest react-native@*
708 silly packumentCache full:https://registry.npmjs.org/react-native cache-miss
709 http fetch GET 200 https://registry.npmjs.org/react-native 315ms (cache revalidated)
710 silly packumentCache full:https://registry.npmjs.org/react-native set size:15838448 disposed:false
711 silly fetch manifest @opentelemetry/api@^1.4.1
712 silly packumentCache full:https://registry.npmjs.org/@opentelemetry%2fapi cache-hit
713 silly fetch manifest @planetscale/database@>=1.13
714 silly packumentCache full:https://registry.npmjs.org/@planetscale%2fdatabase cache-miss
715 http fetch GET 200 https://registry.npmjs.org/@planetscale%2fdatabase 152ms (cache revalidated)
716 silly packumentCache full:https://registry.npmjs.org/@planetscale%2fdatabase set size:131439 disposed:false
717 silly fetch manifest @prisma/client@*
718 silly packumentCache full:https://registry.npmjs.org/@prisma%2fclient cache-miss
719 http fetch GET 200 https://registry.npmjs.org/@prisma%2fclient 1329ms (cache revalidated)
720 silly packumentCache full:https://registry.npmjs.org/@prisma%2fclient set size:68510937 disposed:false
721 silly fetch manifest prisma@*
722 silly packumentCache full:https://registry.npmjs.org/prisma cache-miss
723 http fetch GET 200 https://registry.npmjs.org/prisma 703ms (cache revalidated)
724 silly packumentCache full:https://registry.npmjs.org/prisma set size:43875150 disposed:false
725 silly fetch manifest @tidbcloud/serverless@*
726 silly packumentCache full:https://registry.npmjs.org/@tidbcloud%2fserverless cache-miss
727 http fetch GET 200 https://registry.npmjs.org/@tidbcloud%2fserverless 277ms (cache revalidated)
728 silly packumentCache full:https://registry.npmjs.org/@tidbcloud%2fserverless set size:51334 disposed:false
729 silly fetch manifest @types/better-sqlite3@*
730 silly packumentCache full:https://registry.npmjs.org/@types%2fbetter-sqlite3 cache-miss
731 http fetch GET 200 https://registry.npmjs.org/@types%2fbetter-sqlite3 99ms (cache revalidated)
732 silly packumentCache full:https://registry.npmjs.org/@types%2fbetter-sqlite3 set size:85227 disposed:false
733 silly fetch manifest @types/pg@*
734 silly packumentCache full:https://registry.npmjs.org/@types%2fpg cache-miss
735 http fetch GET 200 https://registry.npmjs.org/@types%2fpg 102ms (cache revalidated)
736 silly packumentCache full:https://registry.npmjs.org/@types%2fpg set size:208301 disposed:false
737 silly fetch manifest @types/sql.js@*
738 silly packumentCache full:https://registry.npmjs.org/@types%2fsql.js cache-miss
739 http fetch GET 200 https://registry.npmjs.org/@types%2fsql.js 102ms (cache revalidated)
740 silly packumentCache full:https://registry.npmjs.org/@types%2fsql.js set size:50269 disposed:false
741 silly fetch manifest @upstash/redis@>=1.34.7
742 silly packumentCache full:https://registry.npmjs.org/@upstash%2fredis cache-miss
743 http fetch GET 200 https://registry.npmjs.org/@upstash%2fredis 643ms (cache updated)
744 silly packumentCache full:https://registry.npmjs.org/@upstash%2fredis set size:undefined disposed:false
745 silly fetch manifest @vercel/postgres@>=0.8.0
746 silly packumentCache full:https://registry.npmjs.org/@vercel%2fpostgres cache-miss
747 http fetch GET 200 https://registry.npmjs.org/@vercel%2fpostgres 146ms (cache revalidated)
748 silly packumentCache full:https://registry.npmjs.org/@vercel%2fpostgres set size:247779 disposed:false
749 silly fetch manifest @xata.io/client@*
750 silly packumentCache full:https://registry.npmjs.org/@xata.io%2fclient cache-miss
751 http fetch GET 200 https://registry.npmjs.org/@xata.io%2fclient 467ms (cache revalidated)
752 silly packumentCache full:https://registry.npmjs.org/@xata.io%2fclient set size:11854695 disposed:false
753 silly fetch manifest better-sqlite3@>=7
754 silly packumentCache full:https://registry.npmjs.org/better-sqlite3 cache-miss
755 http fetch GET 200 https://registry.npmjs.org/better-sqlite3 107ms (cache revalidated)
756 silly packumentCache full:https://registry.npmjs.org/better-sqlite3 set size:393419 disposed:false
757 silly fetch manifest bun-types@*
758 silly packumentCache full:https://registry.npmjs.org/bun-types cache-miss
759 http fetch GET 200 https://registry.npmjs.org/bun-types 133ms (cache revalidated)
760 silly packumentCache full:https://registry.npmjs.org/bun-types set size:2494903 disposed:false
761 silly fetch manifest expo-sqlite@>=14.0.0
762 silly packumentCache full:https://registry.npmjs.org/expo-sqlite cache-miss
763 http fetch GET 200 https://registry.npmjs.org/expo-sqlite 174ms (cache revalidated)
764 silly packumentCache full:https://registry.npmjs.org/expo-sqlite set size:1085806 disposed:false
765 silly fetch manifest expo@*
766 silly packumentCache full:https://registry.npmjs.org/expo cache-miss
767 http fetch GET 200 https://registry.npmjs.org/expo 319ms (cache updated)
768 silly packumentCache full:https://registry.npmjs.org/expo set size:undefined disposed:false
769 silly fetch manifest @expo/metro-runtime@*
770 silly packumentCache full:https://registry.npmjs.org/@expo%2fmetro-runtime cache-miss
771 http fetch GET 200 https://registry.npmjs.org/@expo%2fmetro-runtime 148ms (cache revalidated)
772 silly packumentCache full:https://registry.npmjs.org/@expo%2fmetro-runtime set size:841779 disposed:false
773 silly fetch manifest react-native-web@*
774 silly packumentCache full:https://registry.npmjs.org/react-native-web cache-miss
775 http fetch GET 200 https://registry.npmjs.org/react-native-web 122ms (cache revalidated)
776 silly packumentCache full:https://registry.npmjs.org/react-native-web set size:1090463 disposed:false
777 silly fetch manifest react-native-webview@*
778 silly packumentCache full:https://registry.npmjs.org/react-native-webview cache-miss
779 http fetch GET 200 https://registry.npmjs.org/react-native-webview 124ms (cache revalidated)
780 silly packumentCache full:https://registry.npmjs.org/react-native-webview set size:1379763 disposed:false
781 silly fetch manifest gel@>=2
782 silly packumentCache full:https://registry.npmjs.org/gel cache-miss
783 http fetch GET 200 https://registry.npmjs.org/gel 114ms (cache revalidated)
784 silly packumentCache full:https://registry.npmjs.org/gel set size:251246 disposed:false
785 silly fetch manifest knex@*
786 silly packumentCache full:https://registry.npmjs.org/knex cache-miss
787 http fetch GET 200 https://registry.npmjs.org/knex 304ms (cache revalidated)
788 silly packumentCache full:https://registry.npmjs.org/knex set size:1362381 disposed:false
789 silly fetch manifest pg-query-stream@^4.14.0
790 silly packumentCache full:https://registry.npmjs.org/pg-query-stream cache-miss
791 http fetch GET 200 https://registry.npmjs.org/pg-query-stream 102ms (cache revalidated)
792 silly packumentCache full:https://registry.npmjs.org/pg-query-stream set size:189102 disposed:false
793 silly fetch manifest pg@^8
794 silly packumentCache full:https://registry.npmjs.org/pg cache-miss
795 http fetch GET 200 https://registry.npmjs.org/pg 125ms (cache revalidated)
796 silly packumentCache full:https://registry.npmjs.org/pg set size:482398 disposed:false
797 silly fetch manifest pg-native@>=3.0.1
798 silly packumentCache full:https://registry.npmjs.org/pg-native cache-miss
799 http fetch GET 200 https://registry.npmjs.org/pg-native 107ms (cache revalidated)
800 silly packumentCache full:https://registry.npmjs.org/pg-native set size:94559 disposed:false
801 silly fetch manifest kysely@*
802 silly packumentCache full:https://registry.npmjs.org/kysely cache-miss
803 http fetch GET 200 https://registry.npmjs.org/kysely 288ms (cache revalidated)
804 silly packumentCache full:https://registry.npmjs.org/kysely set size:748393 disposed:false
805 silly fetch manifest mysql2@>=2
806 silly packumentCache full:https://registry.npmjs.org/mysql2 cache-miss
807 http fetch GET 200 https://registry.npmjs.org/mysql2 138ms (cache revalidated)
808 silly packumentCache full:https://registry.npmjs.org/mysql2 set size:1007591 disposed:false
809 silly fetch manifest postgres@^3.4.9
810 silly packumentCache full:https://registry.npmjs.org/postgres cache-miss
811 http fetch GET 200 https://registry.npmjs.org/postgres 100ms (cache revalidated)
812 silly packumentCache full:https://registry.npmjs.org/postgres set size:185872 disposed:false
813 silly fetch manifest sql.js@>=1
814 silly packumentCache full:https://registry.npmjs.org/sql.js cache-miss
815 http fetch GET 200 https://registry.npmjs.org/sql.js 101ms (cache revalidated)
816 silly packumentCache full:https://registry.npmjs.org/sql.js set size:129060 disposed:false
817 silly fetch manifest sqlite3@>=5
818 silly packumentCache full:https://registry.npmjs.org/sqlite3 cache-miss
819 http fetch GET 200 https://registry.npmjs.org/sqlite3 124ms (cache revalidated)
820 silly packumentCache full:https://registry.npmjs.org/sqlite3 set size:330693 disposed:false
821 silly fetch manifest eslint@^9.32.0
822 silly packumentCache full:https://registry.npmjs.org/eslint cache-miss
823 http fetch GET 200 https://registry.npmjs.org/eslint 117ms (cache revalidated)
824 silly packumentCache full:https://registry.npmjs.org/eslint set size:2077457 disposed:false
825 silly fetch manifest jiti@*
826 silly packumentCache full:https://registry.npmjs.org/jiti cache-hit
827 silly fetch manifest eslint-config-prettier@^10.1.1
828 silly packumentCache full:https://registry.npmjs.org/eslint-config-prettier cache-miss
829 http fetch GET 200 https://registry.npmjs.org/eslint-config-prettier 126ms (cache revalidated)
830 silly packumentCache full:https://registry.npmjs.org/eslint-config-prettier set size:231551 disposed:false
831 silly fetch manifest eslint-plugin-prettier@^5.2.6
832 silly packumentCache full:https://registry.npmjs.org/eslint-plugin-prettier cache-miss
833 http fetch GET 200 https://registry.npmjs.org/eslint-plugin-prettier 115ms (cache revalidated)
834 silly packumentCache full:https://registry.npmjs.org/eslint-plugin-prettier set size:192534 disposed:false
835 silly fetch manifest @types/eslint@>=8.0.0
836 silly packumentCache full:https://registry.npmjs.org/@types%2feslint cache-miss
837 http fetch GET 200 https://registry.npmjs.org/@types%2feslint 124ms (cache revalidated)
838 silly packumentCache full:https://registry.npmjs.org/@types%2feslint set size:220085 disposed:false
839 silly fetch manifest prettier@^3.7.3
840 silly packumentCache full:https://registry.npmjs.org/prettier cache-miss
841 http fetch GET 200 https://registry.npmjs.org/prettier 109ms (cache revalidated)
842 silly packumentCache full:https://registry.npmjs.org/prettier set size:728496 disposed:false
843 silly fetch manifest eslint-plugin-react-hooks@^5.2.0
844 silly packumentCache full:https://registry.npmjs.org/eslint-plugin-react-hooks cache-miss
845 http fetch GET 200 https://registry.npmjs.org/eslint-plugin-react-hooks 208ms (cache revalidated)
846 silly packumentCache full:https://registry.npmjs.org/eslint-plugin-react-hooks set size:7817580 disposed:false
847 silly fetch manifest eslint-plugin-react-refresh@^0.4.20
848 silly packumentCache full:https://registry.npmjs.org/eslint-plugin-react-refresh cache-miss
849 http fetch GET 200 https://registry.npmjs.org/eslint-plugin-react-refresh 115ms (cache revalidated)
850 silly packumentCache full:https://registry.npmjs.org/eslint-plugin-react-refresh set size:102629 disposed:false
851 silly fetch manifest globals@^15.15.0
852 silly packumentCache full:https://registry.npmjs.org/globals cache-miss
853 http fetch GET 200 https://registry.npmjs.org/globals 105ms (cache revalidated)
854 silly packumentCache full:https://registry.npmjs.org/globals set size:338968 disposed:false
855 silly fetch manifest jiti@^2.7.0
856 silly packumentCache full:https://registry.npmjs.org/jiti cache-hit
857 silly fetch manifest typescript-eslint@^8.56.1
858 silly packumentCache full:https://registry.npmjs.org/typescript-eslint cache-miss
859 http fetch GET 200 https://registry.npmjs.org/typescript-eslint 166ms (cache revalidated)
860 silly packumentCache full:https://registry.npmjs.org/typescript-eslint set size:4717763 disposed:false
861 silly placeDep ROOT @eslint/js@9.39.5 OK for:  want: ^9.32.0
862 silly placeDep ROOT @hookform/resolvers@5.9.1 OK for:  want: ^5.2.2
863 silly placeDep ROOT react-hook-form@7.88.0 OK for: @hookform/resolvers@5.9.1 want: ^7.55.0
864 silly placeDep ROOT react@19.3.0 OK for: react-hook-form@7.88.0 want: ^16.8.0 || ^17 || ^18 || ^19
865 silly placeDep ROOT @lovable.dev/vite-tanstack-config@2.23.0 OK for:  want: ^2.20.0
866 silly placeDep ROOT vite@8.1.5 OK for: @lovable.dev/vite-tanstack-config@2.23.0 want: >=5.0.0 <9.0.0
867 silly placeDep ROOT @tailwindcss/vite@4.3.3 OK for: @lovable.dev/vite-tanstack-config@2.23.0 want: >=4.0.0
868 silly placeDep ROOT vite-tsconfig-paths@6.1.1 OK for: @lovable.dev/vite-tanstack-config@2.23.0 want: >=6.0.0
869 silly placeDep ROOT @vitejs/plugin-react@5.2.0 OK for: @lovable.dev/vite-tanstack-config@2.23.0 want: >=4.0.0
870 silly placeDep ROOT @tanstack/react-start@1.168.32 OK for: @lovable.dev/vite-tanstack-config@2.23.0 want: >=1.100.0
871 silly placeDep ROOT react-dom@19.3.0 OK for: @tanstack/react-start@1.168.32 want: >=18.0.0 || >=19.0.0
872 silly placeDep ROOT @radix-ui/react-accordion@1.2.20 OK for:  want: ^1.2.12
873 silly placeDep ROOT @radix-ui/react-alert-dialog@1.1.23 OK for:  want: ^1.1.15
874 silly placeDep ROOT @radix-ui/react-aspect-ratio@1.1.15 OK for:  want: ^1.1.8
875 silly placeDep ROOT @radix-ui/react-avatar@1.2.6 OK for:  want: ^1.1.11
876 silly placeDep ROOT @radix-ui/react-checkbox@1.3.11 OK for:  want: ^1.3.3
877 silly placeDep ROOT @radix-ui/react-collapsible@1.1.20 OK for:  want: ^1.1.12
878 silly placeDep ROOT @radix-ui/react-context-menu@2.3.7 OK for:  want: ^2.2.16
879 silly placeDep ROOT @radix-ui/react-dialog@1.1.23 OK for:  want: ^1.1.15
880 silly placeDep ROOT @radix-ui/react-dropdown-menu@2.1.24 OK for:  want: ^2.1.16
881 silly placeDep ROOT @radix-ui/react-hover-card@1.1.23 OK for:  want: ^1.1.15
882 silly placeDep ROOT @radix-ui/react-label@2.1.15 OK for:  want: ^2.1.8
883 silly placeDep ROOT @radix-ui/react-menubar@1.1.24 OK for:  want: ^1.1.16
884 silly placeDep ROOT @radix-ui/react-navigation-menu@1.2.22 OK for:  want: ^1.2.14
885 silly placeDep ROOT @radix-ui/react-popover@1.1.23 OK for:  want: ^1.1.15
886 silly placeDep ROOT @radix-ui/react-progress@1.1.16 OK for:  want: ^1.1.8
887 silly placeDep ROOT @radix-ui/react-radio-group@1.4.7 OK for:  want: ^1.3.8
888 silly placeDep ROOT @radix-ui/react-scroll-area@1.2.18 OK for:  want: ^1.2.10
889 silly placeDep ROOT @radix-ui/react-select@2.3.7 OK for:  want: ^2.2.6
890 silly placeDep ROOT @radix-ui/react-separator@1.1.15 OK for:  want: ^1.1.8
891 silly placeDep ROOT @radix-ui/react-slider@1.4.7 OK for:  want: ^1.3.6
892 silly placeDep ROOT @radix-ui/react-slot@1.3.3 OK for:  want: ^1.2.4
893 silly placeDep ROOT @radix-ui/react-switch@1.3.7 OK for:  want: ^1.2.6
894 silly placeDep ROOT @radix-ui/react-tabs@1.1.21 OK for:  want: ^1.1.13
895 silly placeDep ROOT @radix-ui/react-toggle@1.1.18 OK for:  want: ^1.1.10
896 silly placeDep ROOT @radix-ui/react-toggle-group@1.1.19 OK for:  want: ^1.1.11
897 silly placeDep ROOT @radix-ui/react-tooltip@1.2.16 OK for:  want: ^1.2.8
898 silly placeDep ROOT @supabase/supabase-js@2.116.0 OK for:  want: ^2.116.0
899 silly placeDep ROOT @tanstack/react-query@5.103.1 OK for:  want: ^5.101.1
900 silly placeDep ROOT @tanstack/react-router@1.170.18 OK for:  want: 1.170.18
901 silly placeDep ROOT @tanstack/router-plugin@1.168.23 OK for:  want: 1.168.23
902 silly placeDep ROOT @types/node@22.20.3 OK for:  want: ^22.16.5
903 silly placeDep ROOT @types/react@19.3.0 OK for:  want: ^19.2.0
904 silly placeDep ROOT @types/react-dom@19.3.0 OK for:  want: ^19.2.0
905 silly placeDep ROOT class-variance-authority@0.7.1 OK for:  want: ^0.7.1
906 silly placeDep ROOT clsx@2.1.1 OK for:  want: ^2.1.1
907 silly placeDep ROOT cmdk@1.1.1 OK for:  want: ^1.1.1
908 silly placeDep ROOT date-fns@4.4.0 OK for:  want: ^4.1.0
909 silly placeDep ROOT drizzle-kit@0.31.10 OK for:  want: ^0.31.10
910 silly placeDep ROOT drizzle-orm@0.45.2 OK for:  want: ^0.45.2
911 silly placeDep ROOT embla-carousel-react@8.6.0 OK for:  want: ^8.6.0
912 silly placeDep ROOT eslint@9.39.5 OK for:  want: ^9.32.0
913 silly placeDep ROOT eslint-config-prettier@10.1.8 OK for:  want: ^10.1.1
914 silly placeDep ROOT eslint-plugin-prettier@5.5.6 OK for:  want: ^5.2.6
915 silly placeDep ROOT prettier@3.9.8 OK for: eslint-plugin-prettier@5.5.6 want: >=3.0.0
916 silly placeDep ROOT eslint-plugin-react-hooks@5.2.0 OK for:  want: ^5.2.0
917 silly placeDep ROOT eslint-plugin-react-refresh@0.4.26 OK for:  want: ^0.4.20
918 silly placeDep ROOT globals@15.15.0 OK for:  want: ^15.15.0
919 silly placeDep ROOT input-otp@1.5.0 OK for:  want: ^1.4.2
920 silly placeDep ROOT lucide-react@0.575.0 OK for:  want: ^0.575.0
921 silly placeDep ROOT nitro@3.0.260603-beta OK for:  want: 3.0.260603-beta
922 silly placeDep ROOT postgres@3.4.9 OK for:  want: ^3.4.9
923 silly placeDep ROOT react-day-picker@9.14.0 OK for:  want: ^9.14.0
924 silly placeDep ROOT react-resizable-panels@4.12.4 OK for:  want: ^4.6.5
925 silly placeDep ROOT recharts@2.15.4 OK for:  want: ^2.15.4
926 silly placeDep ROOT sonner@2.0.8 OK for:  want: ^2.0.7
927 silly placeDep ROOT tailwind-merge@3.7.0 OK for:  want: ^3.5.0
928 silly placeDep ROOT tailwindcss@4.3.3 OK for:  want: ^4.2.1
929 silly placeDep ROOT tw-animate-css@1.4.0 OK for:  want: ^1.3.4
930 silly placeDep ROOT typescript@5.9.3 OK for:  want: ^5.8.3
931 silly placeDep ROOT typescript-eslint@8.70.0 OK for:  want: ^8.56.1
932 silly placeDep ROOT vaul@1.1.2 OK for:  want: ^1.1.2
933 silly placeDep ROOT zod@3.25.76 OK for:  want: ^3.25.76
934 silly fetch manifest @standard-schema/utils@^0.3.0
935 silly packumentCache full:https://registry.npmjs.org/@standard-schema%2futils cache-miss
936 silly fetch manifest lightningcss@^1.30.0
937 silly packumentCache full:https://registry.npmjs.org/lightningcss cache-miss
938 silly fetch manifest @tanstack/devtools-vite@^0.8.1
939 silly packumentCache full:https://registry.npmjs.org/@tanstack%2fdevtools-vite cache-miss
940 silly fetch manifest pathe@^2.0.3
941 silly packumentCache full:https://registry.npmjs.org/pathe cache-miss
942 silly fetch manifest @tanstack/router-utils@1.162.2
943 silly packumentCache full:https://registry.npmjs.org/@tanstack%2frouter-utils cache-miss
944 silly fetch manifest @tanstack/react-start-rsc@0.1.31
945 silly packumentCache full:https://registry.npmjs.org/@tanstack%2freact-start-rsc cache-miss
946 silly fetch manifest @tanstack/start-client-core@1.170.14
947 silly packumentCache full:https://registry.npmjs.org/@tanstack%2fstart-client-core cache-miss
948 http fetch GET 200 https://registry.npmjs.org/@standard-schema%2futils 233ms (cache revalidated)
949 silly packumentCache full:https://registry.npmjs.org/@standard-schema%2futils set size:15545 disposed:false
950 silly fetch manifest @tanstack/start-plugin-core@1.171.24
951 silly packumentCache full:https://registry.npmjs.org/@tanstack%2fstart-plugin-core cache-miss
952 http fetch GET 200 https://registry.npmjs.org/pathe 469ms (cache revalidated)
953 silly packumentCache full:https://registry.npmjs.org/pathe set size:68788 disposed:false
954 silly fetch manifest @tanstack/start-server-core@1.169.17
955 silly packumentCache full:https://registry.npmjs.org/@tanstack%2fstart-server-core cache-miss
956 http fetch GET 200 https://registry.npmjs.org/lightningcss 510ms (cache revalidated)
957 silly packumentCache full:https://registry.npmjs.org/lightningcss set size:191065 disposed:false
958 silly fetch manifest @tanstack/react-start-client@1.168.16
959 silly packumentCache full:https://registry.npmjs.org/@tanstack%2freact-start-client cache-miss
960 http fetch GET 200 https://registry.npmjs.org/@tanstack%2frouter-utils 577ms (cache revalidated)
961 silly packumentCache full:https://registry.npmjs.org/@tanstack%2frouter-utils set size:148723 disposed:false
962 silly fetch manifest @tanstack/react-start-server@1.167.22
963 silly packumentCache full:https://registry.npmjs.org/@tanstack%2freact-start-server cache-miss
964 http fetch GET 200 https://registry.npmjs.org/@tanstack%2fstart-plugin-core 694ms (cache revalidated)
965 silly packumentCache full:https://registry.npmjs.org/@tanstack%2fstart-plugin-core set size:2312398 disposed:false
966 silly fetch manifest scheduler@^0.28.0
967 silly packumentCache full:https://registry.npmjs.org/scheduler cache-miss
968 http fetch GET 200 https://registry.npmjs.org/@tanstack%2freact-start-rsc 1079ms (cache revalidated)
969 silly packumentCache full:https://registry.npmjs.org/@tanstack%2freact-start-rsc set size:476157 disposed:false
970 silly fetch manifest @babel/core@^7.29.0
971 silly packumentCache full:https://registry.npmjs.org/@babel%2fcore cache-miss
972 http fetch GET 200 https://registry.npmjs.org/@tanstack%2fdevtools-vite 1123ms (cache revalidated)
973 silly packumentCache full:https://registry.npmjs.org/@tanstack%2fdevtools-vite set size:124452 disposed:false
974 silly fetch manifest react-refresh@^0.18.0
975 silly packumentCache full:https://registry.npmjs.org/react-refresh cache-miss
976 http fetch GET 200 https://registry.npmjs.org/@tanstack%2fstart-client-core 1133ms (cache revalidated)
977 silly packumentCache full:https://registry.npmjs.org/@tanstack%2fstart-client-core set size:1320663 disposed:false
978 silly fetch manifest @types/babel__core@^7.20.5
979 silly packumentCache full:https://registry.npmjs.org/@types%2fbabel__core cache-miss
980 http fetch GET 200 https://registry.npmjs.org/@tanstack%2freact-start-client 701ms (cache revalidated)
981 silly packumentCache full:https://registry.npmjs.org/@tanstack%2freact-start-client set size:1568306 disposed:false
982 silly fetch manifest @rolldown/pluginutils@1.0.0-rc.3
983 silly packumentCache full:https://registry.npmjs.org/@rolldown%2fpluginutils cache-miss
984 http fetch GET 200 https://registry.npmjs.org/@tanstack%2freact-start-server 770ms (cache revalidated)
985 silly packumentCache full:https://registry.npmjs.org/@tanstack%2freact-start-server set size:1758560 disposed:false
986 silly fetch manifest @babel/plugin-transform-react-jsx-self@^7.27.1
987 silly packumentCache full:https://registry.npmjs.org/@babel%2fplugin-transform-react-jsx-self cache-miss
988 http fetch GET 200 https://registry.npmjs.org/@tanstack%2fstart-server-core 980ms (cache revalidated)
989 silly packumentCache full:https://registry.npmjs.org/@tanstack%2fstart-server-core set size:1543736 disposed:false
990 silly fetch manifest @babel/plugin-transform-react-jsx-source@^7.27.1
991 silly packumentCache full:https://registry.npmjs.org/@babel%2fplugin-transform-react-jsx-source cache-miss
992 http fetch GET 200 https://registry.npmjs.org/@rolldown%2fpluginutils 278ms (cache revalidated)
993 silly packumentCache full:https://registry.npmjs.org/@rolldown%2fpluginutils set size:300388 disposed:false
994 silly fetch manifest debug@^4.1.1
995 silly packumentCache full:https://registry.npmjs.org/debug cache-miss
996 http fetch GET 200 https://registry.npmjs.org/@types%2fbabel__core 412ms (cache revalidated)
997 silly packumentCache full:https://registry.npmjs.org/@types%2fbabel__core set size:88676 disposed:false
998 silly fetch manifest globrex@^0.1.2
999 silly packumentCache full:https://registry.npmjs.org/globrex cache-miss
1000 http fetch GET 200 https://registry.npmjs.org/@babel%2fcore 546ms (cache revalidated)
1001 silly packumentCache full:https://registry.npmjs.org/@babel%2fcore set size:792733 disposed:false
1002 silly fetch manifest tsconfck@^3.0.3
1003 silly packumentCache full:https://registry.npmjs.org/tsconfck cache-miss
1004 http fetch GET 200 https://registry.npmjs.org/scheduler 738ms (cache revalidated)
1005 silly packumentCache full:https://registry.npmjs.org/scheduler set size:5772302 disposed:false
1006 silly fetch manifest tailwindcss@4.3.3
1007 silly packumentCache full:https://registry.npmjs.org/tailwindcss cache-miss
1008 http fetch GET 200 https://registry.npmjs.org/react-refresh 999ms (cache revalidated)
1009 silly packumentCache full:https://registry.npmjs.org/react-refresh set size:6635613 disposed:false
1010 silly fetch manifest @tailwindcss/node@4.3.3
1011 silly packumentCache full:https://registry.npmjs.org/@tailwindcss%2fnode cache-miss
1012 http fetch GET 200 https://registry.npmjs.org/@babel%2fplugin-transform-react-jsx-self 1134ms (cache revalidated)
1013 silly packumentCache full:https://registry.npmjs.org/@babel%2fplugin-transform-react-jsx-self set size:200274 disposed:false
1014 silly fetch manifest @tailwindcss/oxide@4.3.3
1015 silly packumentCache full:https://registry.npmjs.org/@tailwindcss%2foxide cache-miss
1016 http cache https://registry.npmjs.org/tailwindcss 592ms (cache hit)
1017 silly packumentCache full:https://registry.npmjs.org/tailwindcss set size:10879261 disposed:false
1018 silly fetch manifest postcss@^8.5.17
1019 silly packumentCache full:https://registry.npmjs.org/postcss cache-hit
1020 silly fetch manifest rolldown@1.2.1
1021 silly packumentCache full:https://registry.npmjs.org/rolldown cache-miss
1022 http fetch GET 200 https://registry.npmjs.org/@babel%2fplugin-transform-react-jsx-source 1645ms (cache revalidated)
1023 silly packumentCache full:https://registry.npmjs.org/@babel%2fplugin-transform-react-jsx-source set size:205288 disposed:false
1024 silly fetch manifest picomatch@^4.0.5
1025 silly packumentCache full:https://registry.npmjs.org/picomatch cache-miss
1026 http fetch GET 200 https://registry.npmjs.org/debug 1589ms (cache revalidated)
1027 silly packumentCache full:https://registry.npmjs.org/debug set size:195840 disposed:false
1028 silly fetch manifest tinyglobby@^0.2.17
1029 silly packumentCache full:https://registry.npmjs.org/tinyglobby cache-miss
1030 http fetch GET 200 https://registry.npmjs.org/globrex 1591ms (cache revalidated)
1031 silly packumentCache full:https://registry.npmjs.org/globrex set size:19249 disposed:false
1032 silly fetch manifest lightningcss@^1.32.0
1033 silly packumentCache full:https://registry.npmjs.org/lightningcss cache-hit
1034 silly fetch manifest fsevents@~2.3.3
1035 silly packumentCache full:https://registry.npmjs.org/fsevents cache-miss
1036 http fetch GET 200 https://registry.npmjs.org/tsconfck 1519ms (cache revalidated)
1037 silly packumentCache full:https://registry.npmjs.org/tsconfck set size:173073 disposed:false
1038 silly fetch manifest @radix-ui/react-id@1.1.4
1039 silly packumentCache full:https://registry.npmjs.org/@radix-ui%2freact-id cache-miss
1040 http fetch GET 200 https://registry.npmjs.org/@tailwindcss%2fnode 827ms (cache revalidated)
1041 silly packumentCache full:https://registry.npmjs.org/@tailwindcss%2fnode set size:2368915 disposed:false
1042 silly fetch manifest @radix-ui/primitive@1.1.7
1043 silly packumentCache full:https://registry.npmjs.org/@radix-ui%2fprimitive cache-miss
1044 http fetch GET 200 https://registry.npmjs.org/tinyglobby 286ms (cache revalidated)
1045 silly packumentCache full:https://registry.npmjs.org/tinyglobby set size:54291 disposed:false
1046 silly fetch manifest @radix-ui/react-context@1.2.2
1047 silly packumentCache full:https://registry.npmjs.org/@radix-ui%2freact-context cache-miss
1048 http fetch GET 200 https://registry.npmjs.org/picomatch 335ms (cache revalidated)
1049 silly packumentCache full:https://registry.npmjs.org/picomatch set size:134451 disposed:false
1050 silly fetch manifest @radix-ui/react-direction@1.1.4
1051 silly packumentCache full:https://registry.npmjs.org/@radix-ui%2freact-direction cache-miss
1052 http fetch GET 200 https://registry.npmjs.org/rolldown 434ms (cache revalidated)
1053 silly packumentCache full:https://registry.npmjs.org/rolldown set size:3821542 disposed:false
1054 silly fetch manifest @radix-ui/react-primitive@2.1.10
1055 silly packumentCache full:https://registry.npmjs.org/@radix-ui%2freact-primitive cache-miss
1056 http fetch GET 200 https://registry.npmjs.org/@tailwindcss%2foxide 1196ms (cache revalidated)
1057 silly packumentCache full:https://registry.npmjs.org/@tailwindcss%2foxide set size:4765158 disposed:false
1058 silly fetch manifest @radix-ui/react-collection@1.1.15
1059 silly packumentCache full:https://registry.npmjs.org/@radix-ui%2freact-collection cache-miss
1060 http fetch GET 200 https://registry.npmjs.org/@radix-ui%2freact-id 888ms (cache revalidated)
1061 silly packumentCache full:https://registry.npmjs.org/@radix-ui%2freact-id set size:358699 disposed:false
1062 silly fetch manifest @radix-ui/react-collapsible@1.1.20
1063 silly packumentCache full:https://registry.npmjs.org/@radix-ui%2freact-collapsible cache-hit
1064 silly fetch manifest @radix-ui/react-compose-refs@1.1.5
1065 silly packumentCache full:https://registry.npmjs.org/@radix-ui%2freact-compose-refs cache-miss
1066 http fetch GET 200 https://registry.npmjs.org/fsevents 952ms (cache revalidated)
1067 silly packumentCache full:https://registry.npmjs.org/fsevents set size:182472 disposed:false
1068 silly fetch manifest @radix-ui/react-use-controllable-state@1.2.6
1069 silly packumentCache full:https://registry.npmjs.org/@radix-ui%2freact-use-controllable-state cache-miss
1070 http fetch GET 200 https://registry.npmjs.org/@radix-ui%2fprimitive 833ms (cache revalidated)
1071 silly packumentCache full:https://registry.npmjs.org/@radix-ui%2fprimitive set size:210937 disposed:false
1072 silly fetch manifest @radix-ui/react-dialog@1.1.23
1073 silly packumentCache full:https://registry.npmjs.org/@radix-ui%2freact-dialog cache-miss
1074 http cache https://registry.npmjs.org/@radix-ui%2freact-dialog 77ms (cache hit)
1075 silly packumentCache full:https://registry.npmjs.org/@radix-ui%2freact-dialog set size:1257294 disposed:false
1076 silly fetch manifest @radix-ui/react-context@1.2.2
1077 silly packumentCache full:https://registry.npmjs.org/@radix-ui%2freact-context cache-miss
1078 http fetch GET 200 https://registry.npmjs.org/@radix-ui%2freact-use-controllable-state 198ms (cache revalidated)
1079 silly packumentCache full:https://registry.npmjs.org/@radix-ui%2freact-use-controllable-state set size:342904 disposed:false
1080 silly fetch manifest @radix-ui/react-primitive@2.1.10
1081 silly packumentCache full:https://registry.npmjs.org/@radix-ui%2freact-primitive cache-miss
1082 http fetch GET 200 https://registry.npmjs.org/@radix-ui%2freact-compose-refs 254ms (cache revalidated)
1083 silly packumentCache full:https://registry.npmjs.org/@radix-ui%2freact-compose-refs set size:252692 disposed:false
1084 silly fetch manifest @radix-ui/react-primitive@2.1.10
1085 silly packumentCache full:https://registry.npmjs.org/@radix-ui%2freact-primitive cache-miss
1086 http fetch GET 200 https://registry.npmjs.org/@radix-ui%2freact-direction 928ms (cache revalidated)
1087 silly packumentCache full:https://registry.npmjs.org/@radix-ui%2freact-direction set size:322397 disposed:false
1088 silly fetch manifest @radix-ui/react-context@1.2.2
1089 silly packumentCache full:https://registry.npmjs.org/@radix-ui%2freact-context cache-miss
1090 http fetch GET 200 https://registry.npmjs.org/@radix-ui%2freact-collection 432ms (cache revalidated)
1091 silly packumentCache full:https://registry.npmjs.org/@radix-ui%2freact-collection set size:805148 disposed:false
1092 silly fetch manifest @radix-ui/react-primitive@2.1.10
1093 silly packumentCache full:https://registry.npmjs.org/@radix-ui%2freact-primitive cache-miss
1094 http fetch GET 200 https://registry.npmjs.org/@radix-ui%2freact-primitive 796ms (cache revalidated)
1095 silly packumentCache full:https://registry.npmjs.org/@radix-ui%2freact-primitive set size:724066 disposed:false
1096 silly fetch manifest @radix-ui/react-use-is-hydrated@0.1.3
1097 silly packumentCache full:https://registry.npmjs.org/@radix-ui%2freact-use-is-hydrated cache-miss
1098 http fetch GET 200 https://registry.npmjs.org/@radix-ui%2freact-context 1091ms (cache revalidated)
1099 silly packumentCache full:https://registry.npmjs.org/@radix-ui%2freact-context set size:311733 disposed:false
1100 silly fetch manifest @radix-ui/react-use-callback-ref@1.1.4
1101 silly packumentCache full:https://registry.npmjs.org/@radix-ui%2freact-use-callback-ref cache-miss
1102 http cache https://registry.npmjs.org/@radix-ui%2freact-primitive 186ms (cache hit)
1103 silly packumentCache full:https://registry.npmjs.org/@radix-ui%2freact-primitive set size:724066 disposed:false
1104 silly packumentCache full:https://registry.npmjs.org/@radix-ui%2freact-primitive dispose
1105 silly fetch manifest @radix-ui/react-use-layout-effect@1.1.4
1106 silly packumentCache full:https://registry.npmjs.org/@radix-ui%2freact-use-layout-effect cache-miss
1107 http cache https://registry.npmjs.org/@radix-ui%2freact-primitive 157ms (cache hit)
1108 silly packumentCache full:https://registry.npmjs.org/@radix-ui%2freact-primitive set size:724066 disposed:true
1109 silly packumentCache full:https://registry.npmjs.org/@radix-ui%2freact-primitive dispose
1110 silly fetch manifest @radix-ui/react-presence@1.1.10
1111 silly packumentCache full:https://registry.npmjs.org/@radix-ui%2freact-presence cache-miss
1112 http cache https://registry.npmjs.org/@radix-ui%2freact-primitive 295ms (cache hit)
1113 silly packumentCache full:https://registry.npmjs.org/@radix-ui%2freact-primitive set size:724066 disposed:true
1114 silly packumentCache full:https://registry.npmjs.org/@radix-ui%2freact-primitive dispose
1115 silly fetch manifest @radix-ui/react-use-size@1.1.4
1116 silly packumentCache full:https://registry.npmjs.org/@radix-ui%2freact-use-size cache-miss
1117 http fetch GET 200 https://registry.npmjs.org/@radix-ui%2freact-context 423ms (cache revalidated)
1118 silly packumentCache full:https://registry.npmjs.org/@radix-ui%2freact-context set size:311733 disposed:false
1119 silly packumentCache full:https://registry.npmjs.org/@radix-ui%2freact-context dispose
1120 silly fetch manifest @radix-ui/react-presence@1.1.10
1121 silly packumentCache full:https://registry.npmjs.org/@radix-ui%2freact-presence cache-miss
1122 http fetch GET 200 https://registry.npmjs.org/@radix-ui%2freact-context 572ms (cache revalidated)
1123 silly packumentCache full:https://registry.npmjs.org/@radix-ui%2freact-context set size:311733 disposed:true
1124 silly packumentCache full:https://registry.npmjs.org/@radix-ui%2freact-context dispose
1125 silly fetch manifest @radix-ui/react-use-layout-effect@1.1.4
1126 silly packumentCache full:https://registry.npmjs.org/@radix-ui%2freact-use-layout-effect cache-miss
1127 http fetch GET 200 https://registry.npmjs.org/@radix-ui%2freact-use-is-hydrated 570ms (cache revalidated)
1128 silly packumentCache full:https://registry.npmjs.org/@radix-ui%2freact-use-is-hydrated set size:45079 disposed:false
1129 silly fetch manifest @radix-ui/react-menu@2.1.24
1130 silly packumentCache full:https://registry.npmjs.org/@radix-ui%2freact-menu cache-miss
1131 http fetch GET 200 https://registry.npmjs.org/@radix-ui%2freact-use-callback-ref 590ms (cache revalidated)
1132 silly packumentCache full:https://registry.npmjs.org/@radix-ui%2freact-use-callback-ref set size:246611 disposed:false
1133 silly fetch manifest aria-hidden@^1.2.4
1134 silly packumentCache full:https://registry.npmjs.org/aria-hidden cache-miss
1135 http fetch GET 200 https://registry.npmjs.org/@radix-ui%2freact-use-layout-effect 167ms (cache revalidated)
1136 silly packumentCache full:https://registry.npmjs.org/@radix-ui%2freact-use-layout-effect set size:247104 disposed:false
1137 silly fetch manifest react-remove-scroll@^2.7.2
1138 silly packumentCache full:https://registry.npmjs.org/react-remove-scroll cache-miss
1139 http fetch GET 200 https://registry.npmjs.org/@radix-ui%2freact-use-layout-effect 603ms (cache revalidated)
1140 silly packumentCache full:https://registry.npmjs.org/@radix-ui%2freact-use-layout-effect set size:247104 disposed:false
1141 silly packumentCache full:https://registry.npmjs.org/@radix-ui%2freact-use-layout-effect dispose
1142 silly fetch manifest @radix-ui/react-slot@1.3.3
1143 silly packumentCache full:https://registry.npmjs.org/@radix-ui%2freact-slot cache-hit
1144 silly fetch manifest @radix-ui/react-portal@1.1.17
1145 silly packumentCache full:https://registry.npmjs.org/@radix-ui%2freact-portal cache-miss
1146 http fetch GET 200 https://registry.npmjs.org/@radix-ui%2freact-use-size 539ms (cache revalidated)
1147 silly packumentCache full:https://registry.npmjs.org/@radix-ui%2freact-use-size set size:327799 disposed:false
1148 silly fetch manifest @radix-ui/react-presence@1.1.10
1149 silly packumentCache full:https://registry.npmjs.org/@radix-ui%2freact-presence cache-miss
1150 http fetch GET 200 https://registry.npmjs.org/@radix-ui%2freact-menu 220ms (cache revalidated)
1151 silly packumentCache full:https://registry.npmjs.org/@radix-ui%2freact-menu set size:1392336 disposed:false
1152 silly fetch manifest @radix-ui/react-focus-scope@1.1.16
1153 silly packumentCache full:https://registry.npmjs.org/@radix-ui%2freact-focus-scope cache-miss
1154 http fetch GET 200 https://registry.npmjs.org/aria-hidden 231ms (cache revalidated)
1155 silly packumentCache full:https://registry.npmjs.org/aria-hidden set size:40391 disposed:false
1156 silly fetch manifest @radix-ui/react-focus-guards@1.1.6
1157 silly packumentCache full:https://registry.npmjs.org/@radix-ui%2freact-focus-guards cache-miss
1158 http fetch GET 200 https://registry.npmjs.org/react-remove-scroll 203ms (cache revalidated)
1159 silly packumentCache full:https://registry.npmjs.org/react-remove-scroll set size:147112 disposed:false
1160 silly fetch manifest @radix-ui/react-dismissable-layer@1.1.19
1161 silly packumentCache full:https://registry.npmjs.org/@radix-ui%2freact-dismissable-layer cache-miss
1162 http fetch GET 200 https://registry.npmjs.org/@radix-ui%2freact-presence 176ms (cache revalidated)
1163 silly packumentCache full:https://registry.npmjs.org/@radix-ui%2freact-presence set size:531725 disposed:false
1164 silly fetch manifest @radix-ui/react-popper@1.3.7
1165 silly packumentCache full:https://registry.npmjs.org/@radix-ui%2freact-popper cache-miss
1166 http fetch GET 200 https://registry.npmjs.org/@radix-ui%2freact-presence 722ms (cache revalidated)
1167 silly packumentCache full:https://registry.npmjs.org/@radix-ui%2freact-presence set size:531725 disposed:false
1168 silly packumentCache full:https://registry.npmjs.org/@radix-ui%2freact-presence dispose
1169 silly fetch manifest @radix-ui/react-portal@1.1.17
1170 silly packumentCache full:https://registry.npmjs.org/@radix-ui%2freact-portal cache-miss
1171 http fetch GET 200 https://registry.npmjs.org/@radix-ui%2freact-presence 851ms (cache revalidated)
1172 silly packumentCache full:https://registry.npmjs.org/@radix-ui%2freact-presence set size:531725 disposed:true
1173 silly packumentCache full:https://registry.npmjs.org/@radix-ui%2freact-presence dispose
1174 silly fetch manifest @radix-ui/react-dismissable-layer@1.1.19
1175 silly packumentCache full:https://registry.npmjs.org/@radix-ui%2freact-dismissable-layer cache-miss
1176 http fetch GET 200 https://registry.npmjs.org/@radix-ui%2freact-portal 311ms (cache revalidated)
1177 silly packumentCache full:https://registry.npmjs.org/@radix-ui%2freact-portal set size:808993 disposed:false
1178 silly fetch manifest @radix-ui/react-roving-focus@1.1.19
1179 silly packumentCache full:https://registry.npmjs.org/@radix-ui%2freact-roving-focus cache-miss
1180 http cache https://registry.npmjs.org/@radix-ui%2freact-portal 155ms (cache hit)
1181 silly packumentCache full:https://registry.npmjs.org/@radix-ui%2freact-portal set size:808993 disposed:false
1182 silly packumentCache full:https://registry.npmjs.org/@radix-ui%2freact-portal dispose
1183 silly fetch manifest @radix-ui/react-use-previous@1.1.4
1184 silly packumentCache full:https://registry.npmjs.org/@radix-ui%2freact-use-previous cache-miss
1185 http fetch GET 200 https://registry.npmjs.org/@radix-ui%2freact-dismissable-layer 312ms (cache revalidated)
1186 silly packumentCache full:https://registry.npmjs.org/@radix-ui%2freact-dismissable-layer set size:974267 disposed:false
1187 silly fetch manifest @radix-ui/react-visually-hidden@1.2.11
1188 silly packumentCache full:https://registry.npmjs.org/@radix-ui%2freact-visually-hidden cache-miss
1189 http fetch GET 200 https://registry.npmjs.org/@radix-ui%2freact-dismissable-layer 261ms (cache revalidated)
1190 silly packumentCache full:https://registry.npmjs.org/@radix-ui%2freact-dismissable-layer set size:974267 disposed:false
1191 silly packumentCache full:https://registry.npmjs.org/@radix-ui%2freact-dismissable-layer dispose
1192 silly fetch manifest @radix-ui/react-popper@1.3.7
1193 silly packumentCache full:https://registry.npmjs.org/@radix-ui%2freact-popper cache-miss
1194 http fetch GET 200 https://registry.npmjs.org/@radix-ui%2freact-popper 387ms (cache revalidated)
1195 silly packumentCache full:https://registry.npmjs.org/@radix-ui%2freact-popper set size:968632 disposed:false
1196 silly fetch manifest @radix-ui/react-focus-scope@1.1.16
1197 silly packumentCache full:https://registry.npmjs.org/@radix-ui%2freact-focus-scope cache-miss
1198 http fetch GET 200 https://registry.npmjs.org/@radix-ui%2freact-focus-scope 543ms (cache revalidated)
1199 silly packumentCache full:https://registry.npmjs.org/@radix-ui%2freact-focus-scope set size:803165 disposed:false
1200 silly fetch manifest @radix-ui/react-focus-guards@1.1.6
1201 silly packumentCache full:https://registry.npmjs.org/@radix-ui%2freact-focus-guards cache-miss
1202 http fetch GET 200 https://registry.npmjs.org/@radix-ui%2freact-roving-focus 403ms (cache revalidated)
1203 silly packumentCache full:https://registry.npmjs.org/@radix-ui%2freact-roving-focus set size:1033016 disposed:false
1204 silly fetch manifest @radix-ui/number@1.1.3
1205 silly packumentCache full:https://registry.npmjs.org/@radix-ui%2fnumber cache-miss
1206 http fetch GET 200 https://registry.npmjs.org/@radix-ui%2freact-focus-guards 662ms (cache revalidated)
1207 silly packumentCache full:https://registry.npmjs.org/@radix-ui%2freact-focus-guards set size:317709 disposed:false
1208 silly fetch manifest @radix-ui/number@1.1.3
1209 silly packumentCache full:https://registry.npmjs.org/@radix-ui%2fnumber cache-miss
1210 http cache https://registry.npmjs.org/@radix-ui%2freact-focus-scope 214ms (cache hit)
1211 silly packumentCache full:https://registry.npmjs.org/@radix-ui%2freact-focus-scope set size:803165 disposed:false
1212 silly packumentCache full:https://registry.npmjs.org/@radix-ui%2freact-focus-scope dispose
1213 silly fetch manifest @radix-ui/react-use-previous@1.1.4
1214 silly packumentCache full:https://registry.npmjs.org/@radix-ui%2freact-use-previous cache-miss
1215 http cache https://registry.npmjs.org/@radix-ui%2freact-popper 324ms (cache hit)
1216 silly packumentCache full:https://registry.npmjs.org/@radix-ui%2freact-popper set size:968632 disposed:false
1217 silly packumentCache full:https://registry.npmjs.org/@radix-ui%2freact-popper dispose
1218 silly fetch manifest @radix-ui/react-visually-hidden@1.2.11
1219 silly packumentCache full:https://registry.npmjs.org/@radix-ui%2freact-visually-hidden cache-miss
1220 http fetch GET 200 https://registry.npmjs.org/@radix-ui%2freact-focus-guards 286ms (cache revalidated)
1221 silly packumentCache full:https://registry.npmjs.org/@radix-ui%2freact-focus-guards set size:317709 disposed:false
1222 silly packumentCache full:https://registry.npmjs.org/@radix-ui%2freact-focus-guards dispose
1223 silly fetch manifest @radix-ui/number@1.1.3
1224 silly packumentCache full:https://registry.npmjs.org/@radix-ui%2fnumber cache-miss
1225 http fetch GET 200 https://registry.npmjs.org/@radix-ui%2freact-use-previous 576ms (cache revalidated)
1226 silly packumentCache full:https://registry.npmjs.org/@radix-ui%2freact-use-previous set size:318861 disposed:false
1227 silly fetch manifest @radix-ui/react-visually-hidden@1.2.11
1228 silly packumentCache full:https://registry.npmjs.org/@radix-ui%2freact-visually-hidden cache-miss
1229 http fetch GET 200 https://registry.npmjs.org/@radix-ui%2freact-visually-hidden 537ms (cache revalidated)
1230 silly packumentCache full:https://registry.npmjs.org/@radix-ui%2freact-visually-hidden set size:735388 disposed:false
1231 silly fetch manifest @supabase/auth-js@2.116.0
1232 silly packumentCache full:https://registry.npmjs.org/@supabase%2fauth-js cache-miss
1233 http fetch GET 200 https://registry.npmjs.org/@radix-ui%2fnumber 357ms (cache revalidated)
1234 silly packumentCache full:https://registry.npmjs.org/@radix-ui%2fnumber set size:123181 disposed:false
1235 silly fetch manifest @supabase/storage-js@2.116.0
1236 silly packumentCache full:https://registry.npmjs.org/@supabase%2fstorage-js cache-miss
1237 http fetch GET 200 https://registry.npmjs.org/@radix-ui%2fnumber 317ms (cache revalidated)
1238 silly packumentCache full:https://registry.npmjs.org/@radix-ui%2fnumber set size:123181 disposed:false
1239 silly packumentCache full:https://registry.npmjs.org/@radix-ui%2fnumber dispose
1240 silly fetch manifest @supabase/realtime-js@2.116.0
1241 silly packumentCache full:https://registry.npmjs.org/@supabase%2frealtime-js cache-miss
1242 http fetch GET 200 https://registry.npmjs.org/@radix-ui%2freact-use-previous 285ms (cache revalidated)
1243 silly packumentCache full:https://registry.npmjs.org/@radix-ui%2freact-use-previous set size:318861 disposed:false
1244 silly packumentCache full:https://registry.npmjs.org/@radix-ui%2freact-use-previous dispose
1245 silly fetch manifest @supabase/functions-js@2.116.0
1246 silly packumentCache full:https://registry.npmjs.org/@supabase%2ffunctions-js cache-miss
1247 http fetch GET 200 https://registry.npmjs.org/@radix-ui%2fnumber 241ms (cache revalidated)
1248 silly packumentCache full:https://registry.npmjs.org/@radix-ui%2fnumber set size:123181 disposed:true
1249 silly packumentCache full:https://registry.npmjs.org/@radix-ui%2fnumber dispose
1250 silly fetch manifest @supabase/postgrest-js@2.116.0
1251 silly packumentCache full:https://registry.npmjs.org/@supabase%2fpostgrest-js cache-miss
1252 http fetch GET 200 https://registry.npmjs.org/@radix-ui%2freact-visually-hidden 300ms (cache revalidated)
1253 silly packumentCache full:https://registry.npmjs.org/@radix-ui%2freact-visually-hidden set size:735388 disposed:false
1254 silly packumentCache full:https://registry.npmjs.org/@radix-ui%2freact-visually-hidden dispose
1255 silly fetch manifest @tanstack/query-core@5.103.1
1256 silly packumentCache full:https://registry.npmjs.org/@tanstack%2fquery-core cache-miss
1257 http fetch GET 200 https://registry.npmjs.org/@radix-ui%2freact-visually-hidden 239ms (cache revalidated)
1258 silly packumentCache full:https://registry.npmjs.org/@radix-ui%2freact-visually-hidden set size:735388 disposed:true
1259 silly packumentCache full:https://registry.npmjs.org/@radix-ui%2freact-visually-hidden dispose
1260 silly fetch manifest isbot@^5.1.22
1261 silly packumentCache full:https://registry.npmjs.org/isbot cache-miss
1262 http fetch GET 200 https://registry.npmjs.org/@supabase%2fauth-js 284ms (cache revalidated)
1263 silly packumentCache full:https://registry.npmjs.org/@supabase%2fauth-js set size:1651723 disposed:false
1264 silly fetch manifest @tanstack/history@1.162.0
1265 silly packumentCache full:https://registry.npmjs.org/@tanstack%2fhistory cache-miss
1266 http fetch GET 200 https://registry.npmjs.org/@supabase%2frealtime-js 346ms (cache revalidated)
1267 silly packumentCache full:https://registry.npmjs.org/@supabase%2frealtime-js set size:1898646 disposed:false
1268 silly fetch manifest @tanstack/react-store@^0.9.3
1269 silly packumentCache full:https://registry.npmjs.org/@tanstack%2freact-store cache-miss
1270 http fetch GET 200 https://registry.npmjs.org/isbot 321ms (cache revalidated)
1271 silly packumentCache full:https://registry.npmjs.org/isbot set size:734994 disposed:false
1272 silly fetch manifest @tanstack/router-core@1.171.15
1273 silly packumentCache full:https://registry.npmjs.org/@tanstack%2frouter-core cache-miss
1274 http fetch GET 200 https://registry.npmjs.org/@supabase%2ffunctions-js 507ms (cache revalidated)
1275 silly packumentCache full:https://registry.npmjs.org/@supabase%2ffunctions-js set size:1371741 disposed:false
1276 silly fetch manifest zod@^4.4.3
1277 silly packumentCache full:https://registry.npmjs.org/zod cache-miss
1278 http fetch GET 200 https://registry.npmjs.org/@supabase%2fstorage-js 643ms (cache revalidated)
1279 silly packumentCache full:https://registry.npmjs.org/@supabase%2fstorage-js set size:1649520 disposed:false
1280 silly fetch manifest chokidar@^5.0.0
1281 silly packumentCache full:https://registry.npmjs.org/chokidar cache-miss
1282 http fetch GET 200 https://registry.npmjs.org/@tanstack%2fquery-core 637ms (cache revalidated)
1283 silly packumentCache full:https://registry.npmjs.org/@tanstack%2fquery-core set size:1149238 disposed:false
1284 silly fetch manifest unplugin@^3.0.0
1285 silly packumentCache full:https://registry.npmjs.org/unplugin cache-miss
1286 http fetch GET 200 https://registry.npmjs.org/@supabase%2fpostgrest-js 752ms (cache revalidated)
1287 silly packumentCache full:https://registry.npmjs.org/@supabase%2fpostgrest-js set size:2103476 disposed:false
1288 silly fetch manifest @babel/core@^7.28.5
1289 silly packumentCache full:https://registry.npmjs.org/@babel%2fcore cache-hit
1290 silly fetch manifest @babel/types@^7.28.5
1291 silly packumentCache full:https://registry.npmjs.org/@babel%2ftypes cache-miss
1292 http fetch GET 200 https://registry.npmjs.org/chokidar 258ms (cache revalidated)
1293 silly packumentCache full:https://registry.npmjs.org/chokidar set size:255902 disposed:false
1294 silly fetch manifest @babel/template@^7.27.2
1295 silly packumentCache full:https://registry.npmjs.org/@babel%2ftemplate cache-miss
1296 http cache https://registry.npmjs.org/zod 414ms (cache hit)
1297 silly packumentCache full:https://registry.npmjs.org/zod set size:4166672 disposed:false
1298 silly fetch manifest @tanstack/router-core@1.171.15
1299 silly packumentCache full:https://registry.npmjs.org/@tanstack%2frouter-core cache-miss
1300 http fetch GET 200 https://registry.npmjs.org/@tanstack%2fhistory 992ms (cache revalidated)
1301 silly packumentCache full:https://registry.npmjs.org/@tanstack%2fhistory set size:515586 disposed:false
1302 silly fetch manifest @tanstack/router-generator@1.167.21
1303 silly packumentCache full:https://registry.npmjs.org/@tanstack%2frouter-generator cache-miss
1304 http fetch GET 200 https://registry.npmjs.org/@tanstack%2freact-store 884ms (cache revalidated)
1305 silly packumentCache full:https://registry.npmjs.org/@tanstack%2freact-store set size:213359 disposed:false
1306 silly fetch manifest undici-types@~6.21.0
1307 silly packumentCache full:https://registry.npmjs.org/undici-types cache-miss
1308 http fetch GET 200 https://registry.npmjs.org/@tanstack%2frouter-core 827ms (cache revalidated)
1309 silly packumentCache full:https://registry.npmjs.org/@tanstack%2frouter-core set size:1717595 disposed:false
1310 silly fetch manifest csstype@^3.2.2
1311 silly packumentCache full:https://registry.npmjs.org/csstype cache-miss
1312 http fetch GET 200 https://registry.npmjs.org/unplugin 681ms (cache revalidated)
1313 silly packumentCache full:https://registry.npmjs.org/unplugin set size:417057 disposed:false
1314 silly fetch manifest @radix-ui/react-id@^1.1.0
1315 silly packumentCache full:https://registry.npmjs.org/@radix-ui%2freact-id cache-hit
1316 silly fetch manifest @radix-ui/react-primitive@^2.0.2
1317 silly packumentCache full:https://registry.npmjs.org/@radix-ui%2freact-primitive cache-hit
1318 silly fetch manifest @radix-ui/react-compose-refs@^1.1.1
1319 silly packumentCache full:https://registry.npmjs.org/@radix-ui%2freact-compose-refs cache-hit
1320 silly fetch manifest tsx@^4.21.0
1321 silly packumentCache full:https://registry.npmjs.org/tsx cache-hit
1322 silly fetch manifest esbuild@^0.25.4
1323 silly packumentCache full:https://registry.npmjs.org/esbuild cache-miss
1324 http fetch GET 200 https://registry.npmjs.org/@babel%2ftypes 608ms (cache revalidated)
1325 silly packumentCache full:https://registry.npmjs.org/@babel%2ftypes set size:505250 disposed:false
1326 silly fetch manifest @drizzle-team/brocli@^0.10.2
1327 silly packumentCache full:https://registry.npmjs.org/@drizzle-team%2fbrocli cache-miss
1328 http cache https://registry.npmjs.org/@tanstack%2frouter-generator 308ms (cache hit)
1329 silly packumentCache full:https://registry.npmjs.org/@tanstack%2frouter-generator set size:1839393 disposed:false
1330 silly fetch manifest @esbuild-kit/esm-loader@^2.5.5
1331 silly packumentCache full:https://registry.npmjs.org/@esbuild-kit%2fesm-loader cache-miss
1332 http fetch GET 200 https://registry.npmjs.org/@tanstack%2frouter-core 506ms (cache revalidated)
1333 silly packumentCache full:https://registry.npmjs.org/@tanstack%2frouter-core set size:1717595 disposed:false
1334 silly fetch manifest embla-carousel@8.6.0
1335 silly packumentCache full:https://registry.npmjs.org/embla-carousel cache-miss
1336 http fetch GET 200 https://registry.npmjs.org/@babel%2ftemplate 888ms (cache revalidated)
1337 silly packumentCache full:https://registry.npmjs.org/@babel%2ftemplate set size:237074 disposed:false
1338 silly fetch manifest embla-carousel-reactive-utils@8.6.0
1339 silly packumentCache full:https://registry.npmjs.org/embla-carousel-reactive-utils cache-miss
1340 http fetch GET 200 https://registry.npmjs.org/undici-types 584ms (cache revalidated)
1341 silly packumentCache full:https://registry.npmjs.org/undici-types set size:258898 disposed:false
1342 silly fetch manifest ajv@^6.14.0
1343 silly packumentCache full:https://registry.npmjs.org/ajv cache-miss
1344 http fetch GET 200 https://registry.npmjs.org/csstype 551ms (cache revalidated)
1345 silly packumentCache full:https://registry.npmjs.org/csstype set size:274189 disposed:false
1346 silly fetch manifest chalk@^4.0.0
1347 silly packumentCache full:https://registry.npmjs.org/chalk cache-miss
1348 http cache https://registry.npmjs.org/esbuild 580ms (cache hit)
1349 silly packumentCache full:https://registry.npmjs.org/esbuild set size:1264676 disposed:false
1350 silly fetch manifest debug@^4.3.2
1351 silly packumentCache full:https://registry.npmjs.org/debug cache-hit
1352 silly fetch manifest espree@^10.4.0
1353 silly packumentCache full:https://registry.npmjs.org/espree cache-miss
1354 http fetch GET 200 https://registry.npmjs.org/@drizzle-team%2fbrocli 659ms (cache revalidated)
1355 silly packumentCache full:https://registry.npmjs.org/@drizzle-team%2fbrocli set size:102503 disposed:false
1356 silly fetch manifest ignore@^5.2.0
1357 silly packumentCache full:https://registry.npmjs.org/ignore cache-miss
1358 http fetch GET 200 https://registry.npmjs.org/@esbuild-kit%2fesm-loader 548ms (cache revalidated)
1359 silly packumentCache full:https://registry.npmjs.org/@esbuild-kit%2fesm-loader set size:92739 disposed:false
1360 silly fetch manifest esquery@^1.5.0
1361 silly packumentCache full:https://registry.npmjs.org/esquery cache-miss
1362 http cache https://registry.npmjs.org/ajv 314ms (cache hit)
1363 silly packumentCache full:https://registry.npmjs.org/ajv set size:1142658 disposed:false
1364 silly fetch manifest esutils@^2.0.2
1365 silly packumentCache full:https://registry.npmjs.org/esutils cache-miss
1366 http fetch GET 200 https://registry.npmjs.org/embla-carousel 501ms (cache revalidated)
1367 silly packumentCache full:https://registry.npmjs.org/embla-carousel set size:834453 disposed:false
1368 silly fetch manifest find-up@^5.0.0
1369 silly packumentCache full:https://registry.npmjs.org/find-up cache-miss
1370 http fetch GET 200 https://registry.npmjs.org/embla-carousel-reactive-utils 516ms (cache revalidated)
1371 silly packumentCache full:https://registry.npmjs.org/embla-carousel-reactive-utils set size:122035 disposed:false
1372 silly fetch manifest is-glob@^4.0.0
1373 silly packumentCache full:https://registry.npmjs.org/is-glob cache-miss
1374 http fetch GET 200 https://registry.npmjs.org/chalk 419ms (cache revalidated)
1375 silly packumentCache full:https://registry.npmjs.org/chalk set size:134775 disposed:false
1376 silly fetch manifest minimatch@^3.1.5
1377 silly packumentCache full:https://registry.npmjs.org/minimatch cache-miss
1378 http fetch GET 200 https://registry.npmjs.org/espree 315ms (cache revalidated)
1379 silly packumentCache full:https://registry.npmjs.org/espree set size:326080 disposed:false
1380 silly fetch manifest optionator@^0.9.3
1381 silly packumentCache full:https://registry.npmjs.org/optionator cache-miss
1382 http fetch GET 200 https://registry.npmjs.org/find-up 173ms (cache revalidated)
1383 silly packumentCache full:https://registry.npmjs.org/find-up set size:42620 disposed:false
1384 silly fetch manifest cross-spawn@^7.0.6
1385 silly packumentCache full:https://registry.npmjs.org/cross-spawn cache-miss
1386 http fetch GET 200 https://registry.npmjs.org/esutils 232ms (cache revalidated)
1387 silly packumentCache full:https://registry.npmjs.org/esutils set size:29522 disposed:false
1388 silly fetch manifest glob-parent@^6.0.2
1389 silly packumentCache full:https://registry.npmjs.org/glob-parent cache-miss
1390 http fetch GET 200 https://registry.npmjs.org/ignore 343ms (cache revalidated)
1391 silly packumentCache full:https://registry.npmjs.org/ignore set size:255101 disposed:false
1392 silly fetch manifest imurmurhash@^0.1.4
1393 silly packumentCache full:https://registry.npmjs.org/imurmurhash cache-miss
1394 http fetch GET 200 https://registry.npmjs.org/esquery 363ms (cache revalidated)
1395 silly packumentCache full:https://registry.npmjs.org/esquery set size:48888 disposed:false
1396 silly fetch manifest @eslint/core@^0.17.0
1397 silly packumentCache full:https://registry.npmjs.org/@eslint%2fcore cache-miss
1398 http fetch GET 200 https://registry.npmjs.org/minimatch 197ms (cache revalidated)
1399 silly packumentCache full:https://registry.npmjs.org/minimatch set size:377924 disposed:false
1400 silly fetch manifest eslint-scope@^8.4.0
1401 silly packumentCache full:https://registry.npmjs.org/eslint-scope cache-miss
1402 http fetch GET 200 https://registry.npmjs.org/is-glob 260ms (cache revalidated)
1403 silly packumentCache full:https://registry.npmjs.org/is-glob set size:40530 disposed:false
1404 silly fetch manifest lodash.merge@^4.6.2
1405 silly packumentCache full:https://registry.npmjs.org/lodash.merge cache-miss
1406 http fetch GET 200 https://registry.npmjs.org/optionator 213ms (cache revalidated)
1407 silly packumentCache full:https://registry.npmjs.org/optionator set size:49651 disposed:false
1408 silly fetch manifest @humanfs/node@^0.16.6
1409 silly packumentCache full:https://registry.npmjs.org/@humanfs%2fnode cache-miss
1410 http fetch GET 200 https://registry.npmjs.org/imurmurhash 175ms (cache revalidated)
1411 silly packumentCache full:https://registry.npmjs.org/imurmurhash set size:35819 disposed:false
1412 silly fetch manifest @types/estree@^1.0.6
1413 silly packumentCache full:https://registry.npmjs.org/@types%2festree cache-miss
1414 http fetch GET 200 https://registry.npmjs.org/glob-parent 217ms (cache revalidated)
1415 silly packumentCache full:https://registry.npmjs.org/glob-parent set size:42445 disposed:false
1416 silly fetch manifest fast-deep-equal@^3.1.3
1417 silly packumentCache full:https://registry.npmjs.org/fast-deep-equal cache-miss
1418 http fetch GET 200 https://registry.npmjs.org/cross-spawn 251ms (cache revalidated)
1419 silly packumentCache full:https://registry.npmjs.org/cross-spawn set size:109066 disposed:false
1420 silly fetch manifest natural-compare@^1.4.0
1421 silly packumentCache full:https://registry.npmjs.org/natural-compare cache-miss
1422 http fetch GET 200 https://registry.npmjs.org/eslint-scope 171ms (cache revalidated)
1423 silly packumentCache full:https://registry.npmjs.org/eslint-scope set size:98867 disposed:false
1424 silly fetch manifest @eslint/eslintrc@^3.3.6
1425 silly packumentCache full:https://registry.npmjs.org/@eslint%2feslintrc cache-miss
1426 http fetch GET 200 https://registry.npmjs.org/@eslint%2fcore 242ms (cache revalidated)
1427 silly packumentCache full:https://registry.npmjs.org/@eslint%2fcore set size:58023 disposed:false
1428 silly fetch manifest file-entry-cache@^8.0.0
1429 silly packumentCache full:https://registry.npmjs.org/file-entry-cache cache-miss
1430 http fetch GET 200 https://registry.npmjs.org/lodash.merge 193ms (cache revalidated)
1431 silly packumentCache full:https://registry.npmjs.org/lodash.merge set size:78575 disposed:false
1432 silly fetch manifest @eslint/plugin-kit@^0.4.1
1433 silly packumentCache full:https://registry.npmjs.org/@eslint%2fplugin-kit cache-miss
1434 http fetch GET 200 https://registry.npmjs.org/@humanfs%2fnode 151ms (cache revalidated)
1435 silly packumentCache full:https://registry.npmjs.org/@humanfs%2fnode set size:41984 disposed:false
1436 silly fetch manifest eslint-visitor-keys@^4.2.1
1437 silly packumentCache full:https://registry.npmjs.org/eslint-visitor-keys cache-miss
1438 http fetch GET 200 https://registry.npmjs.org/fast-deep-equal 212ms (cache revalidated)
1439 silly packumentCache full:https://registry.npmjs.org/fast-deep-equal set size:48634 disposed:false
1440 silly fetch manifest @eslint/config-array@^0.21.2
1441 silly packumentCache full:https://registry.npmjs.org/@eslint%2fconfig-array cache-miss
1442 http fetch GET 200 https://registry.npmjs.org/@types%2festree 242ms (cache revalidated)
1443 silly packumentCache full:https://registry.npmjs.org/@types%2festree set size:76072 disposed:false
1444 silly fetch manifest @humanwhocodes/retry@^0.4.2
1445 silly packumentCache full:https://registry.npmjs.org/@humanwhocodes%2fretry cache-miss
1446 http fetch GET 200 https://registry.npmjs.org/natural-compare 272ms (cache revalidated)
1447 silly packumentCache full:https://registry.npmjs.org/natural-compare set size:7852 disposed:false
1448 silly fetch manifest escape-string-regexp@^4.0.0
1449 silly packumentCache full:https://registry.npmjs.org/escape-string-regexp cache-miss
1450 http fetch GET 200 https://registry.npmjs.org/@eslint%2feslintrc 261ms (cache revalidated)
1451 silly packumentCache full:https://registry.npmjs.org/@eslint%2feslintrc set size:174680 disposed:false
1452 silly fetch manifest @eslint/config-helpers@^0.4.2
1453 silly packumentCache full:https://registry.npmjs.org/@eslint%2fconfig-helpers cache-miss
1454 http fetch GET 200 https://registry.npmjs.org/file-entry-cache 277ms (cache revalidated)
1455 silly packumentCache full:https://registry.npmjs.org/file-entry-cache set size:127681 disposed:false
1456 silly fetch manifest @eslint-community/regexpp@^4.12.1
1457 silly packumentCache full:https://registry.npmjs.org/@eslint-community%2fregexpp cache-miss
1458 http fetch GET 200 https://registry.npmjs.org/eslint-visitor-keys 264ms (cache revalidated)
1459 silly packumentCache full:https://registry.npmjs.org/eslint-visitor-keys set size:69949 disposed:false
1460 silly fetch manifest @eslint-community/eslint-utils@^4.8.0
1461 silly packumentCache full:https://registry.npmjs.org/@eslint-community%2feslint-utils cache-miss
1462 http fetch GET 200 https://registry.npmjs.org/@eslint%2fplugin-kit 293ms (cache revalidated)
1463 silly packumentCache full:https://registry.npmjs.org/@eslint%2fplugin-kit set size:79166 disposed:false
1464 silly fetch manifest @humanwhocodes/module-importer@^1.0.1
1465 silly packumentCache full:https://registry.npmjs.org/@humanwhocodes%2fmodule-importer cache-miss
1466 http fetch GET 200 https://registry.npmjs.org/@eslint%2fconfig-helpers 168ms (cache revalidated)
1467 silly packumentCache full:https://registry.npmjs.org/@eslint%2fconfig-helpers set size:55216 disposed:false
1468 silly fetch manifest json-stable-stringify-without-jsonify@^1.0.1
1469 silly packumentCache full:https://registry.npmjs.org/json-stable-stringify-without-jsonify cache-miss
1470 http fetch GET 200 https://registry.npmjs.org/@humanwhocodes%2fretry 291ms (cache revalidated)
1471 silly packumentCache full:https://registry.npmjs.org/@humanwhocodes%2fretry set size:42348 disposed:false
1472 silly fetch manifest prettier-linter-helpers@^1.0.1
1473 silly packumentCache full:https://registry.npmjs.org/prettier-linter-helpers cache-miss
1474 http fetch GET 200 https://registry.npmjs.org/escape-string-regexp 225ms (cache revalidated)
1475 silly packumentCache full:https://registry.npmjs.org/escape-string-regexp set size:22244 disposed:false
1476 silly fetch manifest synckit@^0.11.13
1477 silly packumentCache full:https://registry.npmjs.org/synckit cache-miss
1478 http fetch GET 200 https://registry.npmjs.org/@eslint%2fconfig-array 326ms (cache revalidated)
1479 silly packumentCache full:https://registry.npmjs.org/@eslint%2fconfig-array set size:74140 disposed:false
1480 silly fetch manifest h3@^2.0.1-rc.22
1481 silly packumentCache full:https://registry.npmjs.org/h3 cache-miss
1482 http fetch GET 200 https://registry.npmjs.org/@eslint-community%2feslint-utils 204ms (cache revalidated)
1483 silly packumentCache full:https://registry.npmjs.org/@eslint-community%2feslint-utils set size:108339 disposed:false
1484 silly fetch manifest db0@^0.3.4
1485 silly packumentCache full:https://registry.npmjs.org/db0 cache-miss
1486 http fetch GET 200 https://registry.npmjs.org/@humanwhocodes%2fmodule-importer 209ms (cache revalidated)
1487 silly packumentCache full:https://registry.npmjs.org/@humanwhocodes%2fmodule-importer set size:9516 disposed:false
1488 silly fetch manifest nf3@^0.3.17
1489 silly packumentCache full:https://registry.npmjs.org/nf3 cache-miss
1490 http fetch GET 200 https://registry.npmjs.org/@eslint-community%2fregexpp 250ms (cache revalidated)
1491 silly packumentCache full:https://registry.npmjs.org/@eslint-community%2fregexpp set size:106609 disposed:false
1492 silly fetch manifest srvx@^0.11.16
1493 silly packumentCache full:https://registry.npmjs.org/srvx cache-miss
1494 http fetch GET 200 https://registry.npmjs.org/prettier-linter-helpers 173ms (cache revalidated)
1495 silly packumentCache full:https://registry.npmjs.org/prettier-linter-helpers set size:11087 disposed:false
1496 silly fetch manifest ohash@^2.0.11
1497 silly packumentCache full:https://registry.npmjs.org/ohash cache-miss
1498 http fetch GET 200 https://registry.npmjs.org/json-stable-stringify-without-jsonify 209ms (cache revalidated)
1499 silly packumentCache full:https://registry.npmjs.org/json-stable-stringify-without-jsonify set size:5808 disposed:false
1500 silly fetch manifest unenv@^2.0.0-rc.24
1501 silly packumentCache full:https://registry.npmjs.org/unenv cache-miss
1502 http fetch GET 200 https://registry.npmjs.org/synckit 199ms (cache revalidated)
1503 silly packumentCache full:https://registry.npmjs.org/synckit set size:161648 disposed:false
1504 silly fetch manifest ocache@^0.1.4
1505 silly packumentCache full:https://registry.npmjs.org/ocache cache-miss
1506 http fetch GET 200 https://registry.npmjs.org/db0 173ms (cache revalidated)
1507 silly packumentCache full:https://registry.npmjs.org/db0 set size:77956 disposed:false
1508 silly fetch manifest ofetch@^2.0.0-alpha.3
1509 silly packumentCache full:https://registry.npmjs.org/ofetch cache-miss
1510 http fetch GET 200 https://registry.npmjs.org/nf3 195ms (cache revalidated)
1511 silly packumentCache full:https://registry.npmjs.org/nf3 set size:94332 disposed:false
1512 silly fetch manifest consola@^3.4.2
1513 silly packumentCache full:https://registry.npmjs.org/consola cache-miss
1514 http fetch GET 200 https://registry.npmjs.org/srvx 197ms (cache revalidated)
1515 silly packumentCache full:https://registry.npmjs.org/srvx set size:327556 disposed:false
1516 silly fetch manifest crossws@^0.4.5
1517 silly packumentCache full:https://registry.npmjs.org/crossws cache-miss
1518 http fetch GET 200 https://registry.npmjs.org/ohash 192ms (cache revalidated)
1519 silly packumentCache full:https://registry.npmjs.org/ohash set size:71846 disposed:false
1520 silly fetch manifest hookable@^6.1.1
1521 silly packumentCache full:https://registry.npmjs.org/hookable cache-miss
1522 http fetch GET 200 https://registry.npmjs.org/h3 380ms (cache revalidated)
1523 silly packumentCache full:https://registry.npmjs.org/h3 set size:491457 disposed:false
1524 silly fetch manifest unstorage@^2.0.0-alpha.7
1525 silly packumentCache full:https://registry.npmjs.org/unstorage cache-miss
1526 http fetch GET 200 https://registry.npmjs.org/unenv 266ms (cache revalidated)
1527 silly packumentCache full:https://registry.npmjs.org/unenv set size:236480 disposed:false
1528 silly fetch manifest env-runner@^0.1.9
1529 silly packumentCache full:https://registry.npmjs.org/env-runner cache-miss
1530 http fetch GET 200 https://registry.npmjs.org/consola 213ms (cache revalidated)
1531 silly packumentCache full:https://registry.npmjs.org/consola set size:324648 disposed:false
1532 silly fetch manifest @date-fns/tz@^1.4.1
1533 silly packumentCache full:https://registry.npmjs.org/@date-fns%2ftz cache-miss
1534 http fetch GET 200 https://registry.npmjs.org/ocache 365ms (cache revalidated)
1535 silly packumentCache full:https://registry.npmjs.org/ocache set size:27860 disposed:false
1536 silly fetch manifest date-fns-jalali@4.1.0-0
1537 silly packumentCache full:https://registry.npmjs.org/date-fns-jalali cache-miss
1538 http fetch GET 200 https://registry.npmjs.org/ofetch 384ms (cache revalidated)
1539 silly packumentCache full:https://registry.npmjs.org/ofetch set size:75280 disposed:false
1540 silly fetch manifest @tabby_ai/hijri-converter@1.0.5
1541 silly packumentCache full:https://registry.npmjs.org/@tabby_ai%2fhijri-converter cache-miss
1542 http fetch GET 200 https://registry.npmjs.org/crossws 345ms (cache revalidated)
1543 silly packumentCache full:https://registry.npmjs.org/crossws set size:120040 disposed:false
1544 silly fetch manifest lodash@^4.17.21
1545 silly packumentCache full:https://registry.npmjs.org/lodash cache-miss
1546 http fetch GET 200 https://registry.npmjs.org/hookable 307ms (cache revalidated)
1547 silly packumentCache full:https://registry.npmjs.org/hookable set size:116610 disposed:false
1548 silly fetch manifest react-is@^18.3.1
1549 silly packumentCache full:https://registry.npmjs.org/react-is cache-miss
1550 http fetch GET 200 https://registry.npmjs.org/@date-fns%2ftz 181ms (cache revalidated)
1551 silly packumentCache full:https://registry.npmjs.org/@date-fns%2ftz set size:54909 disposed:false
1552 silly fetch manifest react-smooth@^4.0.4
1553 silly packumentCache full:https://registry.npmjs.org/react-smooth cache-miss
1554 http fetch GET 200 https://registry.npmjs.org/unstorage 303ms (cache revalidated)
1555 silly packumentCache full:https://registry.npmjs.org/unstorage set size:362113 disposed:false
1556 silly fetch manifest eventemitter3@^4.0.1
1557 silly packumentCache full:https://registry.npmjs.org/eventemitter3 cache-miss
1558 http fetch GET 200 https://registry.npmjs.org/env-runner 387ms (cache revalidated)
1559 silly packumentCache full:https://registry.npmjs.org/env-runner set size:109691 disposed:false
1560 silly fetch manifest recharts-scale@^0.4.4
1561 silly packumentCache full:https://registry.npmjs.org/recharts-scale cache-miss
1562 http fetch GET 200 https://registry.npmjs.org/react-smooth 179ms (cache revalidated)
1563 silly packumentCache full:https://registry.npmjs.org/react-smooth set size:197810 disposed:false
1564 silly fetch manifest tiny-invariant@^1.3.1
1565 silly packumentCache full:https://registry.npmjs.org/tiny-invariant cache-miss
1566 http fetch GET 200 https://registry.npmjs.org/eventemitter3 157ms (cache revalidated)
1567 silly packumentCache full:https://registry.npmjs.org/eventemitter3 set size:92292 disposed:false
1568 silly fetch manifest victory-vendor@^36.6.8
1569 silly packumentCache full:https://registry.npmjs.org/victory-vendor cache-miss
1570 http fetch GET 200 https://registry.npmjs.org/react-is 303ms (cache revalidated)
1571 silly packumentCache full:https://registry.npmjs.org/react-is set size:5659369 disposed:false
1572 silly fetch manifest @typescript-eslint/utils@8.70.0
1573 silly packumentCache full:https://registry.npmjs.org/@typescript-eslint%2futils cache-miss
1574 http fetch GET 200 https://registry.npmjs.org/lodash 624ms (cache updated)
1575 silly packumentCache full:https://registry.npmjs.org/lodash set size:undefined disposed:false
1576 silly fetch manifest @typescript-eslint/parser@8.70.0
1577 silly packumentCache full:https://registry.npmjs.org/@typescript-eslint%2fparser cache-miss
1578 http fetch GET 200 https://registry.npmjs.org/@tabby_ai%2fhijri-converter 717ms (cache revalidated)
1579 silly packumentCache full:https://registry.npmjs.org/@tabby_ai%2fhijri-converter set size:6877 disposed:false
1580 silly fetch manifest @typescript-eslint/eslint-plugin@8.70.0
1581 silly packumentCache full:https://registry.npmjs.org/@typescript-eslint%2feslint-plugin cache-miss
1582 http fetch GET 200 https://registry.npmjs.org/recharts-scale 485ms (cache revalidated)
1583 silly packumentCache full:https://registry.npmjs.org/recharts-scale set size:62529 disposed:false
1584 silly fetch manifest @typescript-eslint/typescript-estree@8.70.0
1585 silly packumentCache full:https://registry.npmjs.org/@typescript-eslint%2ftypescript-estree cache-miss
1586 http fetch GET 200 https://registry.npmjs.org/date-fns-jalali 809ms (cache revalidated)
1587 silly packumentCache full:https://registry.npmjs.org/date-fns-jalali set size:2351663 disposed:false
1588 http fetch GET 200 https://registry.npmjs.org/tiny-invariant 721ms (cache revalidated)
1589 silly packumentCache full:https://registry.npmjs.org/tiny-invariant set size:98310 disposed:false
1590 http fetch GET 200 https://registry.npmjs.org/victory-vendor 747ms (cache revalidated)
1591 silly packumentCache full:https://registry.npmjs.org/victory-vendor set size:249209 disposed:false
1592 http fetch GET 200 https://registry.npmjs.org/@typescript-eslint%2futils 717ms (cache revalidated)
1593 silly packumentCache full:https://registry.npmjs.org/@typescript-eslint%2futils set size:10920382 disposed:false
1594 http fetch GET 200 https://registry.npmjs.org/@typescript-eslint%2fparser 1368ms (cache revalidated)
1595 silly packumentCache full:https://registry.npmjs.org/@typescript-eslint%2fparser set size:15865162 disposed:false
1596 http fetch GET 200 https://registry.npmjs.org/@typescript-eslint%2feslint-plugin 2063ms (cache revalidated)
1597 silly packumentCache full:https://registry.npmjs.org/@typescript-eslint%2feslint-plugin set size:18869124 disposed:false
1598 http fetch GET 200 https://registry.npmjs.org/@typescript-eslint%2ftypescript-estree 3107ms (cache revalidated)
1599 silly packumentCache full:https://registry.npmjs.org/@typescript-eslint%2ftypescript-estree set size:17136536 disposed:false
1600 silly placeDep ROOT @standard-schema/utils@0.3.0 OK for: @hookform/resolvers@5.9.1 want: ^0.3.0
1601 silly fetch manifest vite@>=5.0.0 <9.0.0
1602 silly packumentCache full:https://registry.npmjs.org/vite cache-miss
1603 http cache https://registry.npmjs.org/vite 673ms (cache hit)
1604 silly packumentCache full:https://registry.npmjs.org/vite set size:38945461 disposed:false
1605 silly fetch manifest @types/node@^20.19.0 || >=22.12.0
1606 silly packumentCache full:https://registry.npmjs.org/@types%2fnode cache-miss
1607 http cache https://registry.npmjs.org/@types%2fnode 205ms (cache hit)
1608 silly packumentCache full:https://registry.npmjs.org/@types%2fnode set size:11136519 disposed:false
1609 silly fetch manifest @vitejs/devtools@^0.7.1
1610 silly packumentCache full:https://registry.npmjs.org/@vitejs%2fdevtools cache-hit
1611 silly fetch manifest @vitejs/devtools-oxc@^0.7.5
1612 silly packumentCache full:https://registry.npmjs.org/@vitejs%2fdevtools-oxc cache-miss
1613 http fetch GET 200 https://registry.npmjs.org/@vitejs%2fdevtools-oxc 219ms (cache revalidated)
1614 silly packumentCache full:https://registry.npmjs.org/@vitejs%2fdevtools-oxc set size:77324 disposed:false
1615 silly fetch manifest @vitejs/devtools-rolldown@^0.7.5
1616 silly packumentCache full:https://registry.npmjs.org/@vitejs%2fdevtools-rolldown cache-miss
1617 http fetch GET 200 https://registry.npmjs.org/@vitejs%2fdevtools-rolldown 309ms (cache revalidated)
1618 silly packumentCache full:https://registry.npmjs.org/@vitejs%2fdevtools-rolldown set size:234875 disposed:false
1619 silly fetch manifest @vitejs/devtools-vite@^0.7.5
1620 silly packumentCache full:https://registry.npmjs.org/@vitejs%2fdevtools-vite cache-miss
1621 http fetch GET 200 https://registry.npmjs.org/@vitejs%2fdevtools-vite 115ms (cache revalidated)
1622 silly packumentCache full:https://registry.npmjs.org/@vitejs%2fdevtools-vite set size:163598 disposed:false
1623 silly fetch manifest @vitejs/devtools-vitest@^0.7.5
1624 silly packumentCache full:https://registry.npmjs.org/@vitejs%2fdevtools-vitest cache-miss
1625 http fetch GET 200 https://registry.npmjs.org/@vitejs%2fdevtools-vitest 325ms (cache revalidated)
1626 silly packumentCache full:https://registry.npmjs.org/@vitejs%2fdevtools-vitest set size:54816 disposed:false
1627 silly fetch manifest vitest@*
1628 silly packumentCache full:https://registry.npmjs.org/vitest cache-miss
1629 http cache https://registry.npmjs.org/vitest 55ms (cache hit)
1630 silly packumentCache full:https://registry.npmjs.org/vitest set size:2263798 disposed:false
1631 silly placeDep ROOT @tanstack/devtools-vite@0.8.5 OK for: @lovable.dev/vite-tanstack-config@2.23.0 want: ^0.8.1
1632 silly placeDep ROOT lightningcss@1.33.0 OK for: @lovable.dev/vite-tanstack-config@2.23.0 want: ^1.30.0
1633 silly fetch manifest chalk@^5.6.2
1634 silly packumentCache full:https://registry.npmjs.org/chalk cache-hit
1635 silly fetch manifest @tanstack/devtools-client@0.0.8
1636 silly packumentCache full:https://registry.npmjs.org/@tanstack%2fdevtools-client cache-miss
1637 silly fetch manifest @tanstack/devtools-event-bus@0.4.3
1638 silly packumentCache full:https://registry.npmjs.org/@tanstack%2fdevtools-event-bus cache-miss
1639 silly fetch manifest @tanstack/devtools-bundler-core@0.1.3
1640 silly packumentCache full:https://registry.npmjs.org/@tanstack%2fdevtools-bundler-core cache-miss
1641 silly fetch manifest detect-libc@^2.0.3
1642 silly packumentCache full:https://registry.npmjs.org/detect-libc cache-miss
1643 silly fetch manifest lightningcss-darwin-x64@1.33.0
1644 silly packumentCache full:https://registry.npmjs.org/lightningcss-darwin-x64 cache-miss
1645 silly fetch manifest lightningcss-linux-x64-gnu@1.33.0
1646 silly packumentCache full:https://registry.npmjs.org/lightningcss-linux-x64-gnu cache-miss
1647 silly fetch manifest lightningcss-win32-x64-msvc@1.33.0
1648 silly packumentCache full:https://registry.npmjs.org/lightningcss-win32-x64-msvc cache-miss
1649 http fetch GET 200 https://registry.npmjs.org/lightningcss-win32-x64-msvc 119ms (cache revalidated)
1650 silly packumentCache full:https://registry.npmjs.org/lightningcss-win32-x64-msvc set size:81347 disposed:false
1651 silly fetch manifest lightningcss-win32-arm64-msvc@1.33.0
1652 silly packumentCache full:https://registry.npmjs.org/lightningcss-win32-arm64-msvc cache-miss
1653 http fetch GET 200 https://registry.npmjs.org/lightningcss-linux-x64-gnu 160ms (cache revalidated)
1654 silly packumentCache full:https://registry.npmjs.org/lightningcss-linux-x64-gnu set size:81819 disposed:false
1655 silly fetch manifest lightningcss-darwin-arm64@1.33.0
1656 silly packumentCache full:https://registry.npmjs.org/lightningcss-darwin-arm64 cache-miss
1657 http fetch GET 200 https://registry.npmjs.org/lightningcss-darwin-x64 176ms (cache revalidated)
1658 silly packumentCache full:https://registry.npmjs.org/lightningcss-darwin-x64 set size:80374 disposed:false
1659 silly fetch manifest lightningcss-linux-arm64-gnu@1.33.0
1660 silly packumentCache full:https://registry.npmjs.org/lightningcss-linux-arm64-gnu cache-miss
1661 http fetch GET 200 https://registry.npmjs.org/detect-libc 189ms (cache revalidated)
1662 silly packumentCache full:https://registry.npmjs.org/detect-libc set size:47861 disposed:false
1663 silly fetch manifest lightningcss-linux-arm-gnueabihf@1.33.0
1664 silly packumentCache full:https://registry.npmjs.org/lightningcss-linux-arm-gnueabihf cache-miss
1665 http fetch GET 200 https://registry.npmjs.org/lightningcss-win32-arm64-msvc 138ms (cache revalidated)
1666 silly packumentCache full:https://registry.npmjs.org/lightningcss-win32-arm64-msvc set size:28346 disposed:false
1667 silly fetch manifest lightningcss-linux-arm64-musl@1.33.0
1668 silly packumentCache full:https://registry.npmjs.org/lightningcss-linux-arm64-musl cache-miss
1669 http fetch GET 200 https://registry.npmjs.org/lightningcss-darwin-arm64 132ms (cache revalidated)
1670 silly packumentCache full:https://registry.npmjs.org/lightningcss-darwin-arm64 set size:80970 disposed:false
1671 silly fetch manifest lightningcss-linux-x64-musl@1.33.0
1672 silly packumentCache full:https://registry.npmjs.org/lightningcss-linux-x64-musl cache-miss
1673 http fetch GET 200 https://registry.npmjs.org/lightningcss-linux-arm-gnueabihf 125ms (cache revalidated)
1674 silly packumentCache full:https://registry.npmjs.org/lightningcss-linux-arm-gnueabihf set size:82635 disposed:false
1675 silly fetch manifest lightningcss-freebsd-x64@1.33.0
1676 silly packumentCache full:https://registry.npmjs.org/lightningcss-freebsd-x64 cache-miss
1677 http fetch GET 200 https://registry.npmjs.org/lightningcss-linux-arm64-gnu 157ms (cache revalidated)
1678 silly packumentCache full:https://registry.npmjs.org/lightningcss-linux-arm64-gnu set size:82397 disposed:false
1679 silly fetch manifest lightningcss-android-arm64@1.33.0
1680 silly packumentCache full:https://registry.npmjs.org/lightningcss-android-arm64 cache-miss
1681 http fetch GET 200 https://registry.npmjs.org/@tanstack%2fdevtools-event-bus 383ms (cache revalidated)
1682 silly packumentCache full:https://registry.npmjs.org/@tanstack%2fdevtools-event-bus set size:34413 disposed:false
1683 http fetch GET 200 https://registry.npmjs.org/lightningcss-linux-arm64-musl 162ms (cache revalidated)
1684 silly packumentCache full:https://registry.npmjs.org/lightningcss-linux-arm64-musl set size:82617 disposed:false
1685 http fetch GET 200 https://registry.npmjs.org/lightningcss-linux-x64-musl 146ms (cache revalidated)
1686 silly packumentCache full:https://registry.npmjs.org/lightningcss-linux-x64-musl set size:82032 disposed:false
1687 http fetch GET 200 https://registry.npmjs.org/lightningcss-freebsd-x64 142ms (cache revalidated)
1688 silly packumentCache full:https://registry.npmjs.org/lightningcss-freebsd-x64 set size:44564 disposed:false
1689 http fetch GET 200 https://registry.npmjs.org/lightningcss-android-arm64 139ms (cache revalidated)
1690 silly packumentCache full:https://registry.npmjs.org/lightningcss-android-arm64 set size:9371 disposed:false
1691 http fetch GET 200 https://registry.npmjs.org/@tanstack%2fdevtools-client 520ms (cache revalidated)
1692 silly packumentCache full:https://registry.npmjs.org/@tanstack%2fdevtools-client set size:18121 disposed:false
1693 http fetch GET 200 https://registry.npmjs.org/@tanstack%2fdevtools-bundler-core 525ms (cache revalidated)
1694 silly packumentCache full:https://registry.npmjs.org/@tanstack%2fdevtools-bundler-core set size:13988 disposed:false
1695 silly fetch manifest @types/react@*
1696 silly packumentCache full:https://registry.npmjs.org/@types%2freact cache-miss
1697 http cache https://registry.npmjs.org/@types%2freact 56ms (cache hit)
1698 silly packumentCache full:https://registry.npmjs.org/@types%2freact set size:2642161 disposed:false
1699 silly fetch manifest react@^16.8 || ^17.0 || ^18.0 || ^19.0 || ^19.0.0-rc
1700 silly packumentCache full:https://registry.npmjs.org/react cache-miss
1701 http cache https://registry.npmjs.org/react 118ms (cache hit)
1702 silly packumentCache full:https://registry.npmjs.org/react set size:6992208 disposed:false
1703 silly fetch manifest @types/react-dom@*
1704 silly packumentCache full:https://registry.npmjs.org/@types%2freact-dom cache-hit
1705 silly fetch manifest react-dom@^16.8 || ^17.0 || ^18.0 || ^19.0 || ^19.0.0-rc
1706 silly packumentCache full:https://registry.npmjs.org/react-dom cache-miss
1707 http cache https://registry.npmjs.org/react-dom 159ms (cache hit)
1708 silly packumentCache full:https://registry.npmjs.org/react-dom set size:9417009 disposed:false
1709 silly placeDep ROOT @radix-ui/primitive@1.1.7 OK for: @radix-ui/react-accordion@1.2.20 want: 1.1.7
1710 silly placeDep ROOT @radix-ui/react-collection@1.1.15 OK for: @radix-ui/react-accordion@1.2.20 want: 1.1.15
1711 silly placeDep ROOT @radix-ui/react-compose-refs@1.1.5 OK for: @radix-ui/react-accordion@1.2.20 want: 1.1.5
1712 silly placeDep ROOT @radix-ui/react-context@1.2.2 OK for: @radix-ui/react-accordion@1.2.20 want: 1.2.2
1713 silly placeDep ROOT @radix-ui/react-direction@1.1.4 OK for: @radix-ui/react-accordion@1.2.20 want: 1.1.4
1714 silly placeDep ROOT @radix-ui/react-id@1.1.4 OK for: @radix-ui/react-accordion@1.2.20 want: 1.1.4
1715 silly placeDep ROOT @radix-ui/react-primitive@2.1.10 OK for: @radix-ui/react-accordion@1.2.20 want: 2.1.10
1716 silly placeDep ROOT @radix-ui/react-use-controllable-state@1.2.6 OK for: @radix-ui/react-accordion@1.2.20 want: 1.2.6
1717 silly fetch manifest @radix-ui/react-use-effect-event@0.0.5
1718 silly packumentCache full:https://registry.npmjs.org/@radix-ui%2freact-use-effect-event cache-miss
1719 http fetch GET 200 https://registry.npmjs.org/@radix-ui%2freact-use-effect-event 138ms (cache revalidated)
1720 silly packumentCache full:https://registry.npmjs.org/@radix-ui%2freact-use-effect-event set size:58358 disposed:false
1721 silly placeDep ROOT @radix-ui/react-use-callback-ref@1.1.4 OK for: @radix-ui/react-avatar@1.2.6 want: 1.1.4
1722 silly placeDep ROOT @radix-ui/react-use-is-hydrated@0.1.3 OK for: @radix-ui/react-avatar@1.2.6 want: 0.1.3
1723 silly placeDep ROOT @radix-ui/react-use-layout-effect@1.1.4 OK for: @radix-ui/react-avatar@1.2.6 want: 1.1.4
1724 silly placeDep ROOT @radix-ui/react-presence@1.1.10 OK for: @radix-ui/react-checkbox@1.3.11 want: 1.1.10
1725 silly placeDep ROOT @radix-ui/react-use-size@1.1.4 OK for: @radix-ui/react-checkbox@1.3.11 want: 1.1.4
1726 silly placeDep ROOT @radix-ui/react-menu@2.1.24 OK for: @radix-ui/react-context-menu@2.3.7 want: 2.1.24
1727 silly placeDep ROOT @radix-ui/react-dismissable-layer@1.1.19 OK for: @radix-ui/react-dialog@1.1.23 want: 1.1.19
1728 silly placeDep ROOT @radix-ui/react-focus-guards@1.1.6 OK for: @radix-ui/react-dialog@1.1.23 want: 1.1.6
1729 silly placeDep ROOT @radix-ui/react-focus-scope@1.1.16 OK for: @radix-ui/react-dialog@1.1.23 want: 1.1.16
1730 silly placeDep ROOT @radix-ui/react-portal@1.1.17 OK for: @radix-ui/react-dialog@1.1.23 want: 1.1.17
1731 silly placeDep ROOT aria-hidden@1.2.6 OK for: @radix-ui/react-dialog@1.1.23 want: ^1.2.4
1732 silly placeDep ROOT react-remove-scroll@2.7.2 OK for: @radix-ui/react-dialog@1.1.23 want: ^2.7.2
1733 silly fetch manifest tslib@^2.0.0
1734 silly packumentCache full:https://registry.npmjs.org/tslib cache-miss
1735 silly fetch manifest react-remove-scroll-bar@^2.3.7
1736 silly packumentCache full:https://registry.npmjs.org/react-remove-scroll-bar cache-miss
1737 silly fetch manifest react-style-singleton@^2.2.3
1738 silly packumentCache full:https://registry.npmjs.org/react-style-singleton cache-miss
1739 silly fetch manifest tslib@^2.1.0
1740 silly packumentCache full:https://registry.npmjs.org/tslib cache-miss
1741 silly fetch manifest use-callback-ref@^1.3.3
1742 silly packumentCache full:https://registry.npmjs.org/use-callback-ref cache-miss
1743 silly fetch manifest use-sidecar@^1.1.3
1744 silly packumentCache full:https://registry.npmjs.org/use-sidecar cache-miss
1745 http fetch GET 200 https://registry.npmjs.org/react-style-singleton 128ms (cache revalidated)
1746 silly packumentCache full:https://registry.npmjs.org/react-style-singleton set size:33682 disposed:false
1747 http fetch GET 200 https://registry.npmjs.org/tslib 143ms (cache revalidated)
1748 silly packumentCache full:https://registry.npmjs.org/tslib set size:108843 disposed:false
1749 http fetch GET 200 https://registry.npmjs.org/react-remove-scroll-bar 166ms (cache revalidated)
1750 silly packumentCache full:https://registry.npmjs.org/react-remove-scroll-bar set size:66434 disposed:false
1751 http fetch GET 200 https://registry.npmjs.org/tslib 172ms (cache revalidated)
1752 silly packumentCache full:https://registry.npmjs.org/tslib set size:108843 disposed:false
1753 silly packumentCache full:https://registry.npmjs.org/tslib dispose
1754 http fetch GET 200 https://registry.npmjs.org/use-sidecar 178ms (cache revalidated)
1755 silly packumentCache full:https://registry.npmjs.org/use-sidecar set size:58998 disposed:false
1756 http fetch GET 200 https://registry.npmjs.org/use-callback-ref 190ms (cache revalidated)
1757 silly packumentCache full:https://registry.npmjs.org/use-callback-ref set size:47599 disposed:false
1758 silly placeDep ROOT @radix-ui/react-use-effect-event@0.0.5 OK for: @radix-ui/react-dismissable-layer@1.1.19 want: 0.0.5
1759 silly placeDep ROOT @radix-ui/react-popper@1.3.7 OK for: @radix-ui/react-hover-card@1.1.23 want: 1.3.7
1760 silly fetch manifest @radix-ui/rect@1.1.3
1761 silly packumentCache full:https://registry.npmjs.org/@radix-ui%2frect cache-miss
1762 silly fetch manifest @radix-ui/react-arrow@1.1.15
1763 silly packumentCache full:https://registry.npmjs.org/@radix-ui%2freact-arrow cache-miss
1764 silly fetch manifest @floating-ui/react-dom@^2.0.0
1765 silly packumentCache full:https://registry.npmjs.org/@floating-ui%2freact-dom cache-miss
1766 silly fetch manifest @radix-ui/react-use-rect@1.1.4
1767 silly packumentCache full:https://registry.npmjs.org/@radix-ui%2freact-use-rect cache-miss
1768 http fetch GET 200 https://registry.npmjs.org/@floating-ui%2freact-dom 135ms (cache revalidated)
1769 silly packumentCache full:https://registry.npmjs.org/@floating-ui%2freact-dom set size:168230 disposed:false
1770 http fetch GET 200 https://registry.npmjs.org/@radix-ui%2freact-arrow 160ms (cache revalidated)
1771 silly packumentCache full:https://registry.npmjs.org/@radix-ui%2freact-arrow set size:722389 disposed:false
1772 http fetch GET 200 https://registry.npmjs.org/@radix-ui%2freact-use-rect 191ms (cache revalidated)
1773 silly packumentCache full:https://registry.npmjs.org/@radix-ui%2freact-use-rect set size:259639 disposed:false
1774 http fetch GET 200 https://registry.npmjs.org/@radix-ui%2frect 236ms (cache revalidated)
1775 silly packumentCache full:https://registry.npmjs.org/@radix-ui%2frect set size:127893 disposed:false
1776 silly placeDep ROOT @radix-ui/react-roving-focus@1.1.19 OK for: @radix-ui/react-menu@2.1.24 want: 1.1.19
1777 silly placeDep ROOT @radix-ui/react-use-previous@1.1.4 OK for: @radix-ui/react-navigation-menu@1.2.22 want: 1.1.4
1778 silly placeDep ROOT @radix-ui/react-visually-hidden@1.2.11 OK for: @radix-ui/react-navigation-menu@1.2.22 want: 1.2.11
1779 silly placeDep ROOT @floating-ui/react-dom@2.1.9 OK for: @radix-ui/react-popper@1.3.7 want: ^2.0.0
1780 silly placeDep ROOT @radix-ui/react-arrow@1.1.15 OK for: @radix-ui/react-popper@1.3.7 want: 1.1.15
1781 silly placeDep ROOT @radix-ui/react-use-rect@1.1.4 OK for: @radix-ui/react-popper@1.3.7 want: 1.1.4
1782 silly placeDep ROOT @radix-ui/rect@1.1.3 OK for: @radix-ui/react-popper@1.3.7 want: 1.1.3
1783 silly fetch manifest @floating-ui/dom@^1.8.0
1784 silly packumentCache full:https://registry.npmjs.org/@floating-ui%2fdom cache-miss
1785 http fetch GET 200 https://registry.npmjs.org/@floating-ui%2fdom 121ms (cache revalidated)
1786 silly packumentCache full:https://registry.npmjs.org/@floating-ui%2fdom set size:254552 disposed:false
1787 silly placeDep ROOT @floating-ui/dom@1.8.0 OK for: @floating-ui/react-dom@2.1.9 want: ^1.8.0
1788 silly fetch manifest @floating-ui/core@^1.8.0
1789 silly packumentCache full:https://registry.npmjs.org/@floating-ui%2fcore cache-miss
1790 silly fetch manifest @floating-ui/utils@^0.2.12
1791 silly packumentCache full:https://registry.npmjs.org/@floating-ui%2futils cache-miss
1792 http fetch GET 200 https://registry.npmjs.org/@floating-ui%2futils 123ms (cache revalidated)
1793 silly packumentCache full:https://registry.npmjs.org/@floating-ui%2futils set size:54354 disposed:false
1794 http fetch GET 200 https://registry.npmjs.org/@floating-ui%2fcore 322ms (cache revalidated)
1795 silly packumentCache full:https://registry.npmjs.org/@floating-ui%2fcore set size:182076 disposed:false
1796 silly placeDep ROOT @floating-ui/core@1.8.0 OK for: @floating-ui/dom@1.8.0 want: ^1.8.0
1797 silly placeDep ROOT @floating-ui/utils@0.2.12 OK for: @floating-ui/dom@1.8.0 want: ^0.2.12
1798 silly placeDep ROOT @radix-ui/number@1.1.3 OK for: @radix-ui/react-scroll-area@1.2.18 want: 1.1.3
1799 silly placeDep ROOT @supabase/auth-js@2.116.0 OK for: @supabase/supabase-js@2.116.0 want: 2.116.0
1800 silly placeDep ROOT @supabase/functions-js@2.116.0 OK for: @supabase/supabase-js@2.116.0 want: 2.116.0
1801 silly placeDep ROOT @supabase/postgrest-js@2.116.0 OK for: @supabase/supabase-js@2.116.0 want: 2.116.0
1802 silly placeDep ROOT @supabase/realtime-js@2.116.0 OK for: @supabase/supabase-js@2.116.0 want: 2.116.0
1803 silly placeDep ROOT @supabase/storage-js@2.116.0 OK for: @supabase/supabase-js@2.116.0 want: 2.116.0
1804 silly fetch manifest tslib@2.8.1
1805 silly packumentCache full:https://registry.npmjs.org/tslib cache-hit
1806 silly fetch manifest tslib@2.8.1
1807 silly packumentCache full:https://registry.npmjs.org/tslib cache-hit
1808 silly fetch manifest tslib@2.8.1
1809 silly packumentCache full:https://registry.npmjs.org/tslib cache-hit
1810 silly fetch manifest tslib@2.8.1
1811 silly packumentCache full:https://registry.npmjs.org/tslib cache-hit
1812 silly fetch manifest @supabase/phoenix@0.4.5
1813 silly packumentCache full:https://registry.npmjs.org/@supabase%2fphoenix cache-miss
1814 silly fetch manifest tslib@2.8.1
1815 silly packumentCache full:https://registry.npmjs.org/tslib cache-hit
1816 silly fetch manifest iceberg-js@^0.8.1
1817 silly packumentCache full:https://registry.npmjs.org/iceberg-js cache-miss
1818 http fetch GET 200 https://registry.npmjs.org/@supabase%2fphoenix 121ms (cache revalidated)
1819 silly packumentCache full:https://registry.npmjs.org/@supabase%2fphoenix set size:32329 disposed:false
1820 http fetch GET 200 https://registry.npmjs.org/iceberg-js 126ms (cache revalidated)
1821 silly packumentCache full:https://registry.npmjs.org/iceberg-js set size:44071 disposed:false
1822 silly placeDep ROOT tslib@2.8.1 OK for: @supabase/auth-js@2.116.0 want: 2.8.1
1823 silly placeDep ROOT @supabase/phoenix@0.4.5 OK for: @supabase/realtime-js@2.116.0 want: 0.4.5
1824 silly placeDep ROOT iceberg-js@0.8.1 OK for: @supabase/storage-js@2.116.0 want: ^0.8.1
1825 silly placeDep ROOT @tailwindcss/node@4.3.3 OK for: @tailwindcss/vite@4.3.3 want: 4.3.3
1826 silly placeDep ROOT @tailwindcss/oxide@4.3.3 OK for: @tailwindcss/vite@4.3.3 want: 4.3.3
1827 silly fetch manifest lightningcss@1.32.0
1828 silly packumentCache full:https://registry.npmjs.org/lightningcss cache-hit
1829 silly fetch manifest magic-string@^0.30.21
1830 silly packumentCache full:https://registry.npmjs.org/magic-string cache-miss
1831 silly fetch manifest source-map-js@^1.2.1
1832 silly packumentCache full:https://registry.npmjs.org/source-map-js cache-miss
1833 silly fetch manifest enhanced-resolve@^5.24.1
1834 silly packumentCache full:https://registry.npmjs.org/enhanced-resolve cache-miss
1835 silly fetch manifest @jridgewell/remapping@^2.3.5
1836 silly packumentCache full:https://registry.npmjs.org/@jridgewell%2fremapping cache-miss
1837 silly fetch manifest @tailwindcss/oxide-darwin-x64@4.3.3
1838 silly packumentCache full:https://registry.npmjs.org/@tailwindcss%2foxide-darwin-x64 cache-miss
1839 silly fetch manifest @tailwindcss/oxide-freebsd-x64@4.3.3
1840 silly packumentCache full:https://registry.npmjs.org/@tailwindcss%2foxide-freebsd-x64 cache-miss
1841 silly fetch manifest @tailwindcss/oxide-wasm32-wasi@4.3.3
1842 silly packumentCache full:https://registry.npmjs.org/@tailwindcss%2foxide-wasm32-wasi cache-miss
1843 http fetch GET 200 https://registry.npmjs.org/source-map-js 155ms (cache revalidated)
1844 silly packumentCache full:https://registry.npmjs.org/source-map-js set size:62640 disposed:false
1845 silly fetch manifest @tailwindcss/oxide-darwin-arm64@4.3.3
1846 silly packumentCache full:https://registry.npmjs.org/@tailwindcss%2foxide-darwin-arm64 cache-miss
1847 http fetch GET 200 https://registry.npmjs.org/enhanced-resolve 167ms (cache revalidated)
1848 silly packumentCache full:https://registry.npmjs.org/enhanced-resolve set size:492545 disposed:false
1849 silly fetch manifest @tailwindcss/oxide-android-arm64@4.3.3
1850 silly packumentCache full:https://registry.npmjs.org/@tailwindcss%2foxide-android-arm64 cache-miss
1851 http fetch GET 200 https://registry.npmjs.org/@jridgewell%2fremapping 199ms (cache revalidated)
1852 silly packumentCache full:https://registry.npmjs.org/@jridgewell%2fremapping set size:23809 disposed:false
1853 silly fetch manifest @tailwindcss/oxide-linux-x64-gnu@4.3.3
1854 silly packumentCache full:https://registry.npmjs.org/@tailwindcss%2foxide-linux-x64-gnu cache-miss
1855 http fetch GET 200 https://registry.npmjs.org/magic-string 221ms (cache revalidated)
1856 silly packumentCache full:https://registry.npmjs.org/magic-string set size:366087 disposed:false
1857 silly fetch manifest @tailwindcss/oxide-linux-x64-musl@4.3.3
1858 silly packumentCache full:https://registry.npmjs.org/@tailwindcss%2foxide-linux-x64-musl cache-miss
1859 http fetch GET 200 https://registry.npmjs.org/@tailwindcss%2foxide-wasm32-wasi 283ms (cache revalidated)
1860 silly packumentCache full:https://registry.npmjs.org/@tailwindcss%2foxide-wasm32-wasi set size:1597796 disposed:false
1861 silly fetch manifest @tailwindcss/oxide-win32-x64-msvc@4.3.3
1862 silly packumentCache full:https://registry.npmjs.org/@tailwindcss%2foxide-win32-x64-msvc cache-miss
1863 http fetch GET 200 https://registry.npmjs.org/@tailwindcss%2foxide-freebsd-x64 380ms (cache revalidated)
1864 silly packumentCache full:https://registry.npmjs.org/@tailwindcss%2foxide-freebsd-x64 set size:2996873 disposed:false
1865 silly fetch manifest @tailwindcss/oxide-linux-arm64-gnu@4.3.3
1866 silly packumentCache full:https://registry.npmjs.org/@tailwindcss%2foxide-linux-arm64-gnu cache-miss
1867 http fetch GET 200 https://registry.npmjs.org/@tailwindcss%2foxide-darwin-arm64 625ms (cache revalidated)
1868 silly packumentCache full:https://registry.npmjs.org/@tailwindcss%2foxide-darwin-arm64 set size:3017995 disposed:false
1869 silly fetch manifest @tailwindcss/oxide-linux-arm64-musl@4.3.3
1870 silly packumentCache full:https://registry.npmjs.org/@tailwindcss%2foxide-linux-arm64-musl cache-miss
1871 http fetch GET 200 https://registry.npmjs.org/@tailwindcss%2foxide-android-arm64 745ms (cache revalidated)
1872 silly packumentCache full:https://registry.npmjs.org/@tailwindcss%2foxide-android-arm64 set size:2159100 disposed:false
1873 silly fetch manifest @tailwindcss/oxide-win32-arm64-msvc@4.3.3
1874 silly packumentCache full:https://registry.npmjs.org/@tailwindcss%2foxide-win32-arm64-msvc cache-miss
1875 http fetch GET 200 https://registry.npmjs.org/@tailwindcss%2foxide-linux-x64-gnu 846ms (cache revalidated)
1876 silly packumentCache full:https://registry.npmjs.org/@tailwindcss%2foxide-linux-x64-gnu set size:3043317 disposed:false
1877 silly fetch manifest @tailwindcss/oxide-linux-arm-gnueabihf@4.3.3
1878 silly packumentCache full:https://registry.npmjs.org/@tailwindcss%2foxide-linux-arm-gnueabihf cache-miss
1879 http fetch GET 200 https://registry.npmjs.org/@tailwindcss%2foxide-darwin-x64 1198ms (cache revalidated)
1880 silly packumentCache full:https://registry.npmjs.org/@tailwindcss%2foxide-darwin-x64 set size:2981681 disposed:false
1881 http fetch GET 200 https://registry.npmjs.org/@tailwindcss%2foxide-linux-x64-musl 1147ms (cache revalidated)
1882 silly packumentCache full:https://registry.npmjs.org/@tailwindcss%2foxide-linux-x64-musl set size:3052621 disposed:false
1883 http fetch GET 200 https://registry.npmjs.org/@tailwindcss%2foxide-win32-x64-msvc 1265ms (cache revalidated)
1884 silly packumentCache full:https://registry.npmjs.org/@tailwindcss%2foxide-win32-x64-msvc set size:3024736 disposed:false
1885 http fetch GET 200 https://registry.npmjs.org/@tailwindcss%2foxide-linux-arm64-musl 913ms (cache revalidated)
1886 silly packumentCache full:https://registry.npmjs.org/@tailwindcss%2foxide-linux-arm64-musl set size:3082296 disposed:false
1887 http fetch GET 200 https://registry.npmjs.org/@tailwindcss%2foxide-linux-arm64-gnu 1474ms (cache revalidated)
1888 silly packumentCache full:https://registry.npmjs.org/@tailwindcss%2foxide-linux-arm64-gnu set size:3070738 disposed:false
1889 http fetch GET 200 https://registry.npmjs.org/@tailwindcss%2foxide-linux-arm-gnueabihf 1100ms (cache revalidated)
1890 silly packumentCache full:https://registry.npmjs.org/@tailwindcss%2foxide-linux-arm-gnueabihf set size:3097011 disposed:false
1891 http fetch GET 200 https://registry.npmjs.org/@tailwindcss%2foxide-win32-arm64-msvc 1406ms (cache revalidated)
1892 silly packumentCache full:https://registry.npmjs.org/@tailwindcss%2foxide-win32-arm64-msvc set size:2136387 disposed:false
1893 silly placeDep ROOT @jridgewell/remapping@2.3.5 OK for: @tailwindcss/node@4.3.3 want: ^2.3.5
1894 silly placeDep ROOT enhanced-resolve@5.25.1 OK for: @tailwindcss/node@4.3.3 want: ^5.24.1
1895 silly placeDep ROOT jiti@2.7.0 OK for: @tailwindcss/node@4.3.3 want: ^2.7.0
1896 silly placeDep node_modules/@tailwindcss/node lightningcss@1.32.0 OK for: @tailwindcss/node@4.3.3 want: 1.32.0
1897 silly placeDep ROOT magic-string@0.30.21 OK for: @tailwindcss/node@4.3.3 want: ^0.30.21
1898 silly placeDep ROOT source-map-js@1.2.1 OK for: @tailwindcss/node@4.3.3 want: ^1.2.1
1899 silly fetch manifest @jridgewell/gen-mapping@^0.3.5
1900 silly packumentCache full:https://registry.npmjs.org/@jridgewell%2fgen-mapping cache-miss
1901 silly fetch manifest @jridgewell/trace-mapping@^0.3.24
1902 silly packumentCache full:https://registry.npmjs.org/@jridgewell%2ftrace-mapping cache-miss
1903 silly fetch manifest tapable@^2.3.3
1904 silly packumentCache full:https://registry.npmjs.org/tapable cache-miss
1905 silly fetch manifest graceful-fs@^4.2.4
1906 silly packumentCache full:https://registry.npmjs.org/graceful-fs cache-miss
1907 silly fetch manifest lightningcss-darwin-x64@1.32.0
1908 silly packumentCache full:https://registry.npmjs.org/lightningcss-darwin-x64 cache-hit
1909 silly fetch manifest lightningcss-freebsd-x64@1.32.0
1910 silly packumentCache full:https://registry.npmjs.org/lightningcss-freebsd-x64 cache-hit
1911 silly fetch manifest lightningcss-darwin-arm64@1.32.0
1912 silly packumentCache full:https://registry.npmjs.org/lightningcss-darwin-arm64 cache-hit
1913 silly fetch manifest lightningcss-android-arm64@1.32.0
1914 silly packumentCache full:https://registry.npmjs.org/lightningcss-android-arm64 cache-hit
1915 silly fetch manifest lightningcss-linux-x64-gnu@1.32.0
1916 silly packumentCache full:https://registry.npmjs.org/lightningcss-linux-x64-gnu cache-hit
1917 silly fetch manifest lightningcss-linux-x64-musl@1.32.0
1918 silly packumentCache full:https://registry.npmjs.org/lightningcss-linux-x64-musl cache-hit
1919 silly fetch manifest lightningcss-win32-x64-msvc@1.32.0
1920 silly packumentCache full:https://registry.npmjs.org/lightningcss-win32-x64-msvc cache-hit
1921 silly fetch manifest lightningcss-linux-arm64-gnu@1.32.0
1922 silly packumentCache full:https://registry.npmjs.org/lightningcss-linux-arm64-gnu cache-hit
1923 silly fetch manifest lightningcss-linux-arm64-musl@1.32.0
1924 silly packumentCache full:https://registry.npmjs.org/lightningcss-linux-arm64-musl cache-hit
1925 silly fetch manifest lightningcss-win32-arm64-msvc@1.32.0
1926 silly packumentCache full:https://registry.npmjs.org/lightningcss-win32-arm64-msvc cache-hit
1927 silly fetch manifest lightningcss-linux-arm-gnueabihf@1.32.0
1928 silly packumentCache full:https://registry.npmjs.org/lightningcss-linux-arm-gnueabihf cache-hit
1929 silly fetch manifest @jridgewell/sourcemap-codec@^1.5.5
1930 silly packumentCache full:https://registry.npmjs.org/@jridgewell%2fsourcemap-codec cache-miss
1931 http fetch GET 200 https://registry.npmjs.org/tapable 175ms (cache revalidated)
1932 silly packumentCache full:https://registry.npmjs.org/tapable set size:141233 disposed:false
1933 http fetch GET 200 https://registry.npmjs.org/graceful-fs 196ms (cache revalidated)
1934 silly packumentCache full:https://registry.npmjs.org/graceful-fs set size:124285 disposed:false
1935 http fetch GET 200 https://registry.npmjs.org/@jridgewell%2fgen-mapping 227ms (cache revalidated)
1936 silly packumentCache full:https://registry.npmjs.org/@jridgewell%2fgen-mapping set size:75941 disposed:false
1937 http fetch GET 200 https://registry.npmjs.org/@jridgewell%2ftrace-mapping 236ms (cache revalidated)
1938 silly packumentCache full:https://registry.npmjs.org/@jridgewell%2ftrace-mapping set size:170909 disposed:false
1939 http fetch GET 200 https://registry.npmjs.org/@jridgewell%2fsourcemap-codec 207ms (cache revalidated)
1940 silly packumentCache full:https://registry.npmjs.org/@jridgewell%2fsourcemap-codec set size:65255 disposed:false
1941 silly placeDep ROOT @jridgewell/gen-mapping@0.3.13 OK for: @jridgewell/remapping@2.3.5 want: ^0.3.5
1942 silly placeDep ROOT @jridgewell/trace-mapping@0.3.31 OK for: @jridgewell/remapping@2.3.5 want: ^0.3.24
1943 silly fetch manifest @jridgewell/sourcemap-codec@^1.5.0
1944 silly packumentCache full:https://registry.npmjs.org/@jridgewell%2fsourcemap-codec cache-hit
1945 silly fetch manifest @jridgewell/resolve-uri@^3.1.0
1946 silly packumentCache full:https://registry.npmjs.org/@jridgewell%2fresolve-uri cache-miss
1947 silly fetch manifest @jridgewell/sourcemap-codec@^1.4.14
1948 silly packumentCache full:https://registry.npmjs.org/@jridgewell%2fsourcemap-codec cache-hit
1949 http fetch GET 200 https://registry.npmjs.org/@jridgewell%2fresolve-uri 110ms (cache revalidated)
1950 silly packumentCache full:https://registry.npmjs.org/@jridgewell%2fresolve-uri set size:57361 disposed:false
1951 silly placeDep ROOT @jridgewell/sourcemap-codec@1.6.0 OK for: @jridgewell/gen-mapping@0.3.13 want: ^1.5.0
1952 silly placeDep ROOT @jridgewell/resolve-uri@3.1.2 OK for: @jridgewell/trace-mapping@0.3.31 want: ^3.1.0
1953 silly placeDep ROOT @tailwindcss/oxide-android-arm64@4.3.3 OK for: @tailwindcss/oxide@4.3.3 want: 4.3.3
1954 silly placeDep ROOT @tailwindcss/oxide-darwin-arm64@4.3.3 OK for: @tailwindcss/oxide@4.3.3 want: 4.3.3
1955 silly placeDep ROOT @tailwindcss/oxide-darwin-x64@4.3.3 OK for: @tailwindcss/oxide@4.3.3 want: 4.3.3
1956 silly placeDep ROOT @tailwindcss/oxide-freebsd-x64@4.3.3 OK for: @tailwindcss/oxide@4.3.3 want: 4.3.3
1957 silly placeDep ROOT @tailwindcss/oxide-linux-arm-gnueabihf@4.3.3 OK for: @tailwindcss/oxide@4.3.3 want: 4.3.3
1958 silly placeDep ROOT @tailwindcss/oxide-linux-arm64-gnu@4.3.3 OK for: @tailwindcss/oxide@4.3.3 want: 4.3.3
1959 silly placeDep ROOT @tailwindcss/oxide-linux-arm64-musl@4.3.3 OK for: @tailwindcss/oxide@4.3.3 want: 4.3.3
1960 silly placeDep ROOT @tailwindcss/oxide-linux-x64-gnu@4.3.3 OK for: @tailwindcss/oxide@4.3.3 want: 4.3.3
1961 silly placeDep ROOT @tailwindcss/oxide-linux-x64-musl@4.3.3 OK for: @tailwindcss/oxide@4.3.3 want: 4.3.3
1962 silly placeDep ROOT @tailwindcss/oxide-wasm32-wasi@4.3.3 OK for: @tailwindcss/oxide@4.3.3 want: 4.3.3
1963 silly placeDep ROOT @tailwindcss/oxide-win32-arm64-msvc@4.3.3 OK for: @tailwindcss/oxide@4.3.3 want: 4.3.3
1964 silly placeDep ROOT @tailwindcss/oxide-win32-x64-msvc@4.3.3 OK for: @tailwindcss/oxide@4.3.3 want: 4.3.3
1965 silly placeDep ROOT @tanstack/devtools-bundler-core@0.1.3 OK for: @tanstack/devtools-vite@0.8.5 want: 0.1.3
1966 silly placeDep ROOT @tanstack/devtools-client@0.0.8 OK for: @tanstack/devtools-vite@0.8.5 want: 0.0.8
1967 silly placeDep ROOT @tanstack/devtools-event-bus@0.4.3 OK for: @tanstack/devtools-vite@0.8.5 want: 0.4.3
1968 silly placeDep ROOT chalk@5.6.2 OK for: @tanstack/devtools-vite@0.8.5 want: ^5.6.2
1969 silly fetch manifest oxc-parser@^0.120.0
1970 silly packumentCache full:https://registry.npmjs.org/oxc-parser cache-miss
1971 silly fetch manifest launch-editor@^2.14.1
1972 silly packumentCache full:https://registry.npmjs.org/launch-editor cache-miss
1973 silly fetch manifest @tanstack/devtools-event-client@^0.5.0
1974 silly packumentCache full:https://registry.npmjs.org/@tanstack%2fdevtools-event-client cache-miss
1975 silly fetch manifest ws@^8.18.3
1976 silly packumentCache full:https://registry.npmjs.org/ws cache-miss
1977 http fetch GET 200 https://registry.npmjs.org/launch-editor 136ms (cache revalidated)
1978 silly packumentCache full:https://registry.npmjs.org/launch-editor set size:46130 disposed:false
1979 http fetch GET 200 https://registry.npmjs.org/ws 139ms (cache revalidated)
1980 silly packumentCache full:https://registry.npmjs.org/ws set size:447661 disposed:false
1981 http fetch GET 200 https://registry.npmjs.org/oxc-parser 190ms (cache revalidated)
1982 silly packumentCache full:https://registry.npmjs.org/oxc-parser set size:624695 disposed:false
1983 http fetch GET 200 https://registry.npmjs.org/@tanstack%2fdevtools-event-client 506ms (cache revalidated)
1984 silly packumentCache full:https://registry.npmjs.org/@tanstack%2fdevtools-event-client set size:50231 disposed:false
1985 silly placeDep ROOT launch-editor@2.14.1 OK for: @tanstack/devtools-bundler-core@0.1.3 want: ^2.14.1
1986 silly placeDep ROOT oxc-parser@0.120.0 OK for: @tanstack/devtools-bundler-core@0.1.3 want: ^0.120.0
1987 silly placeDep ROOT picomatch@4.0.7 OK for: @tanstack/devtools-bundler-core@0.1.3 want: ^4.0.5
1988 silly fetch manifest picocolors@^1.1.1
1989 silly packumentCache full:https://registry.npmjs.org/picocolors cache-miss
1990 silly fetch manifest shell-quote@^1.8.4
1991 silly packumentCache full:https://registry.npmjs.org/shell-quote cache-miss
1992 silly fetch manifest @oxc-project/types@^0.120.0
1993 silly packumentCache full:https://registry.npmjs.org/@oxc-project%2ftypes cache-miss
1994 silly fetch manifest @oxc-parser/binding-darwin-x64@0.120.0
1995 silly packumentCache full:https://registry.npmjs.org/@oxc-parser%2fbinding-darwin-x64 cache-miss
1996 silly fetch manifest @oxc-parser/binding-freebsd-x64@0.120.0
1997 silly packumentCache full:https://registry.npmjs.org/@oxc-parser%2fbinding-freebsd-x64 cache-miss
1998 silly fetch manifest @oxc-parser/binding-wasm32-wasi@0.120.0
1999 silly packumentCache full:https://registry.npmjs.org/@oxc-parser%2fbinding-wasm32-wasi cache-miss
2000 silly fetch manifest @oxc-parser/binding-darwin-arm64@0.120.0
2001 silly packumentCache full:https://registry.npmjs.org/@oxc-parser%2fbinding-darwin-arm64 cache-miss
2002 http fetch GET 200 https://registry.npmjs.org/picocolors 177ms (cache revalidated)
2003 silly packumentCache full:https://registry.npmjs.org/picocolors set size:16648 disposed:false
2004 silly fetch manifest @oxc-parser/binding-android-arm64@0.120.0
2005 silly packumentCache full:https://registry.npmjs.org/@oxc-parser%2fbinding-android-arm64 cache-miss
2006 http fetch GET 200 https://registry.npmjs.org/@oxc-parser%2fbinding-darwin-x64 192ms (cache revalidated)
2007 silly packumentCache full:https://registry.npmjs.org/@oxc-parser%2fbinding-darwin-x64 set size:318297 disposed:false
2008 silly fetch manifest @oxc-parser/binding-linux-x64-gnu@0.120.0
2009 silly packumentCache full:https://registry.npmjs.org/@oxc-parser%2fbinding-linux-x64-gnu cache-miss
2010 http fetch GET 200 https://registry.npmjs.org/@oxc-parser%2fbinding-freebsd-x64 216ms (cache revalidated)
2011 silly packumentCache full:https://registry.npmjs.org/@oxc-parser%2fbinding-freebsd-x64 set size:165788 disposed:false
2012 silly fetch manifest @oxc-parser/binding-linux-x64-musl@0.120.0
2013 silly packumentCache full:https://registry.npmjs.org/@oxc-parser%2fbinding-linux-x64-musl cache-miss
2014 http fetch GET 200 https://registry.npmjs.org/@oxc-parser%2fbinding-wasm32-wasi 231ms (cache revalidated)
2015 silly packumentCache full:https://registry.npmjs.org/@oxc-parser%2fbinding-wasm32-wasi set size:202219 disposed:false
2016 silly fetch manifest @oxc-parser/binding-win32-x64-msvc@0.120.0
2017 silly packumentCache full:https://registry.npmjs.org/@oxc-parser%2fbinding-win32-x64-msvc cache-miss
2018 http fetch GET 200 https://registry.npmjs.org/@oxc-parser%2fbinding-darwin-arm64 251ms (cache revalidated)
2019 silly packumentCache full:https://registry.npmjs.org/@oxc-parser%2fbinding-darwin-arm64 set size:323211 disposed:false
2020 silly fetch manifest @oxc-parser/binding-linux-arm64-gnu@0.120.0
2021 silly packumentCache full:https://registry.npmjs.org/@oxc-parser%2fbinding-linux-arm64-gnu cache-miss
2022 http fetch GET 200 https://registry.npmjs.org/shell-quote 286ms (cache revalidated)
2023 silly packumentCache full:https://registry.npmjs.org/shell-quote set size:72517 disposed:false
2024 silly fetch manifest @oxc-parser/binding-linux-ppc64-gnu@0.120.0
2025 silly packumentCache full:https://registry.npmjs.org/@oxc-parser%2fbinding-linux-ppc64-gnu cache-miss
2026 http fetch GET 200 https://registry.npmjs.org/@oxc-project%2ftypes 301ms (cache revalidated)
2027 silly packumentCache full:https://registry.npmjs.org/@oxc-project%2ftypes set size:256836 disposed:false
2028 silly fetch manifest @oxc-parser/binding-linux-s390x-gnu@0.120.0
2029 silly packumentCache full:https://registry.npmjs.org/@oxc-parser%2fbinding-linux-s390x-gnu cache-miss
2030 http fetch GET 200 https://registry.npmjs.org/@oxc-parser%2fbinding-android-arm64 277ms (cache revalidated)
2031 silly packumentCache full:https://registry.npmjs.org/@oxc-parser%2fbinding-android-arm64 set size:154910 disposed:false
2032 silly fetch manifest @oxc-parser/binding-win32-ia32-msvc@0.120.0
2033 silly packumentCache full:https://registry.npmjs.org/@oxc-parser%2fbinding-win32-ia32-msvc cache-miss
2034 http fetch GET 200 https://registry.npmjs.org/@oxc-parser%2fbinding-linux-x64-gnu 258ms (cache revalidated)
2035 silly packumentCache full:https://registry.npmjs.org/@oxc-parser%2fbinding-linux-x64-gnu set size:326800 disposed:false
2036 silly fetch manifest @oxc-parser/binding-android-arm-eabi@0.120.0
2037 silly packumentCache full:https://registry.npmjs.org/@oxc-parser%2fbinding-android-arm-eabi cache-miss
2038 http fetch GET 200 https://registry.npmjs.org/@oxc-parser%2fbinding-linux-ppc64-gnu 204ms (cache revalidated)
2039 silly packumentCache full:https://registry.npmjs.org/@oxc-parser%2fbinding-linux-ppc64-gnu set size:88393 disposed:false
2040 silly fetch manifest @oxc-parser/binding-linux-arm64-musl@0.120.0
2041 silly packumentCache full:https://registry.npmjs.org/@oxc-parser%2fbinding-linux-arm64-musl cache-miss
2042 http fetch GET 200 https://registry.npmjs.org/@oxc-parser%2fbinding-linux-arm64-gnu 233ms (cache revalidated)
2043 silly packumentCache full:https://registry.npmjs.org/@oxc-parser%2fbinding-linux-arm64-gnu set size:331766 disposed:false
2044 silly fetch manifest @oxc-parser/binding-win32-arm64-msvc@0.120.0
2045 silly packumentCache full:https://registry.npmjs.org/@oxc-parser%2fbinding-win32-arm64-msvc cache-miss
2046 http fetch GET 200 https://registry.npmjs.org/@oxc-parser%2fbinding-linux-x64-musl 325ms (cache revalidated)
2047 silly packumentCache full:https://registry.npmjs.org/@oxc-parser%2fbinding-linux-x64-musl set size:326432 disposed:false
2048 silly fetch manifest @oxc-parser/binding-linux-riscv64-gnu@0.120.0
2049 silly packumentCache full:https://registry.npmjs.org/@oxc-parser%2fbinding-linux-riscv64-gnu cache-miss
2050 http fetch GET 200 https://registry.npmjs.org/@oxc-parser%2fbinding-linux-s390x-gnu 263ms (cache revalidated)
2051 silly packumentCache full:https://registry.npmjs.org/@oxc-parser%2fbinding-linux-s390x-gnu set size:169793 disposed:false
2052 silly fetch manifest @oxc-parser/binding-openharmony-arm64@0.120.0
2053 silly packumentCache full:https://registry.npmjs.org/@oxc-parser%2fbinding-openharmony-arm64 cache-miss
2054 http fetch GET 200 https://registry.npmjs.org/@oxc-parser%2fbinding-win32-x64-msvc 346ms (cache revalidated)
2055 silly packumentCache full:https://registry.npmjs.org/@oxc-parser%2fbinding-win32-x64-msvc set size:327306 disposed:false
2056 silly fetch manifest @oxc-parser/binding-linux-riscv64-musl@0.120.0
2057 silly packumentCache full:https://registry.npmjs.org/@oxc-parser%2fbinding-linux-riscv64-musl cache-miss
2058 http fetch GET 200 https://registry.npmjs.org/@oxc-parser%2fbinding-win32-ia32-msvc 250ms (cache revalidated)
2059 silly packumentCache full:https://registry.npmjs.org/@oxc-parser%2fbinding-win32-ia32-msvc set size:87577 disposed:false
2060 silly fetch manifest @oxc-parser/binding-linux-arm-gnueabihf@0.120.0
2061 silly packumentCache full:https://registry.npmjs.org/@oxc-parser%2fbinding-linux-arm-gnueabihf cache-miss
2062 http fetch GET 200 https://registry.npmjs.org/@oxc-parser%2fbinding-win32-arm64-msvc 228ms (cache revalidated)
2063 silly packumentCache full:https://registry.npmjs.org/@oxc-parser%2fbinding-win32-arm64-msvc set size:330393 disposed:false
2064 silly fetch manifest @oxc-parser/binding-linux-arm-musleabihf@0.120.0
2065 silly packumentCache full:https://registry.npmjs.org/@oxc-parser%2fbinding-linux-arm-musleabihf cache-miss
2066 http fetch GET 200 https://registry.npmjs.org/@oxc-parser%2fbinding-android-arm-eabi 291ms (cache revalidated)
2067 silly packumentCache full:https://registry.npmjs.org/@oxc-parser%2fbinding-android-arm-eabi set size:87951 disposed:false
2068 http fetch GET 200 https://registry.npmjs.org/@oxc-parser%2fbinding-linux-riscv64-gnu 218ms (cache revalidated)
2069 silly packumentCache full:https://registry.npmjs.org/@oxc-parser%2fbinding-linux-riscv64-gnu set size:171191 disposed:false
2070 http fetch GET 200 https://registry.npmjs.org/@oxc-parser%2fbinding-linux-arm64-musl 302ms (cache revalidated)
2071 silly packumentCache full:https://registry.npmjs.org/@oxc-parser%2fbinding-linux-arm64-musl set size:331367 disposed:false
2072 http fetch GET 200 https://registry.npmjs.org/@oxc-parser%2fbinding-openharmony-arm64 296ms (cache revalidated)
2073 silly packumentCache full:https://registry.npmjs.org/@oxc-parser%2fbinding-openharmony-arm64 set size:97692 disposed:false
2074 http fetch GET 200 https://registry.npmjs.org/@oxc-parser%2fbinding-linux-riscv64-musl 290ms (cache revalidated)
2075 silly packumentCache full:https://registry.npmjs.org/@oxc-parser%2fbinding-linux-riscv64-musl set size:89373 disposed:false
2076 http fetch GET 200 https://registry.npmjs.org/@oxc-parser%2fbinding-linux-arm-gnueabihf 255ms (cache revalidated)
2077 silly packumentCache full:https://registry.npmjs.org/@oxc-parser%2fbinding-linux-arm-gnueabihf set size:202898 disposed:false
2078 http fetch GET 200 https://registry.npmjs.org/@oxc-parser%2fbinding-linux-arm-musleabihf 249ms (cache revalidated)
2079 silly packumentCache full:https://registry.npmjs.org/@oxc-parser%2fbinding-linux-arm-musleabihf set size:161798 disposed:false
2080 silly placeDep ROOT @tanstack/devtools-event-client@0.5.0 OK for: @tanstack/devtools-client@0.0.8 want: ^0.5.0
2081 silly fetch manifest bufferutil@^4.0.1
2082 silly packumentCache full:https://registry.npmjs.org/bufferutil cache-miss
2083 http fetch GET 200 https://registry.npmjs.org/bufferutil 108ms (cache revalidated)
2084 silly packumentCache full:https://registry.npmjs.org/bufferutil set size:52668 disposed:false
2085 silly fetch manifest utf-8-validate@>=5.0.2
2086 silly packumentCache full:https://registry.npmjs.org/utf-8-validate cache-miss
2087 http fetch GET 200 https://registry.npmjs.org/utf-8-validate 95ms (cache revalidated)
2088 silly packumentCache full:https://registry.npmjs.org/utf-8-validate set size:77012 disposed:false
2089 silly placeDep ROOT ws@8.21.3 OK for: @tanstack/devtools-event-bus@0.4.3 want: ^8.18.3
2090 silly placeDep ROOT @tanstack/query-core@5.103.1 OK for: @tanstack/react-query@5.103.1 want: 5.103.1
2091 silly fetch manifest react@>=18.0.0 || >=19.0.0
2092 silly packumentCache full:https://registry.npmjs.org/react cache-miss
2093 http cache https://registry.npmjs.org/react 82ms (cache hit)
2094 silly packumentCache full:https://registry.npmjs.org/react set size:6992208 disposed:false
2095 silly fetch manifest react-dom@>=18.0.0 || >=19.0.0
2096 silly packumentCache full:https://registry.npmjs.org/react-dom cache-miss
2097 http cache https://registry.npmjs.org/react-dom 140ms (cache hit)
2098 silly packumentCache full:https://registry.npmjs.org/react-dom set size:9417009 disposed:false
2099 silly placeDep ROOT @tanstack/history@1.162.0 OK for: @tanstack/react-router@1.170.18 want: 1.162.0
2100 silly placeDep ROOT @tanstack/react-store@0.9.3 OK for: @tanstack/react-router@1.170.18 want: ^0.9.3
2101 silly placeDep ROOT @tanstack/router-core@1.171.15 OK for: @tanstack/react-router@1.170.18 want: 1.171.15
2102 silly placeDep ROOT isbot@5.2.2 OK for: @tanstack/react-router@1.170.18 want: ^5.1.22
2103 silly fetch manifest @tanstack/store@0.9.3
2104 silly packumentCache full:https://registry.npmjs.org/@tanstack%2fstore cache-miss
2105 silly fetch manifest use-sync-external-store@^1.6.0
2106 silly packumentCache full:https://registry.npmjs.org/use-sync-external-store cache-miss
2107 silly fetch manifest seroval@^1.5.4
2108 silly packumentCache full:https://registry.npmjs.org/seroval cache-miss
2109 silly fetch manifest cookie-es@^3.0.0
2110 silly packumentCache full:https://registry.npmjs.org/cookie-es cache-miss
2111 silly fetch manifest seroval-plugins@^1.5.4
2112 silly packumentCache full:https://registry.npmjs.org/seroval-plugins cache-miss
2113 http fetch GET 200 https://registry.npmjs.org/@tanstack%2fstore 147ms (cache revalidated)
2114 silly packumentCache full:https://registry.npmjs.org/@tanstack%2fstore set size:169429 disposed:false
2115 http fetch GET 200 https://registry.npmjs.org/use-sync-external-store 211ms (cache revalidated)
2116 silly packumentCache full:https://registry.npmjs.org/use-sync-external-store set size:5041158 disposed:false
2117 http fetch GET 200 https://registry.npmjs.org/seroval-plugins 408ms (cache revalidated)
2118 silly packumentCache full:https://registry.npmjs.org/seroval-plugins set size:82708 disposed:false
2119 http fetch GET 200 https://registry.npmjs.org/seroval 428ms (cache revalidated)
2120 silly packumentCache full:https://registry.npmjs.org/seroval set size:235036 disposed:false
2121 http fetch GET 200 https://registry.npmjs.org/cookie-es 444ms (cache revalidated)
2122 silly packumentCache full:https://registry.npmjs.org/cookie-es set size:30011 disposed:false
2123 silly fetch manifest @rspack/core@>=2.0.0-0
2124 silly packumentCache full:https://registry.npmjs.org/@rspack%2fcore cache-miss
2125 http fetch GET 200 https://registry.npmjs.org/@rspack%2fcore 325ms (cache revalidated)
2126 silly packumentCache full:https://registry.npmjs.org/@rspack%2fcore set size:4477867 disposed:false
2127 silly fetch manifest @module-federation/runtime-tools@^0.24.1 || ^2.0.0
2128 silly packumentCache full:https://registry.npmjs.org/@module-federation%2fruntime-tools cache-miss
2129 http fetch GET 200 https://registry.npmjs.org/@module-federation%2fruntime-tools 547ms (cache revalidated)
2130 silly packumentCache full:https://registry.npmjs.org/@module-federation%2fruntime-tools set size:3818552 disposed:false
2131 silly fetch manifest @swc/helpers@^0.5.23
2132 silly packumentCache full:https://registry.npmjs.org/@swc%2fhelpers cache-miss
2133 http fetch GET 200 https://registry.npmjs.org/@swc%2fhelpers 139ms (cache revalidated)
2134 silly packumentCache full:https://registry.npmjs.org/@swc%2fhelpers set size:775458 disposed:false
2135 silly fetch manifest @vitejs/plugin-rsc@>=0.5.20
2136 silly packumentCache full:https://registry.npmjs.org/@vitejs%2fplugin-rsc cache-miss
2137 http fetch GET 200 https://registry.npmjs.org/@vitejs%2fplugin-rsc 140ms (cache revalidated)
2138 silly packumentCache full:https://registry.npmjs.org/@vitejs%2fplugin-rsc set size:226260 disposed:false
2139 silly fetch manifest react-server-dom-webpack@*
2140 silly packumentCache full:https://registry.npmjs.org/react-server-dom-webpack cache-miss
2141 http fetch GET 200 https://registry.npmjs.org/react-server-dom-webpack 223ms (cache revalidated)
2142 silly packumentCache full:https://registry.npmjs.org/react-server-dom-webpack set size:7714326 disposed:false
2143 silly fetch manifest webpack@^5.59.0
2144 silly packumentCache full:https://registry.npmjs.org/webpack cache-miss
2145 http cache https://registry.npmjs.org/webpack 87ms (cache hit)
2146 silly packumentCache full:https://registry.npmjs.org/webpack set size:5187916 disposed:false
2147 silly fetch manifest vite@>=7.0.0
2148 silly packumentCache full:https://registry.npmjs.org/vite cache-miss
2149 http cache https://registry.npmjs.org/vite 343ms (cache hit)
2150 silly packumentCache full:https://registry.npmjs.org/vite set size:38945461 disposed:false
2151 silly fetch manifest react-server-dom-rspack@>=0.0.2
2152 silly packumentCache full:https://registry.npmjs.org/react-server-dom-rspack cache-miss
2153 http fetch GET 200 https://registry.npmjs.org/react-server-dom-rspack 299ms (cache revalidated)
2154 silly packumentCache full:https://registry.npmjs.org/react-server-dom-rspack set size:57979 disposed:false
2155 silly placeDep ROOT @tanstack/react-start-client@1.168.16 OK for: @tanstack/react-start@1.168.32 want: 1.168.16
2156 silly placeDep ROOT @tanstack/react-start-rsc@0.1.31 OK for: @tanstack/react-start@1.168.32 want: 0.1.31
2157 silly placeDep ROOT @tanstack/react-start-server@1.167.22 OK for: @tanstack/react-start@1.168.32 want: 1.167.22
2158 silly placeDep ROOT @tanstack/router-utils@1.162.2 OK for: @tanstack/react-start@1.168.32 want: 1.162.2
2159 silly placeDep ROOT @tanstack/start-client-core@1.170.14 OK for: @tanstack/react-start@1.168.32 want: 1.170.14
2160 silly placeDep ROOT @tanstack/start-plugin-core@1.171.24 OK for: @tanstack/react-start@1.168.32 want: 1.171.24
2161 silly placeDep ROOT @tanstack/start-server-core@1.169.17 OK for: @tanstack/react-start@1.168.32 want: 1.169.17
2162 silly placeDep ROOT pathe@2.0.3 OK for: @tanstack/react-start@1.168.32 want: ^2.0.3
2163 silly fetch manifest @tanstack/start-fn-stubs@1.162.0
2164 silly packumentCache full:https://registry.npmjs.org/@tanstack%2fstart-fn-stubs cache-miss
2165 silly fetch manifest @tanstack/start-storage-context@1.167.17
2166 silly packumentCache full:https://registry.npmjs.org/@tanstack%2fstart-storage-context cache-miss
2167 silly fetch manifest diff@^8.0.2
2168 silly packumentCache full:https://registry.npmjs.org/diff cache-miss
2169 silly fetch manifest ansis@^4.1.0
2170 silly packumentCache full:https://registry.npmjs.org/ansis cache-miss
2171 silly fetch manifest tinyglobby@^0.2.15
2172 silly packumentCache full:https://registry.npmjs.org/tinyglobby cache-hit
2173 silly fetch manifest @babel/parser@^7.28.5
2174 silly packumentCache full:https://registry.npmjs.org/@babel%2fparser cache-miss
2175 silly fetch manifest @babel/generator@^7.28.5
2176 silly packumentCache full:https://registry.npmjs.org/@babel%2fgenerator cache-miss
2177 silly fetch manifest babel-dead-code-elimination@^1.0.12
2178 silly packumentCache full:https://registry.npmjs.org/babel-dead-code-elimination cache-miss
2179 http fetch GET 200 https://registry.npmjs.org/ansis 149ms (cache revalidated)
2180 silly packumentCache full:https://registry.npmjs.org/ansis set size:234969 disposed:false
2181 silly fetch manifest @tanstack/start-fn-stubs@1.162.0
2182 silly packumentCache full:https://registry.npmjs.org/@tanstack%2fstart-fn-stubs cache-miss
2183 http fetch GET 200 https://registry.npmjs.org/diff 184ms (cache revalidated)
2184 silly packumentCache full:https://registry.npmjs.org/diff set size:154400 disposed:false
2185 silly fetch manifest @tanstack/start-storage-context@1.167.17
2186 silly packumentCache full:https://registry.npmjs.org/@tanstack%2fstart-storage-context cache-miss
2187 http fetch GET 200 https://registry.npmjs.org/babel-dead-code-elimination 191ms (cache revalidated)
2188 silly packumentCache full:https://registry.npmjs.org/babel-dead-code-elimination set size:41610 disposed:false
2189 silly fetch manifest ufo@^1.5.4
2190 silly packumentCache full:https://registry.npmjs.org/ufo cache-miss
2191 http fetch GET 200 https://registry.npmjs.org/@babel%2fgenerator 208ms (cache revalidated)
2192 silly packumentCache full:https://registry.npmjs.org/@babel%2fgenerator set size:525319 disposed:false
2193 silly fetch manifest srvx@^0.11.9
2194 silly packumentCache full:https://registry.npmjs.org/srvx cache-hit
2195 silly fetch manifest vitefu@^1.1.1
2196 silly packumentCache full:https://registry.npmjs.org/vitefu cache-miss
2197 http fetch GET 200 https://registry.npmjs.org/@babel%2fparser 262ms (cache revalidated)
2198 silly packumentCache full:https://registry.npmjs.org/@babel%2fparser set size:740578 disposed:false
2199 silly fetch manifest exsolve@^1.0.7
2200 silly packumentCache full:https://registry.npmjs.org/exsolve cache-miss
2201 http fetch GET 200 https://registry.npmjs.org/exsolve 125ms (cache revalidated)
2202 silly packumentCache full:https://registry.npmjs.org/exsolve set size:60813 disposed:false
2203 silly fetch manifest source-map@^0.7.6
2204 silly packumentCache full:https://registry.npmjs.org/source-map cache-miss
2205 http fetch GET 200 https://registry.npmjs.org/@tanstack%2fstart-fn-stubs 564ms (cache revalidated)
2206 silly packumentCache full:https://registry.npmjs.org/@tanstack%2fstart-fn-stubs set size:28640 disposed:false
2207 silly fetch manifest xmlbuilder2@^4.0.3
2208 silly packumentCache full:https://registry.npmjs.org/xmlbuilder2 cache-miss
2209 http fetch GET 200 https://registry.npmjs.org/@tanstack%2fstart-fn-stubs 393ms (cache revalidated)
2210 silly packumentCache full:https://registry.npmjs.org/@tanstack%2fstart-fn-stubs set size:28640 disposed:false
2211 silly packumentCache full:https://registry.npmjs.org/@tanstack%2fstart-fn-stubs dispose
2212 silly fetch manifest @babel/code-frame@7.27.1
2213 silly packumentCache full:https://registry.npmjs.org/@babel%2fcode-frame cache-miss
2214 http fetch GET 200 https://registry.npmjs.org/source-map 121ms (cache revalidated)
2215 silly packumentCache full:https://registry.npmjs.org/source-map set size:231637 disposed:false
2216 silly fetch manifest h3-v2@npm:h3@2.0.1-rc.20
2217 silly packumentCache full:https://registry.npmjs.org/h3 cache-hit
2218 silly fetch manifest fetchdts@^0.1.6
2219 silly packumentCache full:https://registry.npmjs.org/fetchdts cache-miss
2220 http fetch GET 200 https://registry.npmjs.org/vitefu 380ms (cache revalidated)
2221 silly packumentCache full:https://registry.npmjs.org/vitefu set size:46970 disposed:false
2222 silly fetch manifest @tanstack/start-storage-context@1.167.17
2223 silly packumentCache full:https://registry.npmjs.org/@tanstack%2fstart-storage-context cache-miss
2224 http fetch GET 200 https://registry.npmjs.org/ufo 440ms (cache revalidated)
2225 silly packumentCache full:https://registry.npmjs.org/ufo set size:169119 disposed:false
2226 http fetch GET 200 https://registry.npmjs.org/@tanstack%2fstart-storage-context 718ms (cache revalidated)
2227 silly packumentCache full:https://registry.npmjs.org/@tanstack%2fstart-storage-context set size:849551 disposed:false
2228 http fetch GET 200 https://registry.npmjs.org/@tanstack%2fstart-storage-context 555ms (cache revalidated)
2229 silly packumentCache full:https://registry.npmjs.org/@tanstack%2fstart-storage-context set size:849551 disposed:false
2230 silly packumentCache full:https://registry.npmjs.org/@tanstack%2fstart-storage-context dispose
2231 http fetch GET 200 https://registry.npmjs.org/@tanstack%2fstart-storage-context 164ms (cache revalidated)
2232 silly packumentCache full:https://registry.npmjs.org/@tanstack%2fstart-storage-context set size:849551 disposed:true
2233 silly packumentCache full:https://registry.npmjs.org/@tanstack%2fstart-storage-context dispose
2234 http fetch GET 200 https://registry.npmjs.org/@babel%2fcode-frame 326ms (cache revalidated)
2235 silly packumentCache full:https://registry.npmjs.org/@babel%2fcode-frame set size:206617 disposed:false
2236 http fetch GET 200 https://registry.npmjs.org/xmlbuilder2 359ms (cache revalidated)
2237 silly packumentCache full:https://registry.npmjs.org/xmlbuilder2 set size:169332 disposed:false
2238 http fetch GET 200 https://registry.npmjs.org/fetchdts 347ms (cache revalidated)
2239 silly packumentCache full:https://registry.npmjs.org/fetchdts set size:67918 disposed:false
2240 silly placeDep ROOT @tanstack/start-fn-stubs@1.162.0 OK for: @tanstack/react-start-rsc@0.1.31 want: 1.162.0
2241 silly placeDep ROOT @tanstack/start-storage-context@1.167.17 OK for: @tanstack/react-start-rsc@0.1.31 want: 1.167.17
2242 silly fetch manifest react@^16.8.0 || ^17.0.0 || ^18.0.0 || ^19.0.0
2243 silly packumentCache full:https://registry.npmjs.org/react cache-miss
2244 http cache https://registry.npmjs.org/react 70ms (cache hit)
2245 silly packumentCache full:https://registry.npmjs.org/react set size:6992208 disposed:false
2246 silly placeDep ROOT @tanstack/store@0.9.3 OK for: @tanstack/react-store@0.9.3 want: 0.9.3
2247 silly placeDep ROOT use-sync-external-store@1.7.0 OK for: @tanstack/react-store@0.9.3 want: ^1.6.0
2248 silly placeDep ROOT cookie-es@3.1.1 OK for: @tanstack/router-core@1.171.15 want: ^3.0.0
2249 silly placeDep ROOT seroval@1.6.7 OK for: @tanstack/router-core@1.171.15 want: ^1.5.4
2250 silly placeDep ROOT seroval-plugins@1.6.7 OK for: @tanstack/router-core@1.171.15 want: ^1.5.4
2251 silly fetch manifest @farmfe/core@*
2252 silly packumentCache full:https://registry.npmjs.org/@farmfe%2fcore cache-miss
2253 http fetch GET 200 https://registry.npmjs.org/@farmfe%2fcore 648ms (cache revalidated)
2254 silly packumentCache full:https://registry.npmjs.org/@farmfe%2fcore set size:1180909 disposed:false
2255 silly fetch manifest @rspack/core@*
2256 silly packumentCache full:https://registry.npmjs.org/@rspack%2fcore cache-miss
2257 http cache https://registry.npmjs.org/@rspack%2fcore 66ms (cache hit)
2258 silly packumentCache full:https://registry.npmjs.org/@rspack%2fcore set size:4477867 disposed:false
2259 silly fetch manifest bun-types-no-globals@*
2260 silly packumentCache full:https://registry.npmjs.org/bun-types-no-globals cache-miss
2261 http fetch GET 200 https://registry.npmjs.org/bun-types-no-globals 367ms (cache updated)
2262 silly packumentCache full:https://registry.npmjs.org/bun-types-no-globals set size:undefined disposed:false
2263 silly fetch manifest esbuild@*
2264 silly packumentCache full:https://registry.npmjs.org/esbuild cache-miss
2265 http cache https://registry.npmjs.org/esbuild 110ms (cache hit)
2266 silly packumentCache full:https://registry.npmjs.org/esbuild set size:1264676 disposed:false
2267 silly fetch manifest rollup@*
2268 silly packumentCache full:https://registry.npmjs.org/rollup cache-miss
2269 http cache https://registry.npmjs.org/rollup 111ms (cache hit)
2270 silly packumentCache full:https://registry.npmjs.org/rollup set size:6340761 disposed:false
2271 silly fetch manifest unloader@*
2272 silly packumentCache full:https://registry.npmjs.org/unloader cache-miss
2273 http fetch GET 200 https://registry.npmjs.org/unloader 136ms (cache revalidated)
2274 silly packumentCache full:https://registry.npmjs.org/unloader set size:70170 disposed:false
2275 silly fetch manifest vite@>=5.0.0 || >=6.0.0 || >=7.0.0 || >=8.0.0
2276 silly packumentCache full:https://registry.npmjs.org/vite cache-miss
2277 http cache https://registry.npmjs.org/vite 337ms (cache hit)
2278 silly packumentCache full:https://registry.npmjs.org/vite set size:38945461 disposed:false
2279 silly placeDep ROOT @babel/core@7.29.7 OK for: @tanstack/router-plugin@1.168.23 want: ^7.28.5
2280 silly placeDep ROOT @babel/template@7.29.7 OK for: @tanstack/router-plugin@1.168.23 want: ^7.27.2
2281 silly placeDep ROOT @babel/types@7.29.8 OK for: @tanstack/router-plugin@1.168.23 want: ^7.28.5
2282 silly placeDep ROOT @tanstack/router-generator@1.167.21 OK for: @tanstack/router-plugin@1.168.23 want: 1.167.21
2283 silly placeDep ROOT chokidar@5.0.0 OK for: @tanstack/router-plugin@1.168.23 want: ^5.0.0
2284 silly placeDep ROOT unplugin@3.4.0 OK for: @tanstack/router-plugin@1.168.23 want: ^3.0.0
2285 silly placeDep node_modules/@tanstack/router-plugin zod@4.6.5 OK for: @tanstack/router-plugin@1.168.23 want: ^4.4.3
2286 silly fetch manifest debug@^4.1.0
2287 silly packumentCache full:https://registry.npmjs.org/debug cache-hit
2288 silly fetch manifest json5@^2.2.3
2289 silly packumentCache full:https://registry.npmjs.org/json5 cache-miss
2290 silly fetch manifest semver@^6.3.1
2291 silly packumentCache full:https://registry.npmjs.org/semver cache-miss
2292 silly fetch manifest gensync@^1.0.0-beta.2
2293 silly packumentCache full:https://registry.npmjs.org/gensync cache-miss
2294 silly fetch manifest @babel/types@^7.29.7
2295 silly packumentCache full:https://registry.npmjs.org/@babel%2ftypes cache-hit
2296 silly fetch manifest @babel/parser@^7.29.7
2297 silly packumentCache full:https://registry.npmjs.org/@babel%2fparser cache-hit
2298 silly fetch manifest @babel/helpers@^7.29.7
2299 silly packumentCache full:https://registry.npmjs.org/@babel%2fhelpers cache-miss
2300 silly fetch manifest @babel/template@^7.29.7
2301 silly packumentCache full:https://registry.npmjs.org/@babel%2ftemplate cache-hit
2302 silly fetch manifest @babel/traverse@^7.29.7
2303 silly packumentCache full:https://registry.npmjs.org/@babel%2ftraverse cache-miss
2304 silly fetch manifest @babel/generator@^7.29.7
2305 silly packumentCache full:https://registry.npmjs.org/@babel%2fgenerator cache-hit
2306 silly fetch manifest @babel/code-frame@^7.29.7
2307 silly packumentCache full:https://registry.npmjs.org/@babel%2fcode-frame cache-hit
2308 silly fetch manifest convert-source-map@^2.0.0
2309 silly packumentCache full:https://registry.npmjs.org/convert-source-map cache-miss
2310 silly fetch manifest @babel/helper-module-transforms@^7.29.7
2311 silly packumentCache full:https://registry.npmjs.org/@babel%2fhelper-module-transforms cache-miss
2312 http fetch GET 200 https://registry.npmjs.org/semver 209ms (cache revalidated)
2313 silly packumentCache full:https://registry.npmjs.org/semver set size:246128 disposed:false
2314 silly fetch manifest @babel/helper-compilation-targets@^7.29.7
2315 silly packumentCache full:https://registry.npmjs.org/@babel%2fhelper-compilation-targets cache-miss
2316 http fetch GET 200 https://registry.npmjs.org/json5 265ms (cache revalidated)
2317 silly packumentCache full:https://registry.npmjs.org/json5 set size:86136 disposed:false
2318 silly fetch manifest @babel/helper-string-parser@^7.29.7
2319 silly packumentCache full:https://registry.npmjs.org/@babel%2fhelper-string-parser cache-miss
2320 http fetch GET 200 https://registry.npmjs.org/gensync 280ms (cache revalidated)
2321 silly packumentCache full:https://registry.npmjs.org/gensync set size:15068 disposed:false
2322 silly fetch manifest @babel/helper-validator-identifier@^7.29.7
2323 silly packumentCache full:https://registry.npmjs.org/@babel%2fhelper-validator-identifier cache-miss
2324 http fetch GET 200 https://registry.npmjs.org/@babel%2fhelper-module-transforms 240ms (cache revalidated)
2325 silly packumentCache full:https://registry.npmjs.org/@babel%2fhelper-module-transforms set size:348818 disposed:false
2326 silly fetch manifest @tanstack/virtual-file-routes@1.162.0
2327 silly packumentCache full:https://registry.npmjs.org/@tanstack%2fvirtual-file-routes cache-miss
2328 http fetch GET 200 https://registry.npmjs.org/@babel%2ftraverse 295ms (cache revalidated)
2329 silly packumentCache full:https://registry.npmjs.org/@babel%2ftraverse set size:567236 disposed:false
2330 silly fetch manifest readdirp@^5.0.0
2331 silly packumentCache full:https://registry.npmjs.org/readdirp cache-miss
2332 http fetch GET 200 https://registry.npmjs.org/convert-source-map 325ms (cache revalidated)
2333 silly packumentCache full:https://registry.npmjs.org/convert-source-map set size:66997 disposed:false
2334 silly fetch manifest webpack-virtual-modules@^0.6.2
2335 silly packumentCache full:https://registry.npmjs.org/webpack-virtual-modules cache-miss
2336 http fetch GET 200 https://registry.npmjs.org/@babel%2fhelpers 383ms (cache revalidated)
2337 silly packumentCache full:https://registry.npmjs.org/@babel%2fhelpers set size:400815 disposed:false
2338 http fetch GET 200 https://registry.npmjs.org/@babel%2fhelper-compilation-targets 273ms (cache revalidated)
2339 silly packumentCache full:https://registry.npmjs.org/@babel%2fhelper-compilation-targets set size:231860 disposed:false
2340 http fetch GET 200 https://registry.npmjs.org/@babel%2fhelper-string-parser 272ms (cache revalidated)
2341 silly packumentCache full:https://registry.npmjs.org/@babel%2fhelper-string-parser set size:91563 disposed:false
2342 http fetch GET 200 https://registry.npmjs.org/readdirp 203ms (cache revalidated)
2343 silly packumentCache full:https://registry.npmjs.org/readdirp set size:110119 disposed:false
2344 http fetch GET 200 https://registry.npmjs.org/@babel%2fhelper-validator-identifier 310ms (cache revalidated)
2345 silly packumentCache full:https://registry.npmjs.org/@babel%2fhelper-validator-identifier set size:130133 disposed:false
2346 http fetch GET 200 https://registry.npmjs.org/webpack-virtual-modules 238ms (cache revalidated)
2347 silly packumentCache full:https://registry.npmjs.org/webpack-virtual-modules set size:74780 disposed:false
2348 http fetch GET 200 https://registry.npmjs.org/@tanstack%2fvirtual-file-routes 783ms (cache revalidated)
2349 silly packumentCache full:https://registry.npmjs.org/@tanstack%2fvirtual-file-routes set size:122608 disposed:false
2350 silly fetch manifest @babel/core@^7.0.0
2351 silly packumentCache full:https://registry.npmjs.org/@babel%2fcore cache-hit
2352 silly placeDep ROOT @babel/code-frame@7.29.7 OK for: @babel/core@7.29.7 want: ^7.29.7
2353 silly placeDep ROOT @babel/generator@7.29.8 OK for: @babel/core@7.29.7 want: ^7.29.7
2354 silly placeDep ROOT @babel/helper-compilation-targets@7.29.7 OK for: @babel/core@7.29.7 want: ^7.29.7
2355 silly placeDep ROOT @babel/helper-module-transforms@7.29.7 OK for: @babel/core@7.29.7 want: ^7.29.7
2356 silly placeDep ROOT @babel/helpers@7.29.7 OK for: @babel/core@7.29.7 want: ^7.29.7
2357 silly placeDep ROOT @babel/parser@7.29.8 OK for: @babel/core@7.29.7 want: ^7.29.7
2358 silly placeDep ROOT @babel/traverse@7.29.8 OK for: @babel/core@7.29.7 want: ^7.29.7
2359 silly placeDep ROOT convert-source-map@2.0.0 OK for: @babel/core@7.29.7 want: ^2.0.0
2360 silly placeDep ROOT debug@4.4.3 OK for: @babel/core@7.29.7 want: ^4.1.0
2361 silly placeDep ROOT gensync@1.0.0-beta.2 OK for: @babel/core@7.29.7 want: ^1.0.0-beta.2
2362 silly placeDep ROOT json5@2.2.3 OK for: @babel/core@7.29.7 want: ^2.2.3
2363 silly placeDep ROOT semver@6.3.1 OK for: @babel/core@7.29.7 want: ^6.3.1
2364 silly fetch manifest js-tokens@^4.0.0
2365 silly packumentCache full:https://registry.npmjs.org/js-tokens cache-miss
2366 silly fetch manifest jsesc@^3.0.2
2367 silly packumentCache full:https://registry.npmjs.org/jsesc cache-miss
2368 silly fetch manifest @babel/parser@^7.29.8
2369 silly packumentCache full:https://registry.npmjs.org/@babel%2fparser cache-hit
2370 silly fetch manifest lru-cache@^5.1.1
2371 silly packumentCache full:https://registry.npmjs.org/lru-cache cache-miss
2372 silly fetch manifest browserslist@^4.24.0
2373 silly packumentCache full:https://registry.npmjs.org/browserslist cache-miss
2374 silly fetch manifest @babel/compat-data@^7.29.7
2375 silly packumentCache full:https://registry.npmjs.org/@babel%2fcompat-data cache-miss
2376 silly fetch manifest @babel/helper-validator-option@^7.29.7
2377 silly packumentCache full:https://registry.npmjs.org/@babel%2fhelper-validator-option cache-miss
2378 silly fetch manifest @babel/helper-module-imports@^7.29.7
2379 silly packumentCache full:https://registry.npmjs.org/@babel%2fhelper-module-imports cache-miss
2380 http fetch GET 200 https://registry.npmjs.org/js-tokens 163ms (cache revalidated)
2381 silly packumentCache full:https://registry.npmjs.org/js-tokens set size:41947 disposed:false
2382 silly fetch manifest debug@^4.3.1
2383 silly packumentCache full:https://registry.npmjs.org/debug cache-hit
2384 silly fetch manifest @babel/helper-globals@^7.29.7
2385 silly packumentCache full:https://registry.npmjs.org/@babel%2fhelper-globals cache-miss
2386 http fetch GET 200 https://registry.npmjs.org/@babel%2fcompat-data 164ms (cache revalidated)
2387 silly packumentCache full:https://registry.npmjs.org/@babel%2fcompat-data set size:321231 disposed:false
2388 silly fetch manifest ms@^2.1.3
2389 silly packumentCache full:https://registry.npmjs.org/ms cache-miss
2390 http fetch GET 200 https://registry.npmjs.org/jsesc 244ms (cache revalidated)
2391 silly packumentCache full:https://registry.npmjs.org/jsesc set size:61512 disposed:false
2392 http fetch GET 200 https://registry.npmjs.org/lru-cache 252ms (cache revalidated)
2393 silly packumentCache full:https://registry.npmjs.org/lru-cache set size:460407 disposed:false
2394 http fetch GET 200 https://registry.npmjs.org/browserslist 298ms (cache revalidated)
2395 silly packumentCache full:https://registry.npmjs.org/browserslist set size:523370 disposed:false
2396 http fetch GET 200 https://registry.npmjs.org/@babel%2fhelper-validator-option 340ms (cache revalidated)
2397 silly packumentCache full:https://registry.npmjs.org/@babel%2fhelper-validator-option set size:101303 disposed:false
2398 http fetch GET 200 https://registry.npmjs.org/@babel%2fhelper-module-imports 349ms (cache revalidated)
2399 silly packumentCache full:https://registry.npmjs.org/@babel%2fhelper-module-imports set size:203392 disposed:false
2400 http fetch GET 200 https://registry.npmjs.org/@babel%2fhelper-globals 275ms (cache revalidated)
2401 silly packumentCache full:https://registry.npmjs.org/@babel%2fhelper-globals set size:25155 disposed:false
2402 http fetch GET 200 https://registry.npmjs.org/ms 270ms (cache revalidated)
2403 silly packumentCache full:https://registry.npmjs.org/ms set size:92208 disposed:false
2404 silly placeDep ROOT @babel/helper-validator-identifier@7.29.7 OK for: @babel/code-frame@7.29.7 want: ^7.29.7
2405 silly placeDep ROOT js-tokens@4.0.0 OK for: @babel/code-frame@7.29.7 want: ^4.0.0
2406 silly placeDep ROOT picocolors@1.1.1 OK for: @babel/code-frame@7.29.7 want: ^1.1.1
2407 silly placeDep ROOT jsesc@3.1.0 OK for: @babel/generator@7.29.8 want: ^3.0.2
2408 silly placeDep ROOT @babel/compat-data@7.29.7 OK for: @babel/helper-compilation-targets@7.29.7 want: ^7.29.7
2409 silly placeDep ROOT @babel/helper-validator-option@7.29.7 OK for: @babel/helper-compilation-targets@7.29.7 want: ^7.29.7
2410 silly placeDep ROOT browserslist@4.29.0 OK for: @babel/helper-compilation-targets@7.29.7 want: ^4.24.0
2411 silly placeDep ROOT lru-cache@5.1.1 OK for: @babel/helper-compilation-targets@7.29.7 want: ^5.1.1
2412 silly fetch manifest caniuse-lite@^1.0.30001810
2413 silly packumentCache full:https://registry.npmjs.org/caniuse-lite cache-miss
2414 silly fetch manifest node-releases@^2.0.55
2415 silly packumentCache full:https://registry.npmjs.org/node-releases cache-miss
2416 silly fetch manifest electron-to-chromium@^1.5.427
2417 silly packumentCache full:https://registry.npmjs.org/electron-to-chromium cache-miss
2418 silly fetch manifest update-browserslist-db@^1.3.3
2419 silly packumentCache full:https://registry.npmjs.org/update-browserslist-db cache-miss
2420 silly fetch manifest baseline-browser-mapping@^2.11.23
2421 silly packumentCache full:https://registry.npmjs.org/baseline-browser-mapping cache-miss
2422 silly fetch manifest yallist@^3.0.2
2423 silly packumentCache full:https://registry.npmjs.org/yallist cache-miss
2424 http fetch GET 200 https://registry.npmjs.org/node-releases 159ms (cache revalidated)
2425 silly packumentCache full:https://registry.npmjs.org/node-releases set size:299850 disposed:false
2426 http fetch GET 200 https://registry.npmjs.org/caniuse-lite 197ms (cache revalidated)
2427 silly packumentCache full:https://registry.npmjs.org/caniuse-lite set size:2313344 disposed:false
2428 http fetch GET 200 https://registry.npmjs.org/baseline-browser-mapping 446ms (cache revalidated)
2429 silly packumentCache full:https://registry.npmjs.org/baseline-browser-mapping set size:641742 disposed:false
2430 http fetch GET 200 https://registry.npmjs.org/update-browserslist-db 541ms (cache revalidated)
2431 silly packumentCache full:https://registry.npmjs.org/update-browserslist-db set size:71185 disposed:false
2432 http fetch GET 200 https://registry.npmjs.org/yallist 555ms (cache revalidated)
2433 silly packumentCache full:https://registry.npmjs.org/yallist set size:34610 disposed:false
2434 http fetch GET 200 https://registry.npmjs.org/electron-to-chromium 879ms (cache updated)
2435 silly packumentCache full:https://registry.npmjs.org/electron-to-chromium set size:undefined disposed:false
2436 silly placeDep ROOT @babel/helper-module-imports@7.29.7 OK for: @babel/helper-module-transforms@7.29.7 want: ^7.29.7
2437 silly placeDep ROOT @babel/helper-globals@7.29.7 OK for: @babel/traverse@7.29.8 want: ^7.29.7
2438 silly placeDep ROOT @babel/helper-string-parser@7.29.7 OK for: @babel/types@7.29.8 want: ^7.29.7
2439 silly placeDep ROOT @tanstack/virtual-file-routes@1.162.0 OK for: @tanstack/router-generator@1.167.21 want: 1.162.0
2440 silly placeDep node_modules/@tanstack/router-generator zod@4.6.5 OK for: @tanstack/router-generator@1.167.21 want: ^4.4.3
2441 silly placeDep ROOT ansis@4.4.0 OK for: @tanstack/router-utils@1.162.2 want: ^4.1.0
2442 silly placeDep ROOT babel-dead-code-elimination@1.0.12 OK for: @tanstack/router-utils@1.162.2 want: ^1.0.12
2443 silly placeDep ROOT diff@8.0.4 OK for: @tanstack/router-utils@1.162.2 want: ^8.0.2
2444 silly placeDep ROOT tinyglobby@0.2.17 OK for: @tanstack/router-utils@1.162.2 want: ^0.2.15
2445 silly fetch manifest fdir@^6.5.0
2446 silly packumentCache full:https://registry.npmjs.org/fdir cache-miss
2447 http fetch GET 200 https://registry.npmjs.org/fdir 113ms (cache revalidated)
2448 silly packumentCache full:https://registry.npmjs.org/fdir set size:136182 disposed:false
2449 silly placeDep node_modules/@tanstack/start-plugin-core @babel/code-frame@7.27.1 OK for: @tanstack/start-plugin-core@1.171.24 want: 7.27.1
2450 silly placeDep ROOT exsolve@1.1.1 OK for: @tanstack/start-plugin-core@1.171.24 want: ^1.0.7
2451 silly placeDep ROOT source-map@0.7.6 OK for: @tanstack/start-plugin-core@1.171.24 want: ^0.7.6
2452 silly placeDep ROOT srvx@0.11.22 OK for: @tanstack/start-plugin-core@1.171.24 want: ^0.11.9
2453 silly placeDep ROOT ufo@1.6.4 OK for: @tanstack/start-plugin-core@1.171.24 want: ^1.5.4
2454 silly placeDep ROOT vitefu@1.1.3 OK for: @tanstack/start-plugin-core@1.171.24 want: ^1.1.1
2455 silly placeDep ROOT xmlbuilder2@4.0.3 OK for: @tanstack/start-plugin-core@1.171.24 want: ^4.0.3
2456 silly placeDep node_modules/@tanstack/start-plugin-core zod@4.6.5 OK for: @tanstack/start-plugin-core@1.171.24 want: ^4.4.3
2457 silly fetch manifest @oozcitak/dom@^2.0.2
2458 silly packumentCache full:https://registry.npmjs.org/@oozcitak%2fdom cache-miss
2459 silly fetch manifest @oozcitak/infra@^2.0.2
2460 silly packumentCache full:https://registry.npmjs.org/@oozcitak%2finfra cache-miss
2461 silly fetch manifest @oozcitak/util@^10.0.0
2462 silly packumentCache full:https://registry.npmjs.org/@oozcitak%2futil cache-miss
2463 silly fetch manifest js-yaml@^4.1.1
2464 silly packumentCache full:https://registry.npmjs.org/js-yaml cache-miss
2465 http fetch GET 200 https://registry.npmjs.org/js-yaml 131ms (cache revalidated)
2466 silly packumentCache full:https://registry.npmjs.org/js-yaml set size:198692 disposed:false
2467 http fetch GET 200 https://registry.npmjs.org/@oozcitak%2futil 320ms (cache revalidated)
2468 silly packumentCache full:https://registry.npmjs.org/@oozcitak%2futil set size:90385 disposed:false
2469 http fetch GET 200 https://registry.npmjs.org/@oozcitak%2fdom 488ms (cache revalidated)
2470 silly packumentCache full:https://registry.npmjs.org/@oozcitak%2fdom set size:150150 disposed:false
2471 http fetch GET 200 https://registry.npmjs.org/@oozcitak%2finfra 691ms (cache revalidated)
2472 silly packumentCache full:https://registry.npmjs.org/@oozcitak%2finfra set size:36597 disposed:false
2473 silly fetch manifest crossws@^0.4.1
2474 silly packumentCache full:https://registry.npmjs.org/crossws cache-hit
2475 silly fetch manifest srvx@>=0.11.5
2476 silly packumentCache full:https://registry.npmjs.org/srvx cache-hit
2477 silly placeDep ROOT fetchdts@0.1.7 OK for: @tanstack/start-server-core@1.169.17 want: ^0.1.6
2478 silly placeDep ROOT h3-v2@2.0.1-rc.20 OK for: @tanstack/start-server-core@1.169.17 want: npm:h3@2.0.1-rc.20
2479 silly fetch manifest rou3@^0.8.1
2480 silly packumentCache full:https://registry.npmjs.org/rou3 cache-miss
2481 http fetch GET 200 https://registry.npmjs.org/rou3 292ms (cache revalidated)
2482 silly packumentCache full:https://registry.npmjs.org/rou3 set size:91714 disposed:false
2483 silly placeDep ROOT undici-types@6.21.0 OK for: @types/node@22.20.3 want: ~6.21.0
2484 silly placeDep ROOT csstype@3.2.3 OK for: @types/react@19.3.0 want: ^3.2.2
2485 silly placeDep ROOT @babel/plugin-transform-react-jsx-self@7.29.7 OK for: @vitejs/plugin-react@5.2.0 want: ^7.27.1
2486 silly placeDep ROOT @babel/plugin-transform-react-jsx-source@7.29.7 OK for: @vitejs/plugin-react@5.2.0 want: ^7.27.1
2487 silly placeDep ROOT @rolldown/pluginutils@1.0.0-rc.3 OK for: @vitejs/plugin-react@5.2.0 want: 1.0.0-rc.3
2488 silly placeDep ROOT @types/babel__core@7.20.5 OK for: @vitejs/plugin-react@5.2.0 want: ^7.20.5
2489 silly placeDep ROOT react-refresh@0.18.0 OK for: @vitejs/plugin-react@5.2.0 want: ^0.18.0
2490 silly fetch manifest @babel/helper-plugin-utils@^7.29.7
2491 silly packumentCache full:https://registry.npmjs.org/@babel%2fhelper-plugin-utils cache-miss
2492 silly fetch manifest @babel/helper-plugin-utils@^7.29.7
2493 silly packumentCache full:https://registry.npmjs.org/@babel%2fhelper-plugin-utils cache-miss
2494 silly fetch manifest @types/babel__template@*
2495 silly packumentCache full:https://registry.npmjs.org/@types%2fbabel__template cache-miss
2496 silly fetch manifest @types/babel__traverse@*
2497 silly packumentCache full:https://registry.npmjs.org/@types%2fbabel__traverse cache-miss
2498 silly fetch manifest @types/babel__generator@*
2499 silly packumentCache full:https://registry.npmjs.org/@types%2fbabel__generator cache-miss
2500 http fetch GET 200 https://registry.npmjs.org/@babel%2fhelper-plugin-utils 150ms (cache revalidated)
2501 silly packumentCache full:https://registry.npmjs.org/@babel%2fhelper-plugin-utils set size:175564 disposed:false
2502 http fetch GET 200 https://registry.npmjs.org/@babel%2fhelper-plugin-utils 164ms (cache revalidated)
2503 silly packumentCache full:https://registry.npmjs.org/@babel%2fhelper-plugin-utils set size:175564 disposed:false
2504 silly packumentCache full:https://registry.npmjs.org/@babel%2fhelper-plugin-utils dispose
2505 http fetch GET 200 https://registry.npmjs.org/@types%2fbabel__traverse 173ms (cache revalidated)
2506 silly packumentCache full:https://registry.npmjs.org/@types%2fbabel__traverse set size:107819 disposed:false
2507 http fetch GET 200 https://registry.npmjs.org/@types%2fbabel__generator 183ms (cache revalidated)
2508 silly packumentCache full:https://registry.npmjs.org/@types%2fbabel__generator set size:31587 disposed:false
2509 http fetch GET 200 https://registry.npmjs.org/@types%2fbabel__template 317ms (cache revalidated)
2510 silly packumentCache full:https://registry.npmjs.org/@types%2fbabel__template set size:22631 disposed:false
2511 silly placeDep ROOT @babel/helper-plugin-utils@7.29.7 OK for: @babel/plugin-transform-react-jsx-self@7.29.7 want: ^7.29.7
2512 silly placeDep ROOT @types/babel__generator@7.27.0 OK for: @types/babel__core@7.20.5 want: *
2513 silly placeDep ROOT @types/babel__template@7.4.4 OK for: @types/babel__core@7.20.5 want: *
2514 silly placeDep ROOT @types/babel__traverse@7.28.0 OK for: @types/babel__core@7.20.5 want: *
2515 silly fetch manifest browserslist@>= 4.21.0
2516 silly packumentCache full:https://registry.npmjs.org/browserslist cache-hit
2517 silly placeDep ROOT baseline-browser-mapping@2.11.25 OK for: browserslist@4.29.0 want: ^2.11.23
2518 silly placeDep ROOT caniuse-lite@1.0.30001810 OK for: browserslist@4.29.0 want: ^1.0.30001810
2519 silly placeDep ROOT electron-to-chromium@1.5.431 OK for: browserslist@4.29.0 want: ^1.5.427
2520 silly placeDep ROOT node-releases@2.0.56 OK for: browserslist@4.29.0 want: ^2.0.55
2521 silly placeDep ROOT update-browserslist-db@1.3.3 OK for: browserslist@4.29.0 want: ^1.3.3
2522 silly fetch manifest escalade@^3.2.0
2523 silly packumentCache full:https://registry.npmjs.org/escalade cache-miss
2524 http fetch GET 200 https://registry.npmjs.org/escalade 153ms (cache revalidated)
2525 silly packumentCache full:https://registry.npmjs.org/escalade set size:33724 disposed:false
2526 silly placeDep ROOT readdirp@5.1.1 OK for: chokidar@5.0.0 want: ^5.0.0
2527 silly placeDep ROOT ms@2.1.3 OK for: debug@4.4.3 want: ^2.1.3
2528 silly placeDep ROOT @drizzle-team/brocli@0.10.2 OK for: drizzle-kit@0.31.10 want: ^0.10.2
2529 silly placeDep ROOT @esbuild-kit/esm-loader@2.6.5 OK for: drizzle-kit@0.31.10 want: ^2.5.5
2530 silly placeDep ROOT esbuild@0.25.12 OK for: drizzle-kit@0.31.10 want: ^0.25.4
2531 silly placeDep ROOT tsx@4.23.13 OK for: drizzle-kit@0.31.10 want: ^4.21.0
2532 silly fetch manifest get-tsconfig@^4.7.0
2533 silly packumentCache full:https://registry.npmjs.org/get-tsconfig cache-miss
2534 silly fetch manifest @esbuild-kit/core-utils@^3.3.2
2535 silly packumentCache full:https://registry.npmjs.org/@esbuild-kit%2fcore-utils cache-miss
2536 silly fetch manifest @esbuild/aix-ppc64@0.25.12
2537 silly packumentCache full:https://registry.npmjs.org/@esbuild%2faix-ppc64 cache-miss
2538 silly fetch manifest @esbuild/linux-arm@0.25.12
2539 silly packumentCache full:https://registry.npmjs.org/@esbuild%2flinux-arm cache-miss
2540 silly fetch manifest @esbuild/linux-x64@0.25.12
2541 silly packumentCache full:https://registry.npmjs.org/@esbuild%2flinux-x64 cache-miss
2542 silly fetch manifest @esbuild/sunos-x64@0.25.12
2543 silly packumentCache full:https://registry.npmjs.org/@esbuild%2fsunos-x64 cache-miss
2544 silly fetch manifest @esbuild/win32-x64@0.25.12
2545 silly packumentCache full:https://registry.npmjs.org/@esbuild%2fwin32-x64 cache-miss
2546 http fetch GET 200 https://registry.npmjs.org/@esbuild%2faix-ppc64 153ms (cache revalidated)
2547 silly packumentCache full:https://registry.npmjs.org/@esbuild%2faix-ppc64 set size:67797 disposed:false
2548 silly fetch manifest @esbuild/darwin-x64@0.25.12
2549 silly packumentCache full:https://registry.npmjs.org/@esbuild%2fdarwin-x64 cache-miss
2550 http fetch GET 200 https://registry.npmjs.org/@esbuild%2flinux-arm 182ms (cache revalidated)
2551 silly packumentCache full:https://registry.npmjs.org/@esbuild%2flinux-arm set size:198596 disposed:false
2552 silly fetch manifest @esbuild/linux-ia32@0.25.12
2553 silly packumentCache full:https://registry.npmjs.org/@esbuild%2flinux-ia32 cache-miss
2554 http fetch GET 200 https://registry.npmjs.org/get-tsconfig 222ms (cache revalidated)
2555 silly packumentCache full:https://registry.npmjs.org/get-tsconfig set size:146232 disposed:false
2556 silly fetch manifest @esbuild/netbsd-x64@0.25.12
2557 silly packumentCache full:https://registry.npmjs.org/@esbuild%2fnetbsd-x64 cache-miss
2558 http fetch GET 200 https://registry.npmjs.org/@esbuild%2fsunos-x64 219ms (cache revalidated)
2559 silly packumentCache full:https://registry.npmjs.org/@esbuild%2fsunos-x64 set size:199187 disposed:false
2560 silly fetch manifest @esbuild/win32-ia32@0.25.12
2561 silly packumentCache full:https://registry.npmjs.org/@esbuild%2fwin32-ia32 cache-miss
2562 http fetch GET 200 https://registry.npmjs.org/@esbuild%2fwin32-x64 234ms (cache revalidated)
2563 silly packumentCache full:https://registry.npmjs.org/@esbuild%2fwin32-x64 set size:197540 disposed:false
2564 silly fetch manifest @esbuild/android-arm@0.25.12
2565 silly packumentCache full:https://registry.npmjs.org/@esbuild%2fandroid-arm cache-miss
2566 http fetch GET 200 https://registry.npmjs.org/@esbuild%2flinux-x64 262ms (cache revalidated)
2567 silly packumentCache full:https://registry.npmjs.org/@esbuild%2flinux-x64 set size:198942 disposed:false
2568 silly fetch manifest @esbuild/android-x64@0.25.12
2569 silly packumentCache full:https://registry.npmjs.org/@esbuild%2fandroid-x64 cache-miss
2570 http fetch GET 200 https://registry.npmjs.org/@esbuild%2fdarwin-x64 228ms (cache revalidated)
2571 silly packumentCache full:https://registry.npmjs.org/@esbuild%2fdarwin-x64 set size:199670 disposed:false
2572 silly fetch manifest @esbuild/freebsd-x64@0.25.12
2573 silly packumentCache full:https://registry.npmjs.org/@esbuild%2ffreebsd-x64 cache-miss
2574 http fetch GET 200 https://registry.npmjs.org/@esbuild%2flinux-ia32 228ms (cache revalidated)
2575 silly packumentCache full:https://registry.npmjs.org/@esbuild%2flinux-ia32 set size:199625 disposed:false
2576 silly fetch manifest @esbuild/linux-arm64@0.25.12
2577 silly packumentCache full:https://registry.npmjs.org/@esbuild%2flinux-arm64 cache-miss
2578 http fetch GET 200 https://registry.npmjs.org/@esbuild%2fnetbsd-x64 212ms (cache revalidated)
2579 silly packumentCache full:https://registry.npmjs.org/@esbuild%2fnetbsd-x64 set size:197314 disposed:false
2580 silly fetch manifest @esbuild/linux-ppc64@0.25.12
2581 silly packumentCache full:https://registry.npmjs.org/@esbuild%2flinux-ppc64 cache-miss
2582 http fetch GET 200 https://registry.npmjs.org/@esbuild%2fandroid-arm 195ms (cache revalidated)
2583 silly packumentCache full:https://registry.npmjs.org/@esbuild%2fandroid-arm set size:225217 disposed:false
2584 silly fetch manifest @esbuild/linux-s390x@0.25.12
2585 silly packumentCache full:https://registry.npmjs.org/@esbuild%2flinux-s390x cache-miss
2586 http fetch GET 200 https://registry.npmjs.org/@esbuild%2fwin32-ia32 234ms (cache revalidated)
2587 silly packumentCache full:https://registry.npmjs.org/@esbuild%2fwin32-ia32 set size:199854 disposed:false
2588 silly fetch manifest @esbuild/openbsd-x64@0.25.12
2589 silly packumentCache full:https://registry.npmjs.org/@esbuild%2fopenbsd-x64 cache-miss
2590 http fetch GET 200 https://registry.npmjs.org/@esbuild-kit%2fcore-utils 529ms (cache revalidated)
2591 silly packumentCache full:https://registry.npmjs.org/@esbuild-kit%2fcore-utils set size:92062 disposed:false
2592 silly fetch manifest @esbuild/win32-arm64@0.25.12
2593 silly packumentCache full:https://registry.npmjs.org/@esbuild%2fwin32-arm64 cache-miss
2594 http fetch GET 200 https://registry.npmjs.org/@esbuild%2fandroid-x64 250ms (cache revalidated)
2595 silly packumentCache full:https://registry.npmjs.org/@esbuild%2fandroid-x64 set size:199017 disposed:false
2596 silly fetch manifest @esbuild/darwin-arm64@0.25.12
2597 silly packumentCache full:https://registry.npmjs.org/@esbuild%2fdarwin-arm64 cache-miss
2598 http fetch GET 200 https://registry.npmjs.org/@esbuild%2ffreebsd-x64 202ms (cache revalidated)
2599 silly packumentCache full:https://registry.npmjs.org/@esbuild%2ffreebsd-x64 set size:200565 disposed:false
2600 silly fetch manifest @esbuild/netbsd-arm64@0.25.12
2601 silly packumentCache full:https://registry.npmjs.org/@esbuild%2fnetbsd-arm64 cache-miss
2602 http fetch GET 200 https://registry.npmjs.org/@esbuild%2flinux-arm64 213ms (cache revalidated)
2603 silly packumentCache full:https://registry.npmjs.org/@esbuild%2flinux-arm64 set size:200773 disposed:false
2604 silly fetch manifest @esbuild/android-arm64@0.25.12
2605 silly packumentCache full:https://registry.npmjs.org/@esbuild%2fandroid-arm64 cache-miss
2606 http fetch GET 200 https://registry.npmjs.org/@esbuild%2flinux-ppc64 212ms (cache revalidated)
2607 silly packumentCache full:https://registry.npmjs.org/@esbuild%2flinux-ppc64 set size:202845 disposed:false
2608 silly fetch manifest @esbuild/freebsd-arm64@0.25.12
2609 silly packumentCache full:https://registry.npmjs.org/@esbuild%2ffreebsd-arm64 cache-miss
2610 http fetch GET 200 https://registry.npmjs.org/@esbuild%2flinux-s390x 228ms (cache revalidated)
2611 silly packumentCache full:https://registry.npmjs.org/@esbuild%2flinux-s390x set size:202310 disposed:false
2612 silly fetch manifest @esbuild/linux-loong64@0.25.12
2613 silly packumentCache full:https://registry.npmjs.org/@esbuild%2flinux-loong64 cache-miss
2614 http fetch GET 200 https://registry.npmjs.org/@esbuild%2fopenbsd-x64 229ms (cache revalidated)
2615 silly packumentCache full:https://registry.npmjs.org/@esbuild%2fopenbsd-x64 set size:200576 disposed:false
2616 silly fetch manifest @esbuild/linux-riscv64@0.25.12
2617 silly packumentCache full:https://registry.npmjs.org/@esbuild%2flinux-riscv64 cache-miss
2618 http fetch GET 200 https://registry.npmjs.org/@esbuild%2fdarwin-arm64 191ms (cache revalidated)
2619 silly packumentCache full:https://registry.npmjs.org/@esbuild%2fdarwin-arm64 set size:201471 disposed:false
2620 silly fetch manifest @esbuild/openbsd-arm64@0.25.12
2621 silly packumentCache full:https://registry.npmjs.org/@esbuild%2fopenbsd-arm64 cache-miss
2622 http fetch GET 200 https://registry.npmjs.org/@esbuild%2fwin32-arm64 223ms (cache revalidated)
2623 silly packumentCache full:https://registry.npmjs.org/@esbuild%2fwin32-arm64 set size:201005 disposed:false
2624 silly fetch manifest @esbuild/linux-mips64el@0.25.12
2625 silly packumentCache full:https://registry.npmjs.org/@esbuild%2flinux-mips64el cache-miss
2626 http fetch GET 200 https://registry.npmjs.org/@esbuild%2fnetbsd-arm64 182ms (cache revalidated)
2627 silly packumentCache full:https://registry.npmjs.org/@esbuild%2fnetbsd-arm64 set size:44308 disposed:false
2628 silly fetch manifest @esbuild/openharmony-arm64@0.25.12
2629 silly packumentCache full:https://registry.npmjs.org/@esbuild%2fopenharmony-arm64 cache-miss
2630 http fetch GET 200 https://registry.npmjs.org/@esbuild%2fandroid-arm64 225ms (cache revalidated)
2631 silly packumentCache full:https://registry.npmjs.org/@esbuild%2fandroid-arm64 set size:204216 disposed:false
2632 silly fetch manifest esbuild@~0.28.0
2633 silly packumentCache full:https://registry.npmjs.org/esbuild cache-miss
2634 http fetch GET 200 https://registry.npmjs.org/@esbuild%2ffreebsd-arm64 229ms (cache revalidated)
2635 silly packumentCache full:https://registry.npmjs.org/@esbuild%2ffreebsd-arm64 set size:202383 disposed:false
2636 http fetch GET 200 https://registry.npmjs.org/@esbuild%2fopenbsd-arm64 197ms (cache revalidated)
2637 silly packumentCache full:https://registry.npmjs.org/@esbuild%2fopenbsd-arm64 set size:49642 disposed:false
2638 http fetch GET 200 https://registry.npmjs.org/@esbuild%2flinux-loong64 241ms (cache revalidated)
2639 silly packumentCache full:https://registry.npmjs.org/@esbuild%2flinux-loong64 set size:255749 disposed:false
2640 http fetch GET 200 https://registry.npmjs.org/@esbuild%2flinux-mips64el 207ms (cache revalidated)
2641 silly packumentCache full:https://registry.npmjs.org/@esbuild%2flinux-mips64el set size:204633 disposed:false
2642 http fetch GET 200 https://registry.npmjs.org/@esbuild%2fopenharmony-arm64 187ms (cache revalidated)
2643 silly packumentCache full:https://registry.npmjs.org/@esbuild%2fopenharmony-arm64 set size:33054 disposed:false
2644 http fetch GET 200 https://registry.npmjs.org/@esbuild%2flinux-riscv64 265ms (cache revalidated)
2645 silly packumentCache full:https://registry.npmjs.org/@esbuild%2flinux-riscv64 set size:202512 disposed:false
2646 http cache https://registry.npmjs.org/esbuild 118ms (cache hit)
2647 silly packumentCache full:https://registry.npmjs.org/esbuild set size:1264676 disposed:false
2648 silly placeDep ROOT @esbuild-kit/core-utils@3.3.2 OK for: @esbuild-kit/esm-loader@2.6.5 want: ^3.3.2
2649 silly placeDep ROOT get-tsconfig@4.14.3 OK for: @esbuild-kit/esm-loader@2.6.5 want: ^4.7.0
2650 silly fetch manifest esbuild@~0.18.20
2651 silly packumentCache full:https://registry.npmjs.org/esbuild cache-miss
2652 silly fetch manifest source-map-support@^0.5.21
2653 silly packumentCache full:https://registry.npmjs.org/source-map-support cache-miss
2654 silly fetch manifest resolve-pkg-maps@^1.0.0
2655 silly packumentCache full:https://registry.npmjs.org/resolve-pkg-maps cache-miss
2656 http cache https://registry.npmjs.org/esbuild 32ms (cache hit)
2657 silly packumentCache full:https://registry.npmjs.org/esbuild set size:1264676 disposed:false
2658 http fetch GET 200 https://registry.npmjs.org/resolve-pkg-maps 202ms (cache revalidated)
2659 silly packumentCache full:https://registry.npmjs.org/resolve-pkg-maps set size:11615 disposed:false
2660 http fetch GET 200 https://registry.npmjs.org/source-map-support 212ms (cache revalidated)
2661 silly packumentCache full:https://registry.npmjs.org/source-map-support set size:125488 disposed:false
2662 silly placeDep node_modules/@esbuild-kit/core-utils esbuild@0.18.20 OK for: @esbuild-kit/core-utils@3.3.2 want: ~0.18.20
2663 silly placeDep ROOT source-map-support@0.5.21 OK for: @esbuild-kit/core-utils@3.3.2 want: ^0.5.21
2664 silly fetch manifest @esbuild/linux-arm@0.18.20
2665 silly packumentCache full:https://registry.npmjs.org/@esbuild%2flinux-arm cache-hit
2666 silly fetch manifest @esbuild/linux-x64@0.18.20
2667 silly packumentCache full:https://registry.npmjs.org/@esbuild%2flinux-x64 cache-hit
2668 silly fetch manifest @esbuild/sunos-x64@0.18.20
2669 silly packumentCache full:https://registry.npmjs.org/@esbuild%2fsunos-x64 cache-hit
2670 silly fetch manifest @esbuild/win32-x64@0.18.20
2671 silly packumentCache full:https://registry.npmjs.org/@esbuild%2fwin32-x64 cache-hit
2672 silly fetch manifest @esbuild/darwin-x64@0.18.20
2673 silly packumentCache full:https://registry.npmjs.org/@esbuild%2fdarwin-x64 cache-hit
2674 silly fetch manifest @esbuild/linux-ia32@0.18.20
2675 silly packumentCache full:https://registry.npmjs.org/@esbuild%2flinux-ia32 cache-hit
2676 silly fetch manifest @esbuild/netbsd-x64@0.18.20
2677 silly packumentCache full:https://registry.npmjs.org/@esbuild%2fnetbsd-x64 cache-hit
2678 silly fetch manifest @esbuild/win32-ia32@0.18.20
2679 silly packumentCache full:https://registry.npmjs.org/@esbuild%2fwin32-ia32 cache-hit
2680 silly fetch manifest @esbuild/android-arm@0.18.20
2681 silly packumentCache full:https://registry.npmjs.org/@esbuild%2fandroid-arm cache-hit
2682 silly fetch manifest @esbuild/android-x64@0.18.20
2683 silly packumentCache full:https://registry.npmjs.org/@esbuild%2fandroid-x64 cache-hit
2684 silly fetch manifest @esbuild/freebsd-x64@0.18.20
2685 silly packumentCache full:https://registry.npmjs.org/@esbuild%2ffreebsd-x64 cache-hit
2686 silly fetch manifest @esbuild/linux-arm64@0.18.20
2687 silly packumentCache full:https://registry.npmjs.org/@esbuild%2flinux-arm64 cache-hit
2688 silly fetch manifest @esbuild/linux-ppc64@0.18.20
2689 silly packumentCache full:https://registry.npmjs.org/@esbuild%2flinux-ppc64 cache-hit
2690 silly fetch manifest @esbuild/linux-s390x@0.18.20
2691 silly packumentCache full:https://registry.npmjs.org/@esbuild%2flinux-s390x cache-hit
2692 silly fetch manifest @esbuild/openbsd-x64@0.18.20
2693 silly packumentCache full:https://registry.npmjs.org/@esbuild%2fopenbsd-x64 cache-hit
2694 silly fetch manifest @esbuild/win32-arm64@0.18.20
2695 silly packumentCache full:https://registry.npmjs.org/@esbuild%2fwin32-arm64 cache-hit
2696 silly fetch manifest @esbuild/darwin-arm64@0.18.20
2697 silly packumentCache full:https://registry.npmjs.org/@esbuild%2fdarwin-arm64 cache-hit
2698 silly fetch manifest @esbuild/android-arm64@0.18.20
2699 silly packumentCache full:https://registry.npmjs.org/@esbuild%2fandroid-arm64 cache-hit
2700 silly fetch manifest @esbuild/freebsd-arm64@0.18.20
2701 silly packumentCache full:https://registry.npmjs.org/@esbuild%2ffreebsd-arm64 cache-hit
2702 silly fetch manifest @esbuild/linux-loong64@0.18.20
2703 silly packumentCache full:https://registry.npmjs.org/@esbuild%2flinux-loong64 cache-hit
2704 silly fetch manifest @esbuild/linux-riscv64@0.18.20
2705 silly packumentCache full:https://registry.npmjs.org/@esbuild%2flinux-riscv64 cache-hit
2706 silly fetch manifest @esbuild/linux-mips64el@0.18.20
2707 silly packumentCache full:https://registry.npmjs.org/@esbuild%2flinux-mips64el cache-hit
2708 silly fetch manifest buffer-from@^1.0.0
2709 silly packumentCache full:https://registry.npmjs.org/buffer-from cache-miss
2710 silly fetch manifest source-map@^0.6.0
2711 silly packumentCache full:https://registry.npmjs.org/source-map cache-hit
2712 http fetch GET 200 https://registry.npmjs.org/buffer-from 130ms (cache revalidated)
2713 silly packumentCache full:https://registry.npmjs.org/buffer-from set size:15463 disposed:false
2714 silly placeDep ROOT embla-carousel@8.6.0 OK for: embla-carousel-react@8.6.0 want: 8.6.0
2715 silly placeDep ROOT embla-carousel-reactive-utils@8.6.0 OK for: embla-carousel-react@8.6.0 want: 8.6.0
2716 silly placeDep ROOT graceful-fs@4.2.11 OK for: enhanced-resolve@5.25.1 want: ^4.2.4
2717 silly placeDep ROOT tapable@2.3.3 OK for: enhanced-resolve@5.25.1 want: ^2.3.3
2718 silly placeDep ROOT @esbuild/aix-ppc64@0.25.12 OK for: esbuild@0.25.12 want: 0.25.12
2719 silly placeDep ROOT @esbuild/android-arm@0.25.12 OK for: esbuild@0.25.12 want: 0.25.12
2720 silly placeDep ROOT @esbuild/android-arm64@0.25.12 OK for: esbuild@0.25.12 want: 0.25.12
2721 silly placeDep ROOT @esbuild/android-x64@0.25.12 OK for: esbuild@0.25.12 want: 0.25.12
2722 silly placeDep ROOT @esbuild/darwin-arm64@0.25.12 OK for: esbuild@0.25.12 want: 0.25.12
2723 silly placeDep ROOT @esbuild/darwin-x64@0.25.12 OK for: esbuild@0.25.12 want: 0.25.12
2724 silly placeDep ROOT @esbuild/freebsd-arm64@0.25.12 OK for: esbuild@0.25.12 want: 0.25.12
2725 silly placeDep ROOT @esbuild/freebsd-x64@0.25.12 OK for: esbuild@0.25.12 want: 0.25.12
2726 silly placeDep ROOT @esbuild/linux-arm@0.25.12 OK for: esbuild@0.25.12 want: 0.25.12
2727 silly placeDep ROOT @esbuild/linux-arm64@0.25.12 OK for: esbuild@0.25.12 want: 0.25.12
2728 silly placeDep ROOT @esbuild/linux-ia32@0.25.12 OK for: esbuild@0.25.12 want: 0.25.12
2729 silly placeDep ROOT @esbuild/linux-loong64@0.25.12 OK for: esbuild@0.25.12 want: 0.25.12
2730 silly placeDep ROOT @esbuild/linux-mips64el@0.25.12 OK for: esbuild@0.25.12 want: 0.25.12
2731 silly placeDep ROOT @esbuild/linux-ppc64@0.25.12 OK for: esbuild@0.25.12 want: 0.25.12
2732 silly placeDep ROOT @esbuild/linux-riscv64@0.25.12 OK for: esbuild@0.25.12 want: 0.25.12
2733 silly placeDep ROOT @esbuild/linux-s390x@0.25.12 OK for: esbuild@0.25.12 want: 0.25.12
2734 silly placeDep ROOT @esbuild/linux-x64@0.25.12 OK for: esbuild@0.25.12 want: 0.25.12
2735 silly placeDep ROOT @esbuild/netbsd-arm64@0.25.12 OK for: esbuild@0.25.12 want: 0.25.12
2736 silly placeDep ROOT @esbuild/netbsd-x64@0.25.12 OK for: esbuild@0.25.12 want: 0.25.12
2737 silly placeDep ROOT @esbuild/openbsd-arm64@0.25.12 OK for: esbuild@0.25.12 want: 0.25.12
2738 silly placeDep ROOT @esbuild/openbsd-x64@0.25.12 OK for: esbuild@0.25.12 want: 0.25.12
2739 silly placeDep ROOT @esbuild/openharmony-arm64@0.25.12 OK for: esbuild@0.25.12 want: 0.25.12
2740 silly placeDep ROOT @esbuild/sunos-x64@0.25.12 OK for: esbuild@0.25.12 want: 0.25.12
2741 silly placeDep ROOT @esbuild/win32-arm64@0.25.12 OK for: esbuild@0.25.12 want: 0.25.12
2742 silly placeDep ROOT @esbuild/win32-ia32@0.25.12 OK for: esbuild@0.25.12 want: 0.25.12
2743 silly placeDep ROOT @esbuild/win32-x64@0.25.12 OK for: esbuild@0.25.12 want: 0.25.12
2744 silly fetch manifest eslint@^6.0.0 || ^7.0.0 || >=8.0.0
2745 silly packumentCache full:https://registry.npmjs.org/eslint cache-miss
2746 http cache https://registry.npmjs.org/eslint 62ms (cache hit)
2747 silly packumentCache full:https://registry.npmjs.org/eslint set size:2077457 disposed:false
2748 silly placeDep ROOT @eslint-community/eslint-utils@4.10.1 OK for: eslint@9.39.5 want: ^4.8.0
2749 silly placeDep ROOT @eslint-community/regexpp@4.12.2 OK for: eslint@9.39.5 want: ^4.12.1
2750 silly placeDep ROOT @eslint/config-array@0.21.2 OK for: eslint@9.39.5 want: ^0.21.2
2751 silly placeDep ROOT @eslint/config-helpers@0.4.2 OK for: eslint@9.39.5 want: ^0.4.2
2752 silly placeDep ROOT @eslint/core@0.17.0 OK for: eslint@9.39.5 want: ^0.17.0
2753 silly placeDep ROOT @eslint/eslintrc@3.3.7 OK for: eslint@9.39.5 want: ^3.3.6
2754 silly placeDep ROOT @eslint/plugin-kit@0.4.1 OK for: eslint@9.39.5 want: ^0.4.1
2755 silly placeDep ROOT @humanfs/node@0.16.8 OK for: eslint@9.39.5 want: ^0.16.6
2756 silly placeDep ROOT @humanwhocodes/module-importer@1.0.1 OK for: eslint@9.39.5 want: ^1.0.1
2757 silly placeDep ROOT @humanwhocodes/retry@0.4.3 OK for: eslint@9.39.5 want: ^0.4.2
2758 silly placeDep ROOT @types/estree@1.0.9 OK for: eslint@9.39.5 want: ^1.0.6
2759 silly placeDep ROOT ajv@6.15.0 OK for: eslint@9.39.5 want: ^6.14.0
2760 silly placeDep node_modules/eslint chalk@4.1.2 OK for: eslint@9.39.5 want: ^4.0.0
2761 silly placeDep ROOT cross-spawn@7.0.6 OK for: eslint@9.39.5 want: ^7.0.6
2762 silly placeDep ROOT escape-string-regexp@4.0.0 OK for: eslint@9.39.5 want: ^4.0.0
2763 silly placeDep ROOT eslint-scope@8.4.0 OK for: eslint@9.39.5 want: ^8.4.0
2764 silly placeDep ROOT eslint-visitor-keys@4.2.1 OK for: eslint@9.39.5 want: ^4.2.1
2765 silly placeDep ROOT espree@10.4.0 OK for: eslint@9.39.5 want: ^10.4.0
2766 silly placeDep ROOT esquery@1.7.0 OK for: eslint@9.39.5 want: ^1.5.0
2767 silly placeDep ROOT esutils@2.0.3 OK for: eslint@9.39.5 want: ^2.0.2
2768 silly placeDep ROOT fast-deep-equal@3.1.3 OK for: eslint@9.39.5 want: ^3.1.3
2769 silly placeDep ROOT file-entry-cache@8.0.0 OK for: eslint@9.39.5 want: ^8.0.0
2770 silly placeDep ROOT find-up@5.0.0 OK for: eslint@9.39.5 want: ^5.0.0
2771 silly placeDep ROOT glob-parent@6.0.2 OK for: eslint@9.39.5 want: ^6.0.2
2772 silly placeDep ROOT ignore@5.3.2 OK for: eslint@9.39.5 want: ^5.2.0
2773 silly placeDep ROOT imurmurhash@0.1.4 OK for: eslint@9.39.5 want: ^0.1.4
2774 silly placeDep ROOT is-glob@4.0.3 OK for: eslint@9.39.5 want: ^4.0.0
2775 silly placeDep ROOT json-stable-stringify-without-jsonify@1.0.1 OK for: eslint@9.39.5 want: ^1.0.1
2776 silly placeDep ROOT lodash.merge@4.6.2 OK for: eslint@9.39.5 want: ^4.6.2
2777 silly placeDep ROOT minimatch@3.1.5 OK for: eslint@9.39.5 want: ^3.1.5
2778 silly placeDep ROOT natural-compare@1.4.0 OK for: eslint@9.39.5 want: ^1.4.0
2779 silly placeDep ROOT optionator@0.9.4 OK for: eslint@9.39.5 want: ^0.9.3
2780 silly fetch manifest eslint-visitor-keys@^3.4.3
2781 silly packumentCache full:https://registry.npmjs.org/eslint-visitor-keys cache-hit
2782 silly fetch manifest @eslint/object-schema@^2.1.7
2783 silly packumentCache full:https://registry.npmjs.org/@eslint%2fobject-schema cache-miss
2784 silly fetch manifest @types/json-schema@^7.0.15
2785 silly packumentCache full:https://registry.npmjs.org/@types%2fjson-schema cache-miss
2786 silly fetch manifest espree@^10.0.1
2787 silly packumentCache full:https://registry.npmjs.org/espree cache-hit
2788 silly fetch manifest globals@^14.0.0
2789 silly packumentCache full:https://registry.npmjs.org/globals cache-hit
2790 silly fetch manifest js-yaml@^4.3.2
2791 silly packumentCache full:https://registry.npmjs.org/js-yaml cache-hit
2792 silly fetch manifest import-fresh@^3.2.1
2793 silly packumentCache full:https://registry.npmjs.org/import-fresh cache-miss
2794 silly fetch manifest strip-json-comments@^3.1.1
2795 silly packumentCache full:https://registry.npmjs.org/strip-json-comments cache-miss
2796 silly fetch manifest levn@^0.4.1
2797 silly packumentCache full:https://registry.npmjs.org/levn cache-miss
2798 silly fetch manifest @humanfs/core@^0.19.2
2799 silly packumentCache full:https://registry.npmjs.org/@humanfs%2fcore cache-miss
2800 silly fetch manifest @humanfs/types@^0.15.0
2801 silly packumentCache full:https://registry.npmjs.org/@humanfs%2ftypes cache-miss
2802 http fetch GET 200 https://registry.npmjs.org/@types%2fjson-schema 181ms (cache revalidated)
2803 silly packumentCache full:https://registry.npmjs.org/@types%2fjson-schema set size:44704 disposed:false
2804 silly fetch manifest @humanwhocodes/retry@^0.4.0
2805 silly packumentCache full:https://registry.npmjs.org/@humanwhocodes%2fretry cache-hit
2806 silly fetch manifest uri-js@^4.2.2
2807 silly packumentCache full:https://registry.npmjs.org/uri-js cache-miss
2808 http fetch GET 200 https://registry.npmjs.org/strip-json-comments 168ms (cache revalidated)
2809 silly packumentCache full:https://registry.npmjs.org/strip-json-comments set size:43569 disposed:false
2810 silly fetch manifest fast-deep-equal@^3.1.1
2811 silly packumentCache full:https://registry.npmjs.org/fast-deep-equal cache-hit
2812 silly fetch manifest json-schema-traverse@^0.4.1
2813 silly packumentCache full:https://registry.npmjs.org/json-schema-traverse cache-miss
2814 http fetch GET 200 https://registry.npmjs.org/@eslint%2fobject-schema 218ms (cache revalidated)
2815 silly packumentCache full:https://registry.npmjs.org/@eslint%2fobject-schema set size:38535 disposed:false
2816 silly fetch manifest fast-json-stable-stringify@^2.0.0
2817 silly packumentCache full:https://registry.npmjs.org/fast-json-stable-stringify cache-miss
2818 http fetch GET 200 https://registry.npmjs.org/levn 212ms (cache revalidated)
2819 silly packumentCache full:https://registry.npmjs.org/levn set size:28223 disposed:false
2820 silly fetch manifest ansi-styles@^4.1.0
2821 silly packumentCache full:https://registry.npmjs.org/ansi-styles cache-miss
2822 http fetch GET 200 https://registry.npmjs.org/import-fresh 227ms (cache revalidated)
2823 silly packumentCache full:https://registry.npmjs.org/import-fresh set size:24604 disposed:false
2824 silly fetch manifest supports-color@^7.1.0
2825 silly packumentCache full:https://registry.npmjs.org/supports-color cache-miss
2826 http fetch GET 200 https://registry.npmjs.org/@humanfs%2ftypes 227ms (cache revalidated)
2827 silly packumentCache full:https://registry.npmjs.org/@humanfs%2ftypes set size:21303 disposed:false
2828 silly fetch manifest which@^2.0.1
2829 silly packumentCache full:https://registry.npmjs.org/which cache-miss
2830 http fetch GET 200 https://registry.npmjs.org/@humanfs%2fcore 240ms (cache revalidated)
2831 silly packumentCache full:https://registry.npmjs.org/@humanfs%2fcore set size:39480 disposed:false
2832 silly fetch manifest path-key@^3.1.0
2833 silly packumentCache full:https://registry.npmjs.org/path-key cache-miss
2834 http fetch GET 200 https://registry.npmjs.org/json-schema-traverse 172ms (cache revalidated)
2835 silly packumentCache full:https://registry.npmjs.org/json-schema-traverse set size:23537 disposed:false
2836 silly fetch manifest shebang-command@^2.0.0
2837 silly packumentCache full:https://registry.npmjs.org/shebang-command cache-miss
2838 http fetch GET 200 https://registry.npmjs.org/fast-json-stable-stringify 178ms (cache revalidated)
2839 silly packumentCache full:https://registry.npmjs.org/fast-json-stable-stringify set size:11337 disposed:false
2840 silly fetch manifest esrecurse@^4.3.0
2841 silly packumentCache full:https://registry.npmjs.org/esrecurse cache-miss
2842 http fetch GET 200 https://registry.npmjs.org/uri-js 220ms (cache revalidated)
2843 silly packumentCache full:https://registry.npmjs.org/uri-js set size:42559 disposed:false
2844 silly fetch manifest estraverse@^5.2.0
2845 silly packumentCache full:https://registry.npmjs.org/estraverse cache-miss
2846 http fetch GET 200 https://registry.npmjs.org/supports-color 180ms (cache revalidated)
2847 silly packumentCache full:https://registry.npmjs.org/supports-color set size:124169 disposed:false
2848 silly fetch manifest acorn@^8.15.0
2849 silly packumentCache full:https://registry.npmjs.org/acorn cache-miss
2850 http fetch GET 200 https://registry.npmjs.org/ansi-styles 212ms (cache revalidated)
2851 silly packumentCache full:https://registry.npmjs.org/ansi-styles set size:71772 disposed:false
2852 silly fetch manifest acorn-jsx@^5.3.2
2853 silly packumentCache full:https://registry.npmjs.org/acorn-jsx cache-miss
2854 http fetch GET 200 https://registry.npmjs.org/which 211ms (cache revalidated)
2855 silly packumentCache full:https://registry.npmjs.org/which set size:70147 disposed:false
2856 silly fetch manifest estraverse@^5.1.0
2857 silly packumentCache full:https://registry.npmjs.org/estraverse cache-miss
2858 http fetch GET 200 https://registry.npmjs.org/path-key 216ms (cache revalidated)
2859 silly packumentCache full:https://registry.npmjs.org/path-key set size:16975 disposed:false
2860 silly fetch manifest flat-cache@^4.0.0
2861 silly packumentCache full:https://registry.npmjs.org/flat-cache cache-miss
2862 http fetch GET 200 https://registry.npmjs.org/shebang-command 207ms (cache revalidated)
2863 silly packumentCache full:https://registry.npmjs.org/shebang-command set size:8525 disposed:false
2864 silly fetch manifest locate-path@^6.0.0
2865 silly packumentCache full:https://registry.npmjs.org/locate-path cache-miss
2866 http fetch GET 200 https://registry.npmjs.org/esrecurse 223ms (cache revalidated)
2867 silly packumentCache full:https://registry.npmjs.org/esrecurse set size:29005 disposed:false
2868 silly fetch manifest path-exists@^4.0.0
2869 silly packumentCache full:https://registry.npmjs.org/path-exists cache-miss
2870 http fetch GET 200 https://registry.npmjs.org/estraverse 149ms (cache revalidated)
2871 silly packumentCache full:https://registry.npmjs.org/estraverse set size:62412 disposed:false
2872 silly fetch manifest is-glob@^4.0.3
2873 silly packumentCache full:https://registry.npmjs.org/is-glob cache-hit
2874 silly fetch manifest is-extglob@^2.1.1
2875 silly packumentCache full:https://registry.npmjs.org/is-extglob cache-miss
2876 http fetch GET 200 https://registry.npmjs.org/estraverse 241ms (cache revalidated)
2877 silly packumentCache full:https://registry.npmjs.org/estraverse set size:62412 disposed:false
2878 silly packumentCache full:https://registry.npmjs.org/estraverse dispose
2879 silly fetch manifest brace-expansion@^1.1.7
2880 silly packumentCache full:https://registry.npmjs.org/brace-expansion cache-miss
2881 http fetch GET 200 https://registry.npmjs.org/acorn 219ms (cache revalidated)
2882 silly packumentCache full:https://registry.npmjs.org/acorn set size:383439 disposed:false
2883 silly fetch manifest prelude-ls@^1.2.1
2884 silly packumentCache full:https://registry.npmjs.org/prelude-ls cache-miss
2885 http fetch GET 200 https://registry.npmjs.org/acorn-jsx 249ms (cache revalidated)
2886 silly packumentCache full:https://registry.npmjs.org/acorn-jsx set size:71068 disposed:false
2887 silly fetch manifest deep-is@^0.1.3
2888 silly packumentCache full:https://registry.npmjs.org/deep-is cache-miss
2889 http fetch GET 200 https://registry.npmjs.org/flat-cache 323ms (cache revalidated)
2890 silly packumentCache full:https://registry.npmjs.org/flat-cache set size:160097 disposed:false
2891 silly fetch manifest word-wrap@^1.2.5
2892 silly packumentCache full:https://registry.npmjs.org/word-wrap cache-miss
2893 http fetch GET 200 https://registry.npmjs.org/locate-path 669ms (cache revalidated)
2894 silly packumentCache full:https://registry.npmjs.org/locate-path set size:31329 disposed:false
2895 silly fetch manifest type-check@^0.4.0
2896 silly packumentCache full:https://registry.npmjs.org/type-check cache-miss
2897 http fetch GET 200 https://registry.npmjs.org/is-extglob 636ms (cache revalidated)
2898 silly packumentCache full:https://registry.npmjs.org/is-extglob set size:11766 disposed:false
2899 silly fetch manifest fast-levenshtein@^2.0.6
2900 silly packumentCache full:https://registry.npmjs.org/fast-levenshtein cache-miss
2901 http fetch GET 200 https://registry.npmjs.org/prelude-ls 614ms (cache revalidated)
2902 silly packumentCache full:https://registry.npmjs.org/prelude-ls set size:25777 disposed:false
2903 http fetch GET 200 https://registry.npmjs.org/path-exists 701ms (cache revalidated)
2904 silly packumentCache full:https://registry.npmjs.org/path-exists set size:13704 disposed:false
2905 http fetch GET 200 https://registry.npmjs.org/brace-expansion 691ms (cache revalidated)
2906 silly packumentCache full:https://registry.npmjs.org/brace-expansion set size:128514 disposed:false
2907 http fetch GET 200 https://registry.npmjs.org/deep-is 675ms (cache revalidated)
2908 silly packumentCache full:https://registry.npmjs.org/deep-is set size:10205 disposed:false
2909 http fetch GET 200 https://registry.npmjs.org/fast-levenshtein 211ms (cache revalidated)
2910 silly packumentCache full:https://registry.npmjs.org/fast-levenshtein set size:39317 disposed:false
2911 http fetch GET 200 https://registry.npmjs.org/type-check 239ms (cache revalidated)
2912 silly packumentCache full:https://registry.npmjs.org/type-check set size:21221 disposed:false
2913 http fetch GET 200 https://registry.npmjs.org/word-wrap 636ms (cache revalidated)
2914 silly packumentCache full:https://registry.npmjs.org/word-wrap set size:37835 disposed:false
2915 silly placeDep node_modules/@eslint-community/eslint-utils eslint-visitor-keys@3.4.3 OK for: @eslint-community/eslint-utils@4.10.1 want: ^3.4.3
2916 silly placeDep ROOT @eslint/object-schema@2.1.7 OK for: @eslint/config-array@0.21.2 want: ^2.1.7
2917 silly placeDep ROOT @types/json-schema@7.0.15 OK for: @eslint/core@0.17.0 want: ^7.0.15
2918 silly placeDep node_modules/@eslint/eslintrc globals@14.0.0 OK for: @eslint/eslintrc@3.3.7 want: ^14.0.0
2919 silly placeDep ROOT import-fresh@3.3.1 OK for: @eslint/eslintrc@3.3.7 want: ^3.2.1
2920 silly placeDep ROOT js-yaml@4.3.2 OK for: @eslint/eslintrc@3.3.7 want: ^4.3.2
2921 silly placeDep ROOT strip-json-comments@3.1.1 OK for: @eslint/eslintrc@3.3.7 want: ^3.1.1
2922 silly fetch manifest resolve-from@^4.0.0
2923 silly packumentCache full:https://registry.npmjs.org/resolve-from cache-miss
2924 silly fetch manifest parent-module@^1.0.0
2925 silly packumentCache full:https://registry.npmjs.org/parent-module cache-miss
2926 silly fetch manifest argparse@^2.0.1
2927 silly packumentCache full:https://registry.npmjs.org/argparse cache-miss
2928 http fetch GET 200 https://registry.npmjs.org/parent-module 115ms (cache revalidated)
2929 silly packumentCache full:https://registry.npmjs.org/parent-module set size:18255 disposed:false
2930 http fetch GET 200 https://registry.npmjs.org/resolve-from 123ms (cache revalidated)
2931 silly packumentCache full:https://registry.npmjs.org/resolve-from set size:12911 disposed:false
2932 http fetch GET 200 https://registry.npmjs.org/argparse 125ms (cache revalidated)
2933 silly packumentCache full:https://registry.npmjs.org/argparse set size:55000 disposed:false
2934 silly placeDep ROOT levn@0.4.1 OK for: @eslint/plugin-kit@0.4.1 want: ^0.4.1
2935 silly fetch manifest type-check@~0.4.0
2936 silly packumentCache full:https://registry.npmjs.org/type-check cache-hit
2937 silly fetch manifest ajv@^8.12.0
2938 silly packumentCache full:https://registry.npmjs.org/ajv cache-miss
2939 http cache https://registry.npmjs.org/ajv 34ms (cache hit)
2940 silly packumentCache full:https://registry.npmjs.org/ajv set size:1142658 disposed:false
2941 silly placeDep ROOT ajv@8.20.0 REPLACE for: @hookform/resolvers@5.9.1 want: ^8.12.0
2942 silly fetch manifest fast-uri@^3.0.1
2943 silly packumentCache full:https://registry.npmjs.org/fast-uri cache-miss
2944 silly fetch manifest json-schema-traverse@^1.0.0
2945 silly packumentCache full:https://registry.npmjs.org/json-schema-traverse cache-hit
2946 silly fetch manifest require-from-string@^2.0.2
2947 silly packumentCache full:https://registry.npmjs.org/require-from-string cache-miss
2948 http fetch GET 200 https://registry.npmjs.org/fast-uri 123ms (cache revalidated)
2949 silly packumentCache full:https://registry.npmjs.org/fast-uri set size:118943 disposed:false
2950 http fetch GET 200 https://registry.npmjs.org/require-from-string 133ms (cache revalidated)
2951 silly packumentCache full:https://registry.npmjs.org/require-from-string set size:15128 disposed:false
2952 silly placeDep node_modules/@eslint/eslintrc ajv@6.15.0 OK for: @eslint/eslintrc@3.3.7 want: ^6.14.0
2953 silly placeDep ROOT @humanfs/core@0.19.2 OK for: @humanfs/node@0.16.8 want: ^0.19.2
2954 silly placeDep ROOT @humanfs/types@0.15.0 OK for: @humanfs/node@0.16.8 want: ^0.15.0
2955 silly placeDep ROOT fast-uri@3.1.8 OK for: ajv@8.20.0 want: ^3.0.1
2956 silly placeDep ROOT json-schema-traverse@1.0.0 OK for: ajv@8.20.0 want: ^1.0.0
2957 silly placeDep ROOT require-from-string@2.0.2 OK for: ajv@8.20.0 want: ^2.0.2
2958 silly placeDep ROOT path-key@3.1.1 OK for: cross-spawn@7.0.6 want: ^3.1.0
2959 silly placeDep ROOT shebang-command@2.0.0 OK for: cross-spawn@7.0.6 want: ^2.0.0
2960 silly placeDep ROOT which@2.0.2 OK for: cross-spawn@7.0.6 want: ^2.0.1
2961 silly fetch manifest shebang-regex@^3.0.0
2962 silly packumentCache full:https://registry.npmjs.org/shebang-regex cache-miss
2963 silly fetch manifest isexe@^2.0.0
2964 silly packumentCache full:https://registry.npmjs.org/isexe cache-miss
2965 http fetch GET 200 https://registry.npmjs.org/shebang-regex 122ms (cache revalidated)
2966 silly packumentCache full:https://registry.npmjs.org/shebang-regex set size:9763 disposed:false
2967 http fetch GET 200 https://registry.npmjs.org/isexe 126ms (cache revalidated)
2968 silly packumentCache full:https://registry.npmjs.org/isexe set size:31756 disposed:false
2969 silly placeDep node_modules/eslint ajv@6.15.0 OK for: eslint@9.39.5 want: ^6.14.0
2970 silly placeDep ROOT prettier-linter-helpers@1.0.1 OK for: eslint-plugin-prettier@5.5.6 want: ^1.0.1
2971 silly placeDep ROOT synckit@0.11.13 OK for: eslint-plugin-prettier@5.5.6 want: ^0.11.13
2972 silly fetch manifest fast-diff@^1.1.2
2973 silly packumentCache full:https://registry.npmjs.org/fast-diff cache-miss
2974 silly fetch manifest @pkgr/core@^0.3.6
2975 silly packumentCache full:https://registry.npmjs.org/@pkgr%2fcore cache-miss
2976 http fetch GET 200 https://registry.npmjs.org/fast-diff 129ms (cache revalidated)
2977 silly packumentCache full:https://registry.npmjs.org/fast-diff set size:12246 disposed:false
2978 http fetch GET 200 https://registry.npmjs.org/@pkgr%2fcore 298ms (cache revalidated)
2979 silly packumentCache full:https://registry.npmjs.org/@pkgr%2fcore set size:38420 disposed:false
2980 silly placeDep ROOT esrecurse@4.3.0 OK for: eslint-scope@8.4.0 want: ^4.3.0
2981 silly placeDep ROOT estraverse@5.3.0 OK for: eslint-scope@8.4.0 want: ^5.2.0
2982 silly placeDep ROOT acorn@8.18.0 OK for: espree@10.4.0 want: ^8.15.0
2983 silly placeDep ROOT acorn-jsx@5.3.2 OK for: espree@10.4.0 want: ^5.3.2
2984 silly placeDep ROOT flat-cache@4.0.1 OK for: file-entry-cache@8.0.0 want: ^4.0.0
2985 silly fetch manifest keyv@^4.5.4
2986 silly packumentCache full:https://registry.npmjs.org/keyv cache-miss
2987 silly fetch manifest flatted@^3.2.9
2988 silly packumentCache full:https://registry.npmjs.org/flatted cache-miss
2989 http fetch GET 200 https://registry.npmjs.org/keyv 116ms (cache revalidated)
2990 silly packumentCache full:https://registry.npmjs.org/keyv set size:227033 disposed:false
2991 http fetch GET 200 https://registry.npmjs.org/flatted 137ms (cache revalidated)
2992 silly packumentCache full:https://registry.npmjs.org/flatted set size:143283 disposed:false
2993 silly placeDep ROOT locate-path@6.0.0 OK for: find-up@5.0.0 want: ^6.0.0
2994 silly placeDep ROOT path-exists@4.0.0 OK for: find-up@5.0.0 want: ^4.0.0
2995 silly fetch manifest p-locate@^5.0.0
2996 silly packumentCache full:https://registry.npmjs.org/p-locate cache-miss
2997 http fetch GET 200 https://registry.npmjs.org/p-locate 109ms (cache revalidated)
2998 silly packumentCache full:https://registry.npmjs.org/p-locate set size:22488 disposed:false
2999 silly placeDep ROOT flatted@3.4.4 OK for: flat-cache@4.0.1 want: ^3.2.9
3000 silly placeDep ROOT keyv@4.5.4 OK for: flat-cache@4.0.1 want: ^4.5.4
3001 silly fetch manifest json-buffer@3.0.1
3002 silly packumentCache full:https://registry.npmjs.org/json-buffer cache-miss
3003 http fetch GET 200 https://registry.npmjs.org/json-buffer 98ms (cache revalidated)
3004 silly packumentCache full:https://registry.npmjs.org/json-buffer set size:23474 disposed:false
3005 silly placeDep ROOT resolve-pkg-maps@1.0.0 OK for: get-tsconfig@4.14.3 want: ^1.0.0
3006 silly placeDep ROOT rou3@0.8.1 OK for: h3@2.0.1-rc.20 want: ^0.8.1
3007 silly placeDep ROOT parent-module@1.0.1 OK for: import-fresh@3.3.1 want: ^1.0.0
3008 silly placeDep ROOT resolve-from@4.0.0 OK for: import-fresh@3.3.1 want: ^4.0.0
3009 silly fetch manifest callsites@^3.0.0
3010 silly packumentCache full:https://registry.npmjs.org/callsites cache-miss
3011 http fetch GET 200 https://registry.npmjs.org/callsites 104ms (cache revalidated)
3012 silly packumentCache full:https://registry.npmjs.org/callsites set size:21349 disposed:false
3013 silly placeDep ROOT is-extglob@2.1.1 OK for: is-glob@4.0.3 want: ^2.1.1
3014 silly placeDep ROOT argparse@2.0.1 OK for: js-yaml@4.3.2 want: ^2.0.1
3015 silly placeDep ROOT json-buffer@3.0.1 OK for: keyv@4.5.4 want: 3.0.1
3016 silly placeDep ROOT shell-quote@1.10.0 OK for: launch-editor@2.14.1 want: ^1.8.4
3017 silly placeDep ROOT prelude-ls@1.2.1 OK for: levn@0.4.1 want: ^1.2.1
3018 silly placeDep ROOT type-check@0.4.0 OK for: levn@0.4.1 want: ~0.4.0
3019 silly placeDep ROOT detect-libc@2.1.2 OK for: lightningcss@1.33.0 want: ^2.0.3
3020 silly placeDep ROOT lightningcss-android-arm64@1.33.0 OK for: lightningcss@1.33.0 want: 1.33.0
3021 silly placeDep ROOT lightningcss-darwin-arm64@1.33.0 OK for: lightningcss@1.33.0 want: 1.33.0
3022 silly placeDep ROOT lightningcss-darwin-x64@1.33.0 OK for: lightningcss@1.33.0 want: 1.33.0
3023 silly placeDep ROOT lightningcss-freebsd-x64@1.33.0 OK for: lightningcss@1.33.0 want: 1.33.0
3024 silly placeDep ROOT lightningcss-linux-arm-gnueabihf@1.33.0 OK for: lightningcss@1.33.0 want: 1.33.0
3025 silly placeDep ROOT lightningcss-linux-arm64-gnu@1.33.0 OK for: lightningcss@1.33.0 want: 1.33.0
3026 silly placeDep ROOT lightningcss-linux-arm64-musl@1.33.0 OK for: lightningcss@1.33.0 want: 1.33.0
3027 silly placeDep ROOT lightningcss-linux-x64-gnu@1.33.0 OK for: lightningcss@1.33.0 want: 1.33.0
3028 silly placeDep ROOT lightningcss-linux-x64-musl@1.33.0 OK for: lightningcss@1.33.0 want: 1.33.0
3029 silly placeDep ROOT lightningcss-win32-arm64-msvc@1.33.0 OK for: lightningcss@1.33.0 want: 1.33.0
3030 silly placeDep ROOT lightningcss-win32-x64-msvc@1.33.0 OK for: lightningcss@1.33.0 want: 1.33.0
3031 silly placeDep ROOT p-locate@5.0.0 OK for: locate-path@6.0.0 want: ^5.0.0
3032 silly fetch manifest p-limit@^3.0.2
3033 silly packumentCache full:https://registry.npmjs.org/p-limit cache-miss
3034 http fetch GET 200 https://registry.npmjs.org/p-limit 146ms (cache revalidated)
3035 silly packumentCache full:https://registry.npmjs.org/p-limit set size:66276 disposed:false
3036 silly placeDep ROOT yallist@3.1.1 OK for: lru-cache@5.1.1 want: ^3.0.2
3037 silly placeDep ROOT brace-expansion@1.1.21 OK for: minimatch@3.1.5 want: ^1.1.7
3038 silly fetch manifest concat-map@0.0.1
3039 silly packumentCache full:https://registry.npmjs.org/concat-map cache-miss
3040 silly fetch manifest balanced-match@^1.0.0
3041 silly packumentCache full:https://registry.npmjs.org/balanced-match cache-miss
3042 http fetch GET 200 https://registry.npmjs.org/balanced-match 106ms (cache revalidated)
3043 silly packumentCache full:https://registry.npmjs.org/balanced-match set size:39082 disposed:false
3044 http fetch GET 200 https://registry.npmjs.org/concat-map 291ms (cache revalidated)
3045 silly packumentCache full:https://registry.npmjs.org/concat-map set size:9290 disposed:false
3046 silly placeDep ROOT balanced-match@1.0.2 OK for: brace-expansion@1.1.21 want: ^1.0.0
3047 silly placeDep ROOT concat-map@0.0.1 OK for: brace-expansion@1.1.21 want: 0.0.1
3048 silly fetch manifest ocache@>=0.3.0
3049 silly packumentCache full:https://registry.npmjs.org/ocache cache-hit
3050 silly fetch manifest @electric-sql/pglite@*
3051 silly packumentCache full:https://registry.npmjs.org/@electric-sql%2fpglite cache-hit
3052 silly fetch manifest @libsql/client@*
3053 silly packumentCache full:https://registry.npmjs.org/@libsql%2fclient cache-hit
3054 silly fetch manifest better-sqlite3@*
3055 silly packumentCache full:https://registry.npmjs.org/better-sqlite3 cache-hit
3056 silly fetch manifest drizzle-orm@*
3057 silly packumentCache full:https://registry.npmjs.org/drizzle-orm cache-miss
3058 http cache https://registry.npmjs.org/drizzle-orm 1040ms (cache hit)
3059 silly packumentCache full:https://registry.npmjs.org/drizzle-orm set size:64473358 disposed:false
3060 silly fetch manifest react@*
3061 silly packumentCache full:https://registry.npmjs.org/react cache-miss
3062 http cache https://registry.npmjs.org/react 68ms (cache hit)
3063 silly packumentCache full:https://registry.npmjs.org/react set size:6992208 disposed:false
3064 silly fetch manifest @types/react@^19.1.1
3065 silly packumentCache full:https://registry.npmjs.org/@types%2freact cache-miss
3066 http cache https://registry.npmjs.org/@types%2freact 48ms (cache hit)
3067 silly packumentCache full:https://registry.npmjs.org/@types%2freact set size:2642161 disposed:false
3068 silly fetch manifest typescript@>=5.4.0
3069 silly packumentCache full:https://registry.npmjs.org/typescript cache-miss
3070 http cache https://registry.npmjs.org/typescript 244ms (cache hit)
3071 silly packumentCache full:https://registry.npmjs.org/typescript set size:15685586 disposed:false
3072 silly fetch manifest react-dom@*
3073 silly packumentCache full:https://registry.npmjs.org/react-dom cache-miss
3074 http cache https://registry.npmjs.org/react-dom 186ms (cache hit)
3075 silly packumentCache full:https://registry.npmjs.org/react-dom set size:9417009 disposed:false
3076 silly fetch manifest @types/node@>= 8
3077 silly packumentCache full:https://registry.npmjs.org/@types%2fnode cache-miss
3078 http cache https://registry.npmjs.org/@types%2fnode 185ms (cache hit)
3079 silly packumentCache full:https://registry.npmjs.org/@types%2fnode set size:11136519 disposed:false
3080 silly fetch manifest postgres@>=3
3081 silly packumentCache full:https://registry.npmjs.org/postgres cache-hit
3082 silly fetch manifest @netlify/runtime@^4.1.23
3083 silly packumentCache full:https://registry.npmjs.org/@netlify%2fruntime cache-miss
3084 http fetch GET 200 https://registry.npmjs.org/@netlify%2fruntime 644ms (cache revalidated)
3085 silly packumentCache full:https://registry.npmjs.org/@netlify%2fruntime set size:167041 disposed:false
3086 silly fetch manifest miniflare@^4.20260515.0
3087 silly packumentCache full:https://registry.npmjs.org/miniflare cache-miss
3088 http fetch GET 200 https://registry.npmjs.org/miniflare 385ms (cache revalidated)
3089 silly packumentCache full:https://registry.npmjs.org/miniflare set size:6783942 disposed:false
3090 silly fetch manifest wrangler@^4.0.0
3091 silly packumentCache full:https://registry.npmjs.org/wrangler cache-miss
3092 http fetch GET 200 https://registry.npmjs.org/wrangler 641ms (cache revalidated)
3093 silly packumentCache full:https://registry.npmjs.org/wrangler set size:29704669 disposed:false
3094 silly fetch manifest @cloudflare/workers-types@^5.20260917.1
3095 silly packumentCache full:https://registry.npmjs.org/@cloudflare%2fworkers-types cache-miss
3096 http cache https://registry.npmjs.org/@cloudflare%2fworkers-types 63ms (cache hit)
3097 silly packumentCache full:https://registry.npmjs.org/@cloudflare%2fworkers-types set size:1911505 disposed:false
3098 silly placeDep ROOT consola@3.4.2 OK for: nitro@3.0.260603-beta want: ^3.4.2
3099 silly placeDep ROOT crossws@0.4.12 OK for: nitro@3.0.260603-beta want: ^0.4.5
3100 silly placeDep ROOT db0@0.3.4 OK for: nitro@3.0.260603-beta want: ^0.3.4
3101 silly placeDep ROOT env-runner@0.1.16 OK for: nitro@3.0.260603-beta want: ^0.1.9
3102 silly placeDep ROOT h3@2.0.1-rc.32 OK for: nitro@3.0.260603-beta want: ^2.0.1-rc.22
3103 silly placeDep ROOT hookable@6.1.2 OK for: nitro@3.0.260603-beta want: ^6.1.1
3104 silly placeDep ROOT nf3@0.3.24 OK for: nitro@3.0.260603-beta want: ^0.3.17
3105 silly placeDep ROOT ocache@0.1.5 OK for: nitro@3.0.260603-beta want: ^0.1.4
3106 silly placeDep ROOT ofetch@2.0.0-alpha.3 OK for: nitro@3.0.260603-beta want: ^2.0.0-alpha.3
3107 silly placeDep ROOT ohash@2.0.12 OK for: nitro@3.0.260603-beta want: ^2.0.11
3108 silly placeDep ROOT rolldown@1.2.1 OK for: nitro@3.0.260603-beta want: 1.2.1
3109 silly placeDep ROOT unenv@2.0.0-rc.24 OK for: nitro@3.0.260603-beta want: ^2.0.0-rc.24
3110 silly placeDep ROOT unstorage@2.0.0-alpha.10 OK for: nitro@3.0.260603-beta want: ^2.0.0-alpha.7
3111 silly fetch manifest httpxy@^0.5.4
3112 silly packumentCache full:https://registry.npmjs.org/httpxy cache-miss
3113 silly fetch manifest rou3@^0.9.2
3114 silly packumentCache full:https://registry.npmjs.org/rou3 cache-hit
3115 silly fetch manifest srvx@^1.0.5
3116 silly packumentCache full:https://registry.npmjs.org/srvx cache-hit
3117 silly fetch manifest @oxc-project/types@=0.142.0
3118 silly packumentCache full:https://registry.npmjs.org/@oxc-project%2ftypes cache-hit
3119 silly fetch manifest @rolldown/pluginutils@^1.0.0
3120 silly packumentCache full:https://registry.npmjs.org/@rolldown%2fpluginutils cache-hit
3121 silly fetch manifest @rolldown/binding-darwin-x64@1.2.1
3122 silly packumentCache full:https://registry.npmjs.org/@rolldown%2fbinding-darwin-x64 cache-miss
3123 silly fetch manifest @rolldown/binding-freebsd-x64@1.2.1
3124 silly packumentCache full:https://registry.npmjs.org/@rolldown%2fbinding-freebsd-x64 cache-miss
3125 silly fetch manifest @rolldown/binding-wasm32-wasi@1.2.1
3126 silly packumentCache full:https://registry.npmjs.org/@rolldown%2fbinding-wasm32-wasi cache-miss
3127 silly fetch manifest @rolldown/binding-darwin-arm64@1.2.1
3128 silly packumentCache full:https://registry.npmjs.org/@rolldown%2fbinding-darwin-arm64 cache-miss
3129 silly fetch manifest @rolldown/binding-android-arm64@1.2.1
3130 silly packumentCache full:https://registry.npmjs.org/@rolldown%2fbinding-android-arm64 cache-miss
3131 silly fetch manifest @rolldown/binding-linux-x64-gnu@1.2.1
3132 silly packumentCache full:https://registry.npmjs.org/@rolldown%2fbinding-linux-x64-gnu cache-miss
3133 http fetch GET 200 https://registry.npmjs.org/httpxy 152ms (cache revalidated)
3134 silly packumentCache full:https://registry.npmjs.org/httpxy set size:59408 disposed:false
3135 silly fetch manifest @rolldown/binding-linux-x64-musl@1.2.1
3136 silly packumentCache full:https://registry.npmjs.org/@rolldown%2fbinding-linux-x64-musl cache-miss
3137 http fetch GET 200 https://registry.npmjs.org/@rolldown%2fbinding-wasm32-wasi 182ms (cache revalidated)
3138 silly packumentCache full:https://registry.npmjs.org/@rolldown%2fbinding-wasm32-wasi set size:1388481 disposed:false
3139 silly fetch manifest @rolldown/binding-win32-x64-msvc@1.2.1
3140 silly packumentCache full:https://registry.npmjs.org/@rolldown%2fbinding-win32-x64-msvc cache-miss
3141 http fetch GET 200 https://registry.npmjs.org/@rolldown%2fbinding-android-arm64 267ms (cache revalidated)
3142 silly packumentCache full:https://registry.npmjs.org/@rolldown%2fbinding-android-arm64 set size:184471 disposed:false
3143 silly fetch manifest @rolldown/binding-linux-arm64-gnu@1.2.1
3144 silly packumentCache full:https://registry.npmjs.org/@rolldown%2fbinding-linux-arm64-gnu cache-miss
3145 http fetch GET 200 https://registry.npmjs.org/@rolldown%2fbinding-darwin-x64 313ms (cache revalidated)
3146 silly packumentCache full:https://registry.npmjs.org/@rolldown%2fbinding-darwin-x64 set size:1398026 disposed:false
3147 silly fetch manifest @rolldown/binding-linux-ppc64-gnu@1.2.1
3148 silly packumentCache full:https://registry.npmjs.org/@rolldown%2fbinding-linux-ppc64-gnu cache-miss
3149 http fetch GET 200 https://registry.npmjs.org/@rolldown%2fbinding-darwin-arm64 371ms (cache revalidated)
3150 silly packumentCache full:https://registry.npmjs.org/@rolldown%2fbinding-darwin-arm64 set size:1409900 disposed:false
3151 silly fetch manifest @rolldown/binding-linux-s390x-gnu@1.2.1
3152 silly packumentCache full:https://registry.npmjs.org/@rolldown%2fbinding-linux-s390x-gnu cache-miss
3153 http fetch GET 200 https://registry.npmjs.org/@rolldown%2fbinding-freebsd-x64 479ms (cache revalidated)
3154 silly packumentCache full:https://registry.npmjs.org/@rolldown%2fbinding-freebsd-x64 set size:1077798 disposed:false
3155 silly fetch manifest @rolldown/binding-linux-arm64-musl@1.2.1
3156 silly packumentCache full:https://registry.npmjs.org/@rolldown%2fbinding-linux-arm64-musl cache-miss
3157 http fetch GET 200 https://registry.npmjs.org/@rolldown%2fbinding-linux-x64-gnu 529ms (cache revalidated)
3158 silly packumentCache full:https://registry.npmjs.org/@rolldown%2fbinding-linux-x64-gnu set size:1423788 disposed:false
3159 silly fetch manifest @rolldown/binding-win32-arm64-msvc@1.2.1
3160 silly packumentCache full:https://registry.npmjs.org/@rolldown%2fbinding-win32-arm64-msvc cache-miss
3161 http fetch GET 200 https://registry.npmjs.org/@rolldown%2fbinding-linux-x64-musl 592ms (cache revalidated)
3162 silly packumentCache full:https://registry.npmjs.org/@rolldown%2fbinding-linux-x64-musl set size:1428508 disposed:false
3163 silly fetch manifest @rolldown/binding-openharmony-arm64@1.2.1
3164 silly packumentCache full:https://registry.npmjs.org/@rolldown%2fbinding-openharmony-arm64 cache-miss
3165 http fetch GET 200 https://registry.npmjs.org/@rolldown%2fbinding-linux-arm64-gnu 543ms (cache revalidated)
3166 silly packumentCache full:https://registry.npmjs.org/@rolldown%2fbinding-linux-arm64-gnu set size:1435694 disposed:false
3167 silly fetch manifest @rolldown/binding-linux-arm-gnueabihf@1.2.1
3168 silly packumentCache full:https://registry.npmjs.org/@rolldown%2fbinding-linux-arm-gnueabihf cache-miss
3169 http fetch GET 200 https://registry.npmjs.org/@rolldown%2fbinding-linux-ppc64-gnu 536ms (cache revalidated)
3170 silly packumentCache full:https://registry.npmjs.org/@rolldown%2fbinding-linux-ppc64-gnu set size:72281 disposed:false
3171 http fetch GET 200 https://registry.npmjs.org/@rolldown%2fbinding-win32-arm64-msvc 332ms (cache revalidated)
3172 silly packumentCache full:https://registry.npmjs.org/@rolldown%2fbinding-win32-arm64-msvc set size:1430600 disposed:false
3173 http fetch GET 200 https://registry.npmjs.org/@rolldown%2fbinding-win32-x64-msvc 759ms (cache revalidated)
3174 silly packumentCache full:https://registry.npmjs.org/@rolldown%2fbinding-win32-x64-msvc set size:1416351 disposed:false
3175 http fetch GET 200 https://registry.npmjs.org/@rolldown%2fbinding-linux-s390x-gnu 1007ms (cache revalidated)
3176 silly packumentCache full:https://registry.npmjs.org/@rolldown%2fbinding-linux-s390x-gnu set size:72279 disposed:false
3177 http fetch GET 200 https://registry.npmjs.org/@rolldown%2fbinding-openharmony-arm64 653ms (cache revalidated)
3178 silly packumentCache full:https://registry.npmjs.org/@rolldown%2fbinding-openharmony-arm64 set size:146668 disposed:false
3179 http fetch GET 200 https://registry.npmjs.org/@rolldown%2fbinding-linux-arm64-musl 949ms (cache revalidated)
3180 silly packumentCache full:https://registry.npmjs.org/@rolldown%2fbinding-linux-arm64-musl set size:1440381 disposed:false
3181 http fetch GET 200 https://registry.npmjs.org/@rolldown%2fbinding-linux-arm-gnueabihf 716ms (cache revalidated)
3182 silly packumentCache full:https://registry.npmjs.org/@rolldown%2fbinding-linux-arm-gnueabihf set size:1445339 disposed:false
3183 silly placeDep ROOT httpxy@0.5.5 OK for: env-runner@0.1.16 want: ^0.5.4
3184 silly placeDep ROOT ocache@0.3.0 REPLACE for: h3@2.0.1-rc.32 want: >=0.3.0
3185 silly placeDep node_modules/h3 rou3@0.9.2 OK for: h3@2.0.1-rc.32 want: ^0.9.2
3186 silly placeDep node_modules/h3 srvx@1.0.5 OK for: h3@2.0.1-rc.32 want: ^1.0.5
3187 silly placeDep node_modules/nitro ocache@0.1.5 OK for: nitro@3.0.260603-beta want: ^0.1.4
3188 silly placeDep ROOT deep-is@0.1.4 OK for: optionator@0.9.4 want: ^0.1.3
3189 silly placeDep ROOT fast-levenshtein@2.0.6 OK for: optionator@0.9.4 want: ^2.0.6
3190 silly placeDep ROOT word-wrap@1.2.5 OK for: optionator@0.9.4 want: ^1.2.5
3191 silly placeDep ROOT @oxc-parser/binding-android-arm-eabi@0.120.0 OK for: oxc-parser@0.120.0 want: 0.120.0
3192 silly placeDep ROOT @oxc-parser/binding-android-arm64@0.120.0 OK for: oxc-parser@0.120.0 want: 0.120.0
3193 silly placeDep ROOT @oxc-parser/binding-darwin-arm64@0.120.0 OK for: oxc-parser@0.120.0 want: 0.120.0
3194 silly placeDep ROOT @oxc-parser/binding-darwin-x64@0.120.0 OK for: oxc-parser@0.120.0 want: 0.120.0
3195 silly placeDep ROOT @oxc-parser/binding-freebsd-x64@0.120.0 OK for: oxc-parser@0.120.0 want: 0.120.0
3196 silly placeDep ROOT @oxc-parser/binding-linux-arm-gnueabihf@0.120.0 OK for: oxc-parser@0.120.0 want: 0.120.0
3197 silly placeDep ROOT @oxc-parser/binding-linux-arm-musleabihf@0.120.0 OK for: oxc-parser@0.120.0 want: 0.120.0
3198 silly placeDep ROOT @oxc-parser/binding-linux-arm64-gnu@0.120.0 OK for: oxc-parser@0.120.0 want: 0.120.0
3199 silly placeDep ROOT @oxc-parser/binding-linux-arm64-musl@0.120.0 OK for: oxc-parser@0.120.0 want: 0.120.0
3200 silly placeDep ROOT @oxc-parser/binding-linux-ppc64-gnu@0.120.0 OK for: oxc-parser@0.120.0 want: 0.120.0
3201 silly placeDep ROOT @oxc-parser/binding-linux-riscv64-gnu@0.120.0 OK for: oxc-parser@0.120.0 want: 0.120.0
3202 silly placeDep ROOT @oxc-parser/binding-linux-riscv64-musl@0.120.0 OK for: oxc-parser@0.120.0 want: 0.120.0
3203 silly placeDep ROOT @oxc-parser/binding-linux-s390x-gnu@0.120.0 OK for: oxc-parser@0.120.0 want: 0.120.0
3204 silly placeDep ROOT @oxc-parser/binding-linux-x64-gnu@0.120.0 OK for: oxc-parser@0.120.0 want: 0.120.0
3205 silly placeDep ROOT @oxc-parser/binding-linux-x64-musl@0.120.0 OK for: oxc-parser@0.120.0 want: 0.120.0
3206 silly placeDep ROOT @oxc-parser/binding-openharmony-arm64@0.120.0 OK for: oxc-parser@0.120.0 want: 0.120.0
3207 silly placeDep ROOT @oxc-parser/binding-wasm32-wasi@0.120.0 OK for: oxc-parser@0.120.0 want: 0.120.0
3208 silly placeDep ROOT @oxc-parser/binding-win32-arm64-msvc@0.120.0 OK for: oxc-parser@0.120.0 want: 0.120.0
3209 silly placeDep ROOT @oxc-parser/binding-win32-ia32-msvc@0.120.0 OK for: oxc-parser@0.120.0 want: 0.120.0
3210 silly placeDep ROOT @oxc-parser/binding-win32-x64-msvc@0.120.0 OK for: oxc-parser@0.120.0 want: 0.120.0
3211 silly placeDep ROOT @oxc-project/types@0.120.0 OK for: oxc-parser@0.120.0 want: ^0.120.0
3212 silly fetch manifest @napi-rs/wasm-runtime@^1.1.1
3213 silly packumentCache full:https://registry.npmjs.org/@napi-rs%2fwasm-runtime cache-miss
3214 http fetch GET 200 https://registry.npmjs.org/@napi-rs%2fwasm-runtime 126ms (cache revalidated)
3215 silly packumentCache full:https://registry.npmjs.org/@napi-rs%2fwasm-runtime set size:90458 disposed:false
3216 silly fetch manifest @emnapi/core@^1.7.1 || ^2.0.0-alpha.4
3217 silly packumentCache full:https://registry.npmjs.org/@emnapi%2fcore cache-miss
3218 http fetch GET 200 https://registry.npmjs.org/@emnapi%2fcore 114ms (cache revalidated)
3219 silly packumentCache full:https://registry.npmjs.org/@emnapi%2fcore set size:126418 disposed:false
3220 silly fetch manifest @emnapi/runtime@^1.7.1 || ^2.0.0-alpha.4
3221 silly packumentCache full:https://registry.npmjs.org/@emnapi%2fruntime cache-miss
3222 http fetch GET 200 https://registry.npmjs.org/@emnapi%2fruntime 133ms (cache revalidated)
3223 silly packumentCache full:https://registry.npmjs.org/@emnapi%2fruntime set size:127256 disposed:false
3224 silly placeDep ROOT @napi-rs/wasm-runtime@1.2.4 OK for: @oxc-parser/binding-wasm32-wasi@0.120.0 want: ^1.1.1
3225 silly placeDep ROOT @emnapi/core@1.11.3 OK for: @napi-rs/wasm-runtime@1.2.4 want: ^1.7.1 || ^2.0.0-alpha.4
3226 silly placeDep ROOT @emnapi/runtime@1.11.3 OK for: @napi-rs/wasm-runtime@1.2.4 want: ^1.7.1 || ^2.0.0-alpha.4
3227 silly fetch manifest @tybys/wasm-util@^0.10.3
3228 silly packumentCache full:https://registry.npmjs.org/@tybys%2fwasm-util cache-miss
3229 silly fetch manifest @emnapi/wasi-threads@1.2.3
3230 silly packumentCache full:https://registry.npmjs.org/@emnapi%2fwasi-threads cache-miss
3231 http fetch GET 200 https://registry.npmjs.org/@emnapi%2fwasi-threads 141ms (cache revalidated)
3232 silly packumentCache full:https://registry.npmjs.org/@emnapi%2fwasi-threads set size:35327 disposed:false
3233 http fetch GET 200 https://registry.npmjs.org/@tybys%2fwasm-util 312ms (cache revalidated)
3234 silly packumentCache full:https://registry.npmjs.org/@tybys%2fwasm-util set size:62627 disposed:false
3235 silly placeDep ROOT @emnapi/wasi-threads@1.2.3 OK for: @emnapi/core@1.11.3 want: 1.2.3
3236 silly placeDep ROOT @tybys/wasm-util@0.10.4 OK for: @napi-rs/wasm-runtime@1.2.4 want: ^0.10.3
3237 silly placeDep ROOT p-limit@3.1.0 OK for: p-locate@5.0.0 want: ^3.0.2
3238 silly fetch manifest yocto-queue@^0.1.0
3239 silly packumentCache full:https://registry.npmjs.org/yocto-queue cache-miss
3240 http fetch GET 200 https://registry.npmjs.org/yocto-queue 100ms (cache revalidated)
3241 silly packumentCache full:https://registry.npmjs.org/yocto-queue set size:20256 disposed:false
3242 silly placeDep ROOT yocto-queue@0.1.0 OK for: p-limit@3.1.0 want: ^0.1.0
3243 silly placeDep ROOT callsites@3.1.0 OK for: parent-module@1.0.1 want: ^3.0.0
3244 silly placeDep ROOT fast-diff@1.3.0 OK for: prettier-linter-helpers@1.0.1 want: ^1.1.2
3245 silly placeDep ROOT @date-fns/tz@1.5.0 OK for: react-day-picker@9.14.0 want: ^1.4.1
3246 silly placeDep ROOT @tabby_ai/hijri-converter@1.0.5 OK for: react-day-picker@9.14.0 want: 1.0.5
3247 silly placeDep ROOT date-fns-jalali@4.1.0-0 OK for: react-day-picker@9.14.0 want: 4.1.0-0
3248 silly placeDep ROOT scheduler@0.28.0 OK for: react-dom@19.3.0 want: ^0.28.0
3249 silly fetch manifest react@^16.8.0 || ^17.0.0 || ^18.0.0 || ^19.0.0 || ^19.0.0-rc
3250 silly packumentCache full:https://registry.npmjs.org/react cache-miss
3251 http cache https://registry.npmjs.org/react 68ms (cache hit)
3252 silly packumentCache full:https://registry.npmjs.org/react set size:6992208 disposed:false
3253 silly placeDep ROOT react-remove-scroll-bar@2.3.8 OK for: react-remove-scroll@2.7.2 want: ^2.3.7
3254 silly placeDep ROOT react-style-singleton@2.2.3 OK for: react-remove-scroll@2.7.2 want: ^2.2.3
3255 silly placeDep ROOT use-callback-ref@1.3.3 OK for: react-remove-scroll@2.7.2 want: ^1.3.3
3256 silly placeDep ROOT use-sidecar@1.1.3 OK for: react-remove-scroll@2.7.2 want: ^1.1.3
3257 silly fetch manifest react-style-singleton@^2.2.2
3258 silly packumentCache full:https://registry.npmjs.org/react-style-singleton cache-hit
3259 silly fetch manifest get-nonce@^1.0.0
3260 silly packumentCache full:https://registry.npmjs.org/get-nonce cache-miss
3261 silly fetch manifest detect-node-es@^1.1.0
3262 silly packumentCache full:https://registry.npmjs.org/detect-node-es cache-miss
3263 http fetch GET 200 https://registry.npmjs.org/detect-node-es 132ms (cache revalidated)
3264 silly packumentCache full:https://registry.npmjs.org/detect-node-es set size:6554 disposed:false
3265 http fetch GET 200 https://registry.npmjs.org/get-nonce 142ms (cache revalidated)
3266 silly packumentCache full:https://registry.npmjs.org/get-nonce set size:8902 disposed:false
3267 silly placeDep ROOT get-nonce@1.0.1 OK for: react-style-singleton@2.2.3 want: ^1.0.0
3268 silly fetch manifest react@^16.0.0 || ^17.0.0 || ^18.0.0 || ^19.0.0
3269 silly packumentCache full:https://registry.npmjs.org/react cache-miss
3270 http cache https://registry.npmjs.org/react 71ms (cache hit)
3271 silly packumentCache full:https://registry.npmjs.org/react set size:6992208 disposed:false
3272 silly fetch manifest react-dom@^16.0.0 || ^17.0.0 || ^18.0.0 || ^19.0.0
3273 silly packumentCache full:https://registry.npmjs.org/react-dom cache-miss
3274 http cache https://registry.npmjs.org/react-dom 88ms (cache hit)
3275 silly packumentCache full:https://registry.npmjs.org/react-dom set size:9417009 disposed:false
3276 silly placeDep ROOT eventemitter3@4.0.7 OK for: recharts@2.15.4 want: ^4.0.1
3277 silly placeDep ROOT lodash@4.18.1 OK for: recharts@2.15.4 want: ^4.17.21
3278 silly placeDep ROOT react-is@18.3.1 OK for: recharts@2.15.4 want: ^18.3.1
3279 silly placeDep ROOT react-smooth@4.0.4 OK for: recharts@2.15.4 want: ^4.0.4
3280 silly placeDep ROOT recharts-scale@0.4.5 OK for: recharts@2.15.4 want: ^0.4.4
3281 silly placeDep ROOT tiny-invariant@1.3.3 OK for: recharts@2.15.4 want: ^1.3.1
3282 silly placeDep ROOT victory-vendor@36.9.2 OK for: recharts@2.15.4 want: ^36.6.8
3283 silly fetch manifest fast-equals@^5.0.1
3284 silly packumentCache full:https://registry.npmjs.org/fast-equals cache-miss
3285 silly fetch manifest prop-types@^15.8.1
3286 silly packumentCache full:https://registry.npmjs.org/prop-types cache-miss
3287 silly fetch manifest react-transition-group@^4.4.5
3288 silly packumentCache full:https://registry.npmjs.org/react-transition-group cache-miss
3289 silly fetch manifest decimal.js-light@^2.4.1
3290 silly packumentCache full:https://registry.npmjs.org/decimal.js-light cache-miss
3291 silly fetch manifest d3-ease@^3.0.1
3292 silly packumentCache full:https://registry.npmjs.org/d3-ease cache-miss
3293 silly fetch manifest d3-time@^3.0.0
3294 silly packumentCache full:https://registry.npmjs.org/d3-time cache-miss
3295 silly fetch manifest d3-array@^3.1.6
3296 silly packumentCache full:https://registry.npmjs.org/d3-array cache-miss
3297 http fetch GET 200 https://registry.npmjs.org/d3-time 130ms (cache revalidated)
3298 silly packumentCache full:https://registry.npmjs.org/d3-time set size:150406 disposed:false
3299 silly fetch manifest d3-scale@^4.0.2
3300 silly packumentCache full:https://registry.npmjs.org/d3-scale cache-miss
3301 http fetch GET 200 https://registry.npmjs.org/fast-equals 163ms (cache revalidated)
3302 silly packumentCache full:https://registry.npmjs.org/fast-equals set size:336039 disposed:false
3303 silly fetch manifest d3-shape@^3.1.0
3304 silly packumentCache full:https://registry.npmjs.org/d3-shape cache-miss
3305 http fetch GET 200 https://registry.npmjs.org/react-transition-group 213ms (cache revalidated)
3306 silly packumentCache full:https://registry.npmjs.org/react-transition-group set size:110654 disposed:false
3307 silly fetch manifest d3-timer@^3.0.1
3308 silly packumentCache full:https://registry.npmjs.org/d3-timer cache-miss
3309 http fetch GET 200 https://registry.npmjs.org/prop-types 233ms (cache revalidated)
3310 silly packumentCache full:https://registry.npmjs.org/prop-types set size:76747 disposed:false
3311 silly fetch manifest @types/d3-ease@^3.0.0
3312 silly packumentCache full:https://registry.npmjs.org/@types%2fd3-ease cache-miss
3313 http fetch GET 200 https://registry.npmjs.org/d3-ease 241ms (cache revalidated)
3314 silly packumentCache full:https://registry.npmjs.org/d3-ease set size:109490 disposed:false
3315 silly fetch manifest @types/d3-time@^3.0.0
3316 silly packumentCache full:https://registry.npmjs.org/@types%2fd3-time cache-miss
3317 http fetch GET 200 https://registry.npmjs.org/d3-array 252ms (cache revalidated)
3318 silly packumentCache full:https://registry.npmjs.org/d3-array set size:246308 disposed:false
3319 silly fetch manifest d3-interpolate@^3.0.1
3320 silly packumentCache full:https://registry.npmjs.org/d3-interpolate cache-miss
3321 http fetch GET 200 https://registry.npmjs.org/decimal.js-light 337ms (cache revalidated)
3322 silly packumentCache full:https://registry.npmjs.org/decimal.js-light set size:38254 disposed:false
3323 silly fetch manifest @types/d3-array@^3.0.3
3324 silly packumentCache full:https://registry.npmjs.org/@types%2fd3-array cache-miss
3325 http fetch GET 200 https://registry.npmjs.org/d3-shape 188ms (cache revalidated)
3326 silly packumentCache full:https://registry.npmjs.org/d3-shape set size:275657 disposed:false
3327 silly fetch manifest @types/d3-scale@^4.0.2
3328 silly packumentCache full:https://registry.npmjs.org/@types%2fd3-scale cache-miss
3329 http fetch GET 200 https://registry.npmjs.org/d3-scale 246ms (cache revalidated)
3330 silly packumentCache full:https://registry.npmjs.org/d3-scale set size:514172 disposed:false
3331 silly fetch manifest @types/d3-shape@^3.1.0
3332 silly packumentCache full:https://registry.npmjs.org/@types%2fd3-shape cache-miss
3333 http fetch GET 200 https://registry.npmjs.org/d3-timer 214ms (cache revalidated)
3334 silly packumentCache full:https://registry.npmjs.org/d3-timer set size:101516 disposed:false
3335 silly fetch manifest @types/d3-timer@^3.0.0
3336 silly packumentCache full:https://registry.npmjs.org/@types%2fd3-timer cache-miss
3337 http fetch GET 200 https://registry.npmjs.org/@types%2fd3-time 198ms (cache revalidated)
3338 silly packumentCache full:https://registry.npmjs.org/@types%2fd3-time set size:52652 disposed:false
3339 silly fetch manifest @types/d3-interpolate@^3.0.1
3340 silly packumentCache full:https://registry.npmjs.org/@types%2fd3-interpolate cache-miss
3341 http fetch GET 200 https://registry.npmjs.org/@types%2fd3-ease 223ms (cache revalidated)
3342 silly packumentCache full:https://registry.npmjs.org/@types%2fd3-ease set size:41281 disposed:false
3343 http fetch GET 200 https://registry.npmjs.org/d3-interpolate 196ms (cache revalidated)
3344 silly packumentCache full:https://registry.npmjs.org/d3-interpolate set size:162337 disposed:false
3345 http fetch GET 200 https://registry.npmjs.org/@types%2fd3-array 176ms (cache revalidated)
3346 silly packumentCache full:https://registry.npmjs.org/@types%2fd3-array set size:130543 disposed:false
3347 http fetch GET 200 https://registry.npmjs.org/@types%2fd3-scale 210ms (cache revalidated)
3348 silly packumentCache full:https://registry.npmjs.org/@types%2fd3-scale set size:131176 disposed:false
3349 http fetch GET 200 https://registry.npmjs.org/@types%2fd3-timer 168ms (cache revalidated)
3350 silly packumentCache full:https://registry.npmjs.org/@types%2fd3-timer set size:38776 disposed:false
3351 http fetch GET 200 https://registry.npmjs.org/@types%2fd3-shape 210ms (cache revalidated)
3352 silly packumentCache full:https://registry.npmjs.org/@types%2fd3-shape set size:118722 disposed:false
3353 http fetch GET 200 https://registry.npmjs.org/@types%2fd3-interpolate 327ms (cache revalidated)
3354 silly packumentCache full:https://registry.npmjs.org/@types%2fd3-interpolate set size:56692 disposed:false
3355 silly fetch manifest react-dom@^16.8.0 || ^17.0.0 || ^18.0.0 || ^19.0.0
3356 silly packumentCache full:https://registry.npmjs.org/react-dom cache-miss
3357 http cache https://registry.npmjs.org/react-dom 88ms (cache hit)
3358 silly packumentCache full:https://registry.npmjs.org/react-dom set size:9417009 disposed:false
3359 silly placeDep ROOT fast-equals@5.4.2 OK for: react-smooth@4.0.4 want: ^5.0.1
3360 silly placeDep ROOT prop-types@15.8.1 OK for: react-smooth@4.0.4 want: ^15.8.1
3361 silly placeDep ROOT react-transition-group@4.4.5 OK for: react-smooth@4.0.4 want: ^4.4.5
3362 silly fetch manifest loose-envify@^1.4.0
3363 silly packumentCache full:https://registry.npmjs.org/loose-envify cache-miss
3364 silly fetch manifest object-assign@^4.1.1
3365 silly packumentCache full:https://registry.npmjs.org/object-assign cache-miss
3366 silly fetch manifest react-is@^16.13.1
3367 silly packumentCache full:https://registry.npmjs.org/react-is cache-miss
3368 silly fetch manifest @babel/runtime@^7.5.5
3369 silly packumentCache full:https://registry.npmjs.org/@babel%2fruntime cache-miss
3370 silly fetch manifest dom-helpers@^5.0.1
3371 silly packumentCache full:https://registry.npmjs.org/dom-helpers cache-miss
3372 silly fetch manifest loose-envify@^1.4.0
3373 silly packumentCache full:https://registry.npmjs.org/loose-envify cache-miss
3374 http cache https://registry.npmjs.org/react-is 315ms (cache hit)
3375 silly packumentCache full:https://registry.npmjs.org/react-is set size:5659369 disposed:false
3376 http fetch GET 200 https://registry.npmjs.org/object-assign 753ms (cache revalidated)
3377 silly packumentCache full:https://registry.npmjs.org/object-assign set size:28988 disposed:false
3378 http fetch GET 200 https://registry.npmjs.org/loose-envify 781ms (cache revalidated)
3379 silly packumentCache full:https://registry.npmjs.org/loose-envify set size:12559 disposed:false
3380 http fetch GET 200 https://registry.npmjs.org/loose-envify 801ms (cache revalidated)
3381 silly packumentCache full:https://registry.npmjs.org/loose-envify set size:12559 disposed:false
3382 silly packumentCache full:https://registry.npmjs.org/loose-envify dispose
3383 http fetch GET 200 https://registry.npmjs.org/dom-helpers 800ms (cache revalidated)
3384 silly packumentCache full:https://registry.npmjs.org/dom-helpers set size:76331 disposed:false
3385 http fetch GET 200 https://registry.npmjs.org/@babel%2fruntime 846ms (cache revalidated)
3386 silly packumentCache full:https://registry.npmjs.org/@babel%2fruntime set size:3488363 disposed:false
3387 silly placeDep ROOT loose-envify@1.4.0 OK for: prop-types@15.8.1 want: ^1.4.0
3388 silly placeDep ROOT object-assign@4.1.1 OK for: prop-types@15.8.1 want: ^4.1.1
3389 silly placeDep node_modules/prop-types react-is@16.13.1 OK for: prop-types@15.8.1 want: ^16.13.1
3390 silly placeDep ROOT @babel/runtime@7.29.7 OK for: react-transition-group@4.4.5 want: ^7.5.5
3391 silly placeDep ROOT dom-helpers@5.2.1 OK for: react-transition-group@4.4.5 want: ^5.0.1
3392 silly placeDep ROOT decimal.js-light@2.5.1 OK for: recharts-scale@0.4.5 want: ^2.4.1
3393 silly placeDep node_modules/rolldown @oxc-project/types@0.142.0 OK for: rolldown@1.2.1 want: =0.142.0
3394 silly placeDep ROOT @rolldown/binding-android-arm64@1.2.1 OK for: rolldown@1.2.1 want: 1.2.1
3395 silly placeDep ROOT @rolldown/binding-darwin-arm64@1.2.1 OK for: rolldown@1.2.1 want: 1.2.1
3396 silly placeDep ROOT @rolldown/binding-darwin-x64@1.2.1 OK for: rolldown@1.2.1 want: 1.2.1
3397 silly placeDep ROOT @rolldown/binding-freebsd-x64@1.2.1 OK for: rolldown@1.2.1 want: 1.2.1
3398 silly placeDep ROOT @rolldown/binding-linux-arm-gnueabihf@1.2.1 OK for: rolldown@1.2.1 want: 1.2.1
3399 silly placeDep ROOT @rolldown/binding-linux-arm64-gnu@1.2.1 OK for: rolldown@1.2.1 want: 1.2.1
3400 silly placeDep ROOT @rolldown/binding-linux-arm64-musl@1.2.1 OK for: rolldown@1.2.1 want: 1.2.1
3401 silly placeDep ROOT @rolldown/binding-linux-ppc64-gnu@1.2.1 OK for: rolldown@1.2.1 want: 1.2.1
3402 silly placeDep ROOT @rolldown/binding-linux-s390x-gnu@1.2.1 OK for: rolldown@1.2.1 want: 1.2.1
3403 silly placeDep ROOT @rolldown/binding-linux-x64-gnu@1.2.1 OK for: rolldown@1.2.1 want: 1.2.1
3404 silly placeDep ROOT @rolldown/binding-linux-x64-musl@1.2.1 OK for: rolldown@1.2.1 want: 1.2.1
3405 silly placeDep ROOT @rolldown/binding-openharmony-arm64@1.2.1 OK for: rolldown@1.2.1 want: 1.2.1
3406 silly placeDep ROOT @rolldown/binding-wasm32-wasi@1.2.1 OK for: rolldown@1.2.1 want: 1.2.1
3407 silly placeDep ROOT @rolldown/binding-win32-arm64-msvc@1.2.1 OK for: rolldown@1.2.1 want: 1.2.1
3408 silly placeDep ROOT @rolldown/binding-win32-x64-msvc@1.2.1 OK for: rolldown@1.2.1 want: 1.2.1
3409 silly placeDep node_modules/rolldown @rolldown/pluginutils@1.0.1 OK for: rolldown@1.2.1 want: ^1.0.0
3410 silly fetch manifest @emnapi/core@2.0.0-alpha.3
3411 silly packumentCache full:https://registry.npmjs.org/@emnapi%2fcore cache-hit
3412 silly fetch manifest @emnapi/runtime@2.0.0-alpha.3
3413 silly packumentCache full:https://registry.npmjs.org/@emnapi%2fruntime cache-hit
3414 silly placeDep node_modules/@rolldown/binding-wasm32-wasi @emnapi/core@2.0.0-alpha.3 OK for: @rolldown/binding-wasm32-wasi@1.2.1 want: 2.0.0-alpha.3
3415 silly placeDep node_modules/@rolldown/binding-wasm32-wasi @emnapi/runtime@2.0.0-alpha.3 OK for: @rolldown/binding-wasm32-wasi@1.2.1 want: 2.0.0-alpha.3
3416 silly fetch manifest @emnapi/wasi-threads@2.0.1
3417 silly packumentCache full:https://registry.npmjs.org/@emnapi%2fwasi-threads cache-hit
3418 silly placeDep ROOT shebang-regex@3.0.0 OK for: shebang-command@2.0.0 want: ^3.0.0
3419 silly placeDep ROOT buffer-from@1.1.2 OK for: source-map-support@0.5.21 want: ^1.0.0
3420 silly placeDep node_modules/source-map-support source-map@0.6.1 OK for: source-map-support@0.5.21 want: ^0.6.0
3421 silly placeDep ROOT @pkgr/core@0.3.6 OK for: synckit@0.11.13 want: ^0.3.6
3422 silly fetch manifest picomatch@^4.0.4
3423 silly packumentCache full:https://registry.npmjs.org/picomatch cache-hit
3424 silly placeDep ROOT fdir@6.5.0 OK for: tinyglobby@0.2.17 want: ^6.5.0
3425 silly placeDep node_modules/tsx esbuild@0.28.2 OK for: tsx@4.23.13 want: ~0.28.0
3426 silly placeDep ROOT fsevents@2.3.3 OK for: tsx@4.23.13 want: ~2.3.3
3427 silly fetch manifest @esbuild/aix-ppc64@0.28.2
3428 silly packumentCache full:https://registry.npmjs.org/@esbuild%2faix-ppc64 cache-hit
3429 silly fetch manifest @esbuild/linux-arm@0.28.2
3430 silly packumentCache full:https://registry.npmjs.org/@esbuild%2flinux-arm cache-hit
3431 silly fetch manifest @esbuild/linux-x64@0.28.2
3432 silly packumentCache full:https://registry.npmjs.org/@esbuild%2flinux-x64 cache-hit
3433 silly fetch manifest @esbuild/sunos-x64@0.28.2
3434 silly packumentCache full:https://registry.npmjs.org/@esbuild%2fsunos-x64 cache-hit
3435 silly fetch manifest @esbuild/win32-x64@0.28.2
3436 silly packumentCache full:https://registry.npmjs.org/@esbuild%2fwin32-x64 cache-hit
3437 silly fetch manifest @esbuild/darwin-x64@0.28.2
3438 silly packumentCache full:https://registry.npmjs.org/@esbuild%2fdarwin-x64 cache-hit
3439 silly fetch manifest @esbuild/linux-ia32@0.28.2
3440 silly packumentCache full:https://registry.npmjs.org/@esbuild%2flinux-ia32 cache-hit
3441 silly fetch manifest @esbuild/netbsd-x64@0.28.2
3442 silly packumentCache full:https://registry.npmjs.org/@esbuild%2fnetbsd-x64 cache-hit
3443 silly fetch manifest @esbuild/win32-ia32@0.28.2
3444 silly packumentCache full:https://registry.npmjs.org/@esbuild%2fwin32-ia32 cache-hit
3445 silly fetch manifest @esbuild/android-arm@0.28.2
3446 silly packumentCache full:https://registry.npmjs.org/@esbuild%2fandroid-arm cache-hit
3447 silly fetch manifest @esbuild/android-x64@0.28.2
3448 silly packumentCache full:https://registry.npmjs.org/@esbuild%2fandroid-x64 cache-hit
3449 silly fetch manifest @esbuild/freebsd-x64@0.28.2
3450 silly packumentCache full:https://registry.npmjs.org/@esbuild%2ffreebsd-x64 cache-hit
3451 silly fetch manifest @esbuild/linux-arm64@0.28.2
3452 silly packumentCache full:https://registry.npmjs.org/@esbuild%2flinux-arm64 cache-hit
3453 silly fetch manifest @esbuild/linux-ppc64@0.28.2
3454 silly packumentCache full:https://registry.npmjs.org/@esbuild%2flinux-ppc64 cache-hit
3455 silly fetch manifest @esbuild/linux-s390x@0.28.2
3456 silly packumentCache full:https://registry.npmjs.org/@esbuild%2flinux-s390x cache-hit
3457 silly fetch manifest @esbuild/openbsd-x64@0.28.2
3458 silly packumentCache full:https://registry.npmjs.org/@esbuild%2fopenbsd-x64 cache-hit
3459 silly fetch manifest @esbuild/win32-arm64@0.28.2
3460 silly packumentCache full:https://registry.npmjs.org/@esbuild%2fwin32-arm64 cache-hit
3461 silly fetch manifest @esbuild/darwin-arm64@0.28.2
3462 silly packumentCache full:https://registry.npmjs.org/@esbuild%2fdarwin-arm64 cache-hit
3463 silly fetch manifest @esbuild/netbsd-arm64@0.28.2
3464 silly packumentCache full:https://registry.npmjs.org/@esbuild%2fnetbsd-arm64 cache-hit
3465 silly fetch manifest @esbuild/android-arm64@0.28.2
3466 silly packumentCache full:https://registry.npmjs.org/@esbuild%2fandroid-arm64 cache-hit
3467 silly fetch manifest @esbuild/freebsd-arm64@0.28.2
3468 silly packumentCache full:https://registry.npmjs.org/@esbuild%2ffreebsd-arm64 cache-hit
3469 silly fetch manifest @esbuild/linux-loong64@0.28.2
3470 silly packumentCache full:https://registry.npmjs.org/@esbuild%2flinux-loong64 cache-hit
3471 silly fetch manifest @esbuild/linux-riscv64@0.28.2
3472 silly packumentCache full:https://registry.npmjs.org/@esbuild%2flinux-riscv64 cache-hit
3473 silly fetch manifest @esbuild/openbsd-arm64@0.28.2
3474 silly packumentCache full:https://registry.npmjs.org/@esbuild%2fopenbsd-arm64 cache-hit
3475 silly fetch manifest @esbuild/linux-mips64el@0.28.2
3476 silly packumentCache full:https://registry.npmjs.org/@esbuild%2flinux-mips64el cache-hit
3477 silly fetch manifest @esbuild/openharmony-arm64@0.28.2
3478 silly packumentCache full:https://registry.npmjs.org/@esbuild%2fopenharmony-arm64 cache-hit
3479 silly fetch manifest eslint@^8.57.0 || ^9.0.0 || ^10.0.0
3480 silly packumentCache full:https://registry.npmjs.org/eslint cache-miss
3481 http cache https://registry.npmjs.org/eslint 28ms (cache hit)
3482 silly packumentCache full:https://registry.npmjs.org/eslint set size:2077457 disposed:false
3483 silly fetch manifest typescript@>=4.8.4 <6.1.0
3484 silly packumentCache full:https://registry.npmjs.org/typescript cache-miss
3485 http cache https://registry.npmjs.org/typescript 171ms (cache hit)
3486 silly packumentCache full:https://registry.npmjs.org/typescript set size:15685586 disposed:false
3487 silly placeDep ROOT @typescript-eslint/eslint-plugin@8.70.0 OK for: typescript-eslint@8.70.0 want: 8.70.0
3488 silly placeDep ROOT @typescript-eslint/parser@8.70.0 OK for: @typescript-eslint/eslint-plugin@8.70.0 want: ^8.70.0
3489 silly placeDep ROOT @typescript-eslint/typescript-estree@8.70.0 OK for: typescript-eslint@8.70.0 want: 8.70.0
3490 silly placeDep ROOT @typescript-eslint/utils@8.70.0 OK for: typescript-eslint@8.70.0 want: 8.70.0
3491 silly fetch manifest ignore@^7.0.5
3492 silly packumentCache full:https://registry.npmjs.org/ignore cache-hit
3493 silly fetch manifest ts-api-utils@^2.5.0
3494 silly packumentCache full:https://registry.npmjs.org/ts-api-utils cache-miss
3495 silly fetch manifest @typescript-eslint/type-utils@8.70.0
3496 silly packumentCache full:https://registry.npmjs.org/@typescript-eslint%2ftype-utils cache-miss
3497 silly fetch manifest @typescript-eslint/visitor-keys@8.70.0
3498 silly packumentCache full:https://registry.npmjs.org/@typescript-eslint%2fvisitor-keys cache-miss
3499 silly fetch manifest @typescript-eslint/scope-manager@8.70.0
3500 silly packumentCache full:https://registry.npmjs.org/@typescript-eslint%2fscope-manager cache-miss
3501 silly fetch manifest @typescript-eslint/types@8.70.0
3502 silly packumentCache full:https://registry.npmjs.org/@typescript-eslint%2ftypes cache-miss
3503 silly fetch manifest @typescript-eslint/visitor-keys@8.70.0
3504 silly packumentCache full:https://registry.npmjs.org/@typescript-eslint%2fvisitor-keys cache-miss
3505 silly fetch manifest @typescript-eslint/scope-manager@8.70.0
3506 silly packumentCache full:https://registry.npmjs.org/@typescript-eslint%2fscope-manager cache-miss
3507 http fetch GET 200 https://registry.npmjs.org/ts-api-utils 200ms (cache revalidated)
3508 silly packumentCache full:https://registry.npmjs.org/ts-api-utils set size:226785 disposed:false
3509 silly fetch manifest semver@^7.7.3
3510 silly packumentCache full:https://registry.npmjs.org/semver cache-hit
3511 silly fetch manifest minimatch@^10.2.2
3512 silly packumentCache full:https://registry.npmjs.org/minimatch cache-hit
3513 silly fetch manifest @typescript-eslint/types@8.70.0
3514 silly packumentCache full:https://registry.npmjs.org/@typescript-eslint%2ftypes cache-miss
3515 http fetch GET 200 https://registry.npmjs.org/@typescript-eslint%2fvisitor-keys 439ms (cache revalidated)
3516 silly packumentCache full:https://registry.npmjs.org/@typescript-eslint%2fvisitor-keys set size:12468578 disposed:false
3517 silly fetch manifest @typescript-eslint/tsconfig-utils@8.70.0
3518 silly packumentCache full:https://registry.npmjs.org/@typescript-eslint%2ftsconfig-utils cache-miss
3519 http fetch GET 200 https://registry.npmjs.org/@typescript-eslint%2fvisitor-keys 1266ms (cache revalidated)
3520 silly packumentCache full:https://registry.npmjs.org/@typescript-eslint%2fvisitor-keys set size:12468578 disposed:false
3521 silly fetch manifest @typescript-eslint/project-service@8.70.0
3522 silly packumentCache full:https://registry.npmjs.org/@typescript-eslint%2fproject-service cache-miss
3523 http fetch GET 200 https://registry.npmjs.org/@typescript-eslint%2ftype-utils 2119ms (cache revalidated)
3524 silly packumentCache full:https://registry.npmjs.org/@typescript-eslint%2ftype-utils set size:9993814 disposed:false
3525 silly fetch manifest @typescript-eslint/types@8.70.0
3526 silly packumentCache full:https://registry.npmjs.org/@typescript-eslint%2ftypes cache-miss
3527 http fetch GET 200 https://registry.npmjs.org/@typescript-eslint%2fscope-manager 2945ms (cache revalidated)
3528 silly packumentCache full:https://registry.npmjs.org/@typescript-eslint%2fscope-manager set size:13121494 disposed:false
3529 http fetch GET 200 https://registry.npmjs.org/@typescript-eslint%2fscope-manager 3578ms (cache revalidated)
3530 silly packumentCache full:https://registry.npmjs.org/@typescript-eslint%2fscope-manager set size:13121494 disposed:false
3531 http fetch GET 200 https://registry.npmjs.org/@typescript-eslint%2ftypes 4314ms (cache revalidated)
3532 silly packumentCache full:https://registry.npmjs.org/@typescript-eslint%2ftypes set size:12944240 disposed:false
3533 http cache https://registry.npmjs.org/@typescript-eslint%2ftypes 4956ms (cache hit)
3534 silly packumentCache full:https://registry.npmjs.org/@typescript-eslint%2ftypes set size:12944240 disposed:false
3535 http cache https://registry.npmjs.org/@typescript-eslint%2ftypes 3047ms (cache hit)
3536 silly packumentCache full:https://registry.npmjs.org/@typescript-eslint%2ftypes set size:12944240 disposed:false
3537 http fetch GET 200 https://registry.npmjs.org/@typescript-eslint%2fproject-service 5174ms (cache revalidated)
3538 silly packumentCache full:https://registry.npmjs.org/@typescript-eslint%2fproject-service set size:2007951 disposed:false
3539 http fetch GET 200 https://registry.npmjs.org/@typescript-eslint%2ftsconfig-utils 5877ms (cache revalidated)
3540 silly packumentCache full:https://registry.npmjs.org/@typescript-eslint%2ftsconfig-utils set size:1889100 disposed:false
3541 silly placeDep ROOT @typescript-eslint/scope-manager@8.70.0 OK for: @typescript-eslint/eslint-plugin@8.70.0 want: 8.70.0
3542 silly placeDep ROOT @typescript-eslint/type-utils@8.70.0 OK for: @typescript-eslint/eslint-plugin@8.70.0 want: 8.70.0
3543 silly placeDep ROOT @typescript-eslint/visitor-keys@8.70.0 OK for: @typescript-eslint/eslint-plugin@8.70.0 want: 8.70.0
3544 silly placeDep node_modules/@typescript-eslint/eslint-plugin ignore@7.0.9 OK for: @typescript-eslint/eslint-plugin@8.70.0 want: ^7.0.5
3545 silly placeDep ROOT ts-api-utils@2.5.0 OK for: @typescript-eslint/eslint-plugin@8.70.0 want: ^2.5.0
3546 silly fetch manifest eslint-visitor-keys@^5.0.0
3547 silly packumentCache full:https://registry.npmjs.org/eslint-visitor-keys cache-hit
3548 silly placeDep ROOT @typescript-eslint/types@8.70.0 OK for: @typescript-eslint/parser@8.70.0 want: 8.70.0
3549 silly placeDep ROOT @typescript-eslint/project-service@8.70.0 OK for: @typescript-eslint/typescript-estree@8.70.0 want: 8.70.0
3550 silly placeDep ROOT @typescript-eslint/tsconfig-utils@8.70.0 OK for: @typescript-eslint/typescript-estree@8.70.0 want: 8.70.0
3551 silly placeDep node_modules/@typescript-eslint/typescript-estree minimatch@10.2.6 OK for: @typescript-eslint/typescript-estree@8.70.0 want: ^10.2.2
3552 silly placeDep node_modules/@typescript-eslint/typescript-estree semver@7.8.5 OK for: @typescript-eslint/typescript-estree@8.70.0 want: ^7.7.3
3553 silly fetch manifest @typescript-eslint/tsconfig-utils@^8.70.0
3554 silly packumentCache full:https://registry.npmjs.org/@typescript-eslint%2ftsconfig-utils cache-miss
3555 silly fetch manifest brace-expansion@^5.0.8
3556 silly packumentCache full:https://registry.npmjs.org/brace-expansion cache-hit
3557 http cache https://registry.npmjs.org/@typescript-eslint%2ftsconfig-utils 31ms (cache hit)
3558 silly packumentCache full:https://registry.npmjs.org/@typescript-eslint%2ftsconfig-utils set size:1889100 disposed:false
3559 silly placeDep node_modules/@typescript-eslint/visitor-keys eslint-visitor-keys@5.0.1 OK for: @typescript-eslint/visitor-keys@8.70.0 want: ^5.0.0
3560 silly placeDep ROOT webpack-virtual-modules@0.6.2 OK for: unplugin@3.4.0 want: ^0.6.2
3561 silly placeDep ROOT escalade@3.2.0 OK for: update-browserslist-db@1.3.3 want: ^3.2.0
3562 silly placeDep ROOT detect-node-es@1.1.0 OK for: use-sidecar@1.1.3 want: ^1.1.0
3563 silly placeDep ROOT @types/d3-array@3.2.2 OK for: victory-vendor@36.9.2 want: ^3.0.3
3564 silly placeDep ROOT @types/d3-ease@3.0.2 OK for: victory-vendor@36.9.2 want: ^3.0.0
3565 silly placeDep ROOT @types/d3-interpolate@3.0.4 OK for: victory-vendor@36.9.2 want: ^3.0.1
3566 silly placeDep ROOT @types/d3-scale@4.0.9 OK for: victory-vendor@36.9.2 want: ^4.0.2
3567 silly placeDep ROOT @types/d3-shape@3.2.0 OK for: victory-vendor@36.9.2 want: ^3.1.0
3568 silly placeDep ROOT @types/d3-time@3.0.4 OK for: victory-vendor@36.9.2 want: ^3.0.0
3569 silly placeDep ROOT @types/d3-timer@3.0.2 OK for: victory-vendor@36.9.2 want: ^3.0.0
3570 silly placeDep ROOT d3-array@3.2.4 OK for: victory-vendor@36.9.2 want: ^3.1.6
3571 silly placeDep ROOT d3-ease@3.0.1 OK for: victory-vendor@36.9.2 want: ^3.0.1
3572 silly placeDep ROOT d3-interpolate@3.0.1 OK for: victory-vendor@36.9.2 want: ^3.0.1
3573 silly placeDep ROOT d3-scale@4.0.2 OK for: victory-vendor@36.9.2 want: ^4.0.2
3574 silly placeDep ROOT d3-shape@3.2.0 OK for: victory-vendor@36.9.2 want: ^3.1.0
3575 silly placeDep ROOT d3-time@3.1.0 OK for: victory-vendor@36.9.2 want: ^3.0.0
3576 silly placeDep ROOT d3-timer@3.0.1 OK for: victory-vendor@36.9.2 want: ^3.0.1
3577 silly fetch manifest @types/d3-color@*
3578 silly packumentCache full:https://registry.npmjs.org/@types%2fd3-color cache-miss
3579 silly fetch manifest @types/d3-time@*
3580 silly packumentCache full:https://registry.npmjs.org/@types%2fd3-time cache-hit
3581 silly fetch manifest @types/d3-path@*
3582 silly packumentCache full:https://registry.npmjs.org/@types%2fd3-path cache-miss
3583 silly fetch manifest internmap@1 - 2
3584 silly packumentCache full:https://registry.npmjs.org/internmap cache-miss
3585 silly fetch manifest d3-color@1 - 3
3586 silly packumentCache full:https://registry.npmjs.org/d3-color cache-miss
3587 silly fetch manifest d3-format@1 - 3
3588 silly packumentCache full:https://registry.npmjs.org/d3-format cache-miss
3589 silly fetch manifest d3-time@2.1.1 - 3
3590 silly packumentCache full:https://registry.npmjs.org/d3-time cache-hit
3591 silly fetch manifest d3-time-format@2 - 4
3592 silly packumentCache full:https://registry.npmjs.org/d3-time-format cache-miss
3593 silly fetch manifest d3-path@^3.1.0
3594 silly packumentCache full:https://registry.npmjs.org/d3-path cache-miss
3595 http fetch GET 200 https://registry.npmjs.org/d3-color 128ms (cache revalidated)
3596 silly packumentCache full:https://registry.npmjs.org/d3-color set size:142335 disposed:false
3597 http fetch GET 200 https://registry.npmjs.org/@types%2fd3-path 154ms (cache revalidated)
3598 silly packumentCache full:https://registry.npmjs.org/@types%2fd3-path set size:41268 disposed:false
3599 http fetch GET 200 https://registry.npmjs.org/d3-time-format 148ms (cache revalidated)
3600 silly packumentCache full:https://registry.npmjs.org/d3-time-format set size:124514 disposed:false
3601 http fetch GET 200 https://registry.npmjs.org/d3-path 161ms (cache revalidated)
3602 silly packumentCache full:https://registry.npmjs.org/d3-path set size:77883 disposed:false
3603 http fetch GET 200 https://registry.npmjs.org/internmap 195ms (cache revalidated)
3604 silly packumentCache full:https://registry.npmjs.org/internmap set size:19637 disposed:false
3605 http fetch GET 200 https://registry.npmjs.org/@types%2fd3-color 215ms (cache revalidated)
3606 silly packumentCache full:https://registry.npmjs.org/@types%2fd3-color set size:69998 disposed:false
3607 http fetch GET 200 https://registry.npmjs.org/d3-format 345ms (cache revalidated)
3608 silly packumentCache full:https://registry.npmjs.org/d3-format set size:107249 disposed:false
3609 silly placeDep ROOT @types/d3-color@3.1.3 OK for: @types/d3-interpolate@3.0.4 want: *
3610 silly placeDep ROOT @types/d3-path@3.1.1 OK for: @types/d3-shape@3.2.0 want: *
3611 silly placeDep ROOT internmap@2.0.3 OK for: d3-array@3.2.4 want: 1 - 2
3612 silly placeDep ROOT d3-color@3.1.0 OK for: d3-interpolate@3.0.1 want: 1 - 3
3613 silly placeDep ROOT d3-format@3.1.2 OK for: d3-scale@4.0.2 want: 1 - 3
3614 silly placeDep ROOT d3-time-format@4.1.0 OK for: d3-scale@4.0.2 want: 2 - 4
3615 silly placeDep ROOT d3-path@3.1.0 OK for: d3-shape@3.2.0 want: ^3.1.0
3616 silly placeDep ROOT esbuild@0.28.2 REPLACE for: vite@8.1.5 want: ^0.27.0 || ^0.28.0
3617 silly placeDep ROOT postcss@8.5.28 OK for: vite@8.1.5 want: ^8.5.17
3618 silly fetch manifest nanoid@^3.3.18
3619 silly packumentCache full:https://registry.npmjs.org/nanoid cache-miss
3620 http fetch GET 200 https://registry.npmjs.org/nanoid 125ms (cache revalidated)
3621 silly packumentCache full:https://registry.npmjs.org/nanoid set size:345858 disposed:false
3622 silly placeDep node_modules/drizzle-kit esbuild@0.25.12 OK for: drizzle-kit@0.31.10 want: ^0.25.4
3623 silly placeDep ROOT @esbuild/aix-ppc64@0.28.2 OK for: esbuild@0.28.2 want: 0.28.2
3624 silly placeDep ROOT @esbuild/android-arm@0.28.2 OK for: esbuild@0.28.2 want: 0.28.2
3625 silly placeDep ROOT @esbuild/android-arm64@0.28.2 OK for: esbuild@0.28.2 want: 0.28.2
3626 silly placeDep ROOT @esbuild/android-x64@0.28.2 OK for: esbuild@0.28.2 want: 0.28.2
3627 silly placeDep ROOT @esbuild/darwin-arm64@0.28.2 OK for: esbuild@0.28.2 want: 0.28.2
3628 silly placeDep ROOT @esbuild/darwin-x64@0.28.2 OK for: esbuild@0.28.2 want: 0.28.2
3629 silly placeDep ROOT @esbuild/freebsd-arm64@0.28.2 OK for: esbuild@0.28.2 want: 0.28.2
3630 silly placeDep ROOT @esbuild/freebsd-x64@0.28.2 OK for: esbuild@0.28.2 want: 0.28.2
3631 silly placeDep ROOT @esbuild/linux-arm@0.28.2 OK for: esbuild@0.28.2 want: 0.28.2
3632 silly placeDep ROOT @esbuild/linux-arm64@0.28.2 OK for: esbuild@0.28.2 want: 0.28.2
3633 silly placeDep ROOT @esbuild/linux-ia32@0.28.2 OK for: esbuild@0.28.2 want: 0.28.2
3634 silly placeDep ROOT @esbuild/linux-loong64@0.28.2 OK for: esbuild@0.28.2 want: 0.28.2
3635 silly placeDep ROOT @esbuild/linux-mips64el@0.28.2 OK for: esbuild@0.28.2 want: 0.28.2
3636 silly placeDep ROOT @esbuild/linux-ppc64@0.28.2 OK for: esbuild@0.28.2 want: 0.28.2
3637 silly placeDep ROOT @esbuild/linux-riscv64@0.28.2 OK for: esbuild@0.28.2 want: 0.28.2
3638 silly placeDep ROOT @esbuild/linux-s390x@0.28.2 OK for: esbuild@0.28.2 want: 0.28.2
3639 silly placeDep ROOT @esbuild/linux-x64@0.28.2 OK for: esbuild@0.28.2 want: 0.28.2
3640 silly placeDep ROOT @esbuild/netbsd-arm64@0.28.2 OK for: esbuild@0.28.2 want: 0.28.2
3641 silly placeDep ROOT @esbuild/netbsd-x64@0.28.2 OK for: esbuild@0.28.2 want: 0.28.2
3642 silly placeDep ROOT @esbuild/openbsd-arm64@0.28.2 OK for: esbuild@0.28.2 want: 0.28.2
3643 silly placeDep ROOT @esbuild/openbsd-x64@0.28.2 OK for: esbuild@0.28.2 want: 0.28.2
3644 silly placeDep ROOT @esbuild/openharmony-arm64@0.28.2 OK for: esbuild@0.28.2 want: 0.28.2
3645 silly placeDep ROOT @esbuild/sunos-x64@0.28.2 OK for: esbuild@0.28.2 want: 0.28.2
3646 silly placeDep ROOT @esbuild/win32-arm64@0.28.2 OK for: esbuild@0.28.2 want: 0.28.2
3647 silly placeDep ROOT @esbuild/win32-ia32@0.28.2 OK for: esbuild@0.28.2 want: 0.28.2
3648 silly placeDep ROOT @esbuild/win32-x64@0.28.2 OK for: esbuild@0.28.2 want: 0.28.2
3649 silly placeDep ROOT nanoid@3.3.19 OK for: postcss@8.5.28 want: ^3.3.18
3650 silly fetch manifest typescript@^5.0.0
3651 silly packumentCache full:https://registry.npmjs.org/typescript cache-miss
3652 http cache https://registry.npmjs.org/typescript 160ms (cache hit)
3653 silly packumentCache full:https://registry.npmjs.org/typescript set size:15685586 disposed:false
3654 silly placeDep ROOT globrex@0.1.2 OK for: vite-tsconfig-paths@6.1.1 want: ^0.1.2
3655 silly placeDep ROOT tsconfck@3.1.6 OK for: vite-tsconfig-paths@6.1.1 want: ^3.0.3
3656 silly placeDep ROOT isexe@2.0.0 OK for: which@2.0.2 want: ^2.0.0
3657 silly placeDep ROOT @oozcitak/dom@2.0.2 OK for: xmlbuilder2@4.0.3 want: ^2.0.2
3658 silly placeDep ROOT @oozcitak/infra@2.0.2 OK for: xmlbuilder2@4.0.3 want: ^2.0.2
3659 silly placeDep ROOT @oozcitak/util@10.0.0 OK for: xmlbuilder2@4.0.3 want: ^10.0.0
3660 silly fetch manifest @oozcitak/url@^3.0.0
3661 silly packumentCache full:https://registry.npmjs.org/@oozcitak%2furl cache-miss
3662 http fetch GET 200 https://registry.npmjs.org/@oozcitak%2furl 296ms (cache revalidated)
3663 silly packumentCache full:https://registry.npmjs.org/@oozcitak%2furl set size:48211 disposed:false
3664 silly placeDep ROOT @oozcitak/url@3.0.0 OK for: @oozcitak/dom@2.0.2 want: ^3.0.0
3665 silly placeDep node_modules/@esbuild-kit/core-utils @esbuild/android-arm@0.18.20 OK for: esbuild@0.18.20 want: 0.18.20
3666 silly placeDep node_modules/@esbuild-kit/core-utils @esbuild/android-arm64@0.18.20 OK for: esbuild@0.18.20 want: 0.18.20
3667 silly placeDep node_modules/@esbuild-kit/core-utils @esbuild/android-x64@0.18.20 OK for: esbuild@0.18.20 want: 0.18.20
3668 silly placeDep node_modules/@esbuild-kit/core-utils @esbuild/darwin-arm64@0.18.20 OK for: esbuild@0.18.20 want: 0.18.20
3669 silly placeDep node_modules/@esbuild-kit/core-utils @esbuild/darwin-x64@0.18.20 OK for: esbuild@0.18.20 want: 0.18.20
3670 silly placeDep node_modules/@esbuild-kit/core-utils @esbuild/freebsd-arm64@0.18.20 OK for: esbuild@0.18.20 want: 0.18.20
3671 silly placeDep node_modules/@esbuild-kit/core-utils @esbuild/freebsd-x64@0.18.20 OK for: esbuild@0.18.20 want: 0.18.20
3672 silly placeDep node_modules/@esbuild-kit/core-utils @esbuild/linux-arm@0.18.20 OK for: esbuild@0.18.20 want: 0.18.20
3673 silly placeDep node_modules/@esbuild-kit/core-utils @esbuild/linux-arm64@0.18.20 OK for: esbuild@0.18.20 want: 0.18.20
3674 silly placeDep node_modules/@esbuild-kit/core-utils @esbuild/linux-ia32@0.18.20 OK for: esbuild@0.18.20 want: 0.18.20
3675 silly placeDep node_modules/@esbuild-kit/core-utils @esbuild/linux-loong64@0.18.20 OK for: esbuild@0.18.20 want: 0.18.20
3676 silly placeDep node_modules/@esbuild-kit/core-utils @esbuild/linux-mips64el@0.18.20 OK for: esbuild@0.18.20 want: 0.18.20
3677 silly placeDep node_modules/@esbuild-kit/core-utils @esbuild/linux-ppc64@0.18.20 OK for: esbuild@0.18.20 want: 0.18.20
3678 silly placeDep node_modules/@esbuild-kit/core-utils @esbuild/linux-riscv64@0.18.20 OK for: esbuild@0.18.20 want: 0.18.20
3679 silly placeDep node_modules/@esbuild-kit/core-utils @esbuild/linux-s390x@0.18.20 OK for: esbuild@0.18.20 want: 0.18.20
3680 silly placeDep node_modules/@esbuild-kit/core-utils @esbuild/linux-x64@0.18.20 OK for: esbuild@0.18.20 want: 0.18.20
3681 silly placeDep node_modules/@esbuild-kit/core-utils @esbuild/netbsd-x64@0.18.20 OK for: esbuild@0.18.20 want: 0.18.20
3682 silly placeDep node_modules/@esbuild-kit/core-utils @esbuild/openbsd-x64@0.18.20 OK for: esbuild@0.18.20 want: 0.18.20
3683 silly placeDep node_modules/@esbuild-kit/core-utils @esbuild/sunos-x64@0.18.20 OK for: esbuild@0.18.20 want: 0.18.20
3684 silly placeDep node_modules/@esbuild-kit/core-utils @esbuild/win32-arm64@0.18.20 OK for: esbuild@0.18.20 want: 0.18.20
3685 silly placeDep node_modules/@esbuild-kit/core-utils @esbuild/win32-ia32@0.18.20 OK for: esbuild@0.18.20 want: 0.18.20
3686 silly placeDep node_modules/@esbuild-kit/core-utils @esbuild/win32-x64@0.18.20 OK for: esbuild@0.18.20 want: 0.18.20
3687 silly placeDep ROOT fast-json-stable-stringify@2.1.0 OK for: ajv@6.15.0 want: ^2.0.0
3688 silly placeDep node_modules/@eslint/eslintrc json-schema-traverse@0.4.1 OK for: ajv@6.15.0 want: ^0.4.1
3689 silly placeDep ROOT uri-js@4.4.1 OK for: ajv@6.15.0 want: ^4.2.2
3690 silly fetch manifest punycode@^2.1.0
3691 silly packumentCache full:https://registry.npmjs.org/punycode cache-miss
3692 http fetch GET 200 https://registry.npmjs.org/punycode 315ms (cache revalidated)
3693 silly packumentCache full:https://registry.npmjs.org/punycode set size:61278 disposed:false
3694 silly placeDep ROOT punycode@2.3.1 OK for: uri-js@4.4.1 want: ^2.1.0
3695 silly placeDep node_modules/@rolldown/binding-wasm32-wasi @emnapi/wasi-threads@2.0.1 OK for: @emnapi/core@2.0.0-alpha.3 want: 2.0.1
3696 silly placeDep node_modules/@tailwindcss/node lightningcss-android-arm64@1.32.0 OK for: lightningcss@1.32.0 want: 1.32.0
3697 silly placeDep node_modules/@tailwindcss/node lightningcss-darwin-arm64@1.32.0 OK for: lightningcss@1.32.0 want: 1.32.0
3698 silly placeDep node_modules/@tailwindcss/node lightningcss-darwin-x64@1.32.0 OK for: lightningcss@1.32.0 want: 1.32.0
3699 silly placeDep node_modules/@tailwindcss/node lightningcss-freebsd-x64@1.32.0 OK for: lightningcss@1.32.0 want: 1.32.0
3700 silly placeDep node_modules/@tailwindcss/node lightningcss-linux-arm-gnueabihf@1.32.0 OK for: lightningcss@1.32.0 want: 1.32.0
3701 silly placeDep node_modules/@tailwindcss/node lightningcss-linux-arm64-gnu@1.32.0 OK for: lightningcss@1.32.0 want: 1.32.0
3702 silly placeDep node_modules/@tailwindcss/node lightningcss-linux-arm64-musl@1.32.0 OK for: lightningcss@1.32.0 want: 1.32.0
3703 silly placeDep node_modules/@tailwindcss/node lightningcss-linux-x64-gnu@1.32.0 OK for: lightningcss@1.32.0 want: 1.32.0
3704 silly placeDep node_modules/@tailwindcss/node lightningcss-linux-x64-musl@1.32.0 OK for: lightningcss@1.32.0 want: 1.32.0
3705 silly placeDep node_modules/@tailwindcss/node lightningcss-win32-arm64-msvc@1.32.0 OK for: lightningcss@1.32.0 want: 1.32.0
3706 silly placeDep node_modules/@tailwindcss/node lightningcss-win32-x64-msvc@1.32.0 OK for: lightningcss@1.32.0 want: 1.32.0
3707 silly placeDep node_modules/@typescript-eslint/typescript-estree brace-expansion@5.0.12 OK for: minimatch@10.2.6 want: ^5.0.8
3708 silly fetch manifest balanced-match@^4.0.2
3709 silly packumentCache full:https://registry.npmjs.org/balanced-match cache-hit
3710 silly placeDep node_modules/@typescript-eslint/typescript-estree balanced-match@4.0.4 OK for: brace-expansion@5.0.12 want: ^4.0.2
3711 silly placeDep node_modules/drizzle-kit @esbuild/aix-ppc64@0.25.12 OK for: esbuild@0.25.12 want: 0.25.12
3712 silly placeDep node_modules/drizzle-kit @esbuild/android-arm@0.25.12 OK for: esbuild@0.25.12 want: 0.25.12
3713 silly placeDep node_modules/drizzle-kit @esbuild/android-arm64@0.25.12 OK for: esbuild@0.25.12 want: 0.25.12
3714 silly placeDep node_modules/drizzle-kit @esbuild/android-x64@0.25.12 OK for: esbuild@0.25.12 want: 0.25.12
3715 silly placeDep node_modules/drizzle-kit @esbuild/darwin-arm64@0.25.12 OK for: esbuild@0.25.12 want: 0.25.12
3716 silly placeDep node_modules/drizzle-kit @esbuild/darwin-x64@0.25.12 OK for: esbuild@0.25.12 want: 0.25.12
3717 silly placeDep node_modules/drizzle-kit @esbuild/freebsd-arm64@0.25.12 OK for: esbuild@0.25.12 want: 0.25.12
3718 silly placeDep node_modules/drizzle-kit @esbuild/freebsd-x64@0.25.12 OK for: esbuild@0.25.12 want: 0.25.12
3719 silly placeDep node_modules/drizzle-kit @esbuild/linux-arm@0.25.12 OK for: esbuild@0.25.12 want: 0.25.12
3720 silly placeDep node_modules/drizzle-kit @esbuild/linux-arm64@0.25.12 OK for: esbuild@0.25.12 want: 0.25.12
3721 silly placeDep node_modules/drizzle-kit @esbuild/linux-ia32@0.25.12 OK for: esbuild@0.25.12 want: 0.25.12
3722 silly placeDep node_modules/drizzle-kit @esbuild/linux-loong64@0.25.12 OK for: esbuild@0.25.12 want: 0.25.12
3723 silly placeDep node_modules/drizzle-kit @esbuild/linux-mips64el@0.25.12 OK for: esbuild@0.25.12 want: 0.25.12
3724 silly placeDep node_modules/drizzle-kit @esbuild/linux-ppc64@0.25.12 OK for: esbuild@0.25.12 want: 0.25.12
3725 silly placeDep node_modules/drizzle-kit @esbuild/linux-riscv64@0.25.12 OK for: esbuild@0.25.12 want: 0.25.12
3726 silly placeDep node_modules/drizzle-kit @esbuild/linux-s390x@0.25.12 OK for: esbuild@0.25.12 want: 0.25.12
3727 silly placeDep node_modules/drizzle-kit @esbuild/linux-x64@0.25.12 OK for: esbuild@0.25.12 want: 0.25.12
3728 silly placeDep node_modules/drizzle-kit @esbuild/netbsd-arm64@0.25.12 OK for: esbuild@0.25.12 want: 0.25.12
3729 silly placeDep node_modules/drizzle-kit @esbuild/netbsd-x64@0.25.12 OK for: esbuild@0.25.12 want: 0.25.12
3730 silly placeDep node_modules/drizzle-kit @esbuild/openbsd-arm64@0.25.12 OK for: esbuild@0.25.12 want: 0.25.12
3731 silly placeDep node_modules/drizzle-kit @esbuild/openbsd-x64@0.25.12 OK for: esbuild@0.25.12 want: 0.25.12
3732 silly placeDep node_modules/drizzle-kit @esbuild/openharmony-arm64@0.25.12 OK for: esbuild@0.25.12 want: 0.25.12
3733 silly placeDep node_modules/drizzle-kit @esbuild/sunos-x64@0.25.12 OK for: esbuild@0.25.12 want: 0.25.12
3734 silly placeDep node_modules/drizzle-kit @esbuild/win32-arm64@0.25.12 OK for: esbuild@0.25.12 want: 0.25.12
3735 silly placeDep node_modules/drizzle-kit @esbuild/win32-ia32@0.25.12 OK for: esbuild@0.25.12 want: 0.25.12
3736 silly placeDep node_modules/drizzle-kit @esbuild/win32-x64@0.25.12 OK for: esbuild@0.25.12 want: 0.25.12
3737 silly placeDep node_modules/eslint json-schema-traverse@0.4.1 OK for: ajv@6.15.0 want: ^0.4.1
3738 silly placeDep ROOT ansi-styles@4.3.0 OK for: chalk@4.1.2 want: ^4.1.0
3739 silly placeDep ROOT supports-color@7.2.0 OK for: chalk@4.1.2 want: ^7.1.0
3740 silly fetch manifest color-convert@^2.0.1
3741 silly packumentCache full:https://registry.npmjs.org/color-convert cache-miss
3742 silly fetch manifest has-flag@^4.0.0
3743 silly packumentCache full:https://registry.npmjs.org/has-flag cache-miss
3744 http fetch GET 200 https://registry.npmjs.org/color-convert 114ms (cache revalidated)
3745 silly packumentCache full:https://registry.npmjs.org/color-convert set size:72663 disposed:false
3746 http fetch GET 200 https://registry.npmjs.org/has-flag 133ms (cache revalidated)
3747 silly packumentCache full:https://registry.npmjs.org/has-flag set size:15180 disposed:false
3748 silly placeDep ROOT color-convert@2.0.1 OK for: ansi-styles@4.3.0 want: ^2.0.1
3749 silly fetch manifest color-name@~1.1.4
3750 silly packumentCache full:https://registry.npmjs.org/color-name cache-miss
3751 http fetch GET 200 https://registry.npmjs.org/color-name 102ms (cache revalidated)
3752 silly packumentCache full:https://registry.npmjs.org/color-name set size:20968 disposed:false
3753 silly placeDep ROOT color-name@1.1.4 OK for: color-convert@2.0.1 want: ~1.1.4
3754 silly placeDep ROOT has-flag@4.0.0 OK for: supports-color@7.2.0 want: ^4.0.0
3755 silly reify moves {}
3756 silly audit bulk request {
3756 silly audit   '@eslint/js': [ '9.39.5' ],
3756 silly audit   '@hookform/resolvers': [ '5.9.1' ],
3756 silly audit   'react-hook-form': [ '7.88.0' ],
3756 silly audit   react: [ '19.3.0' ],
3756 silly audit   '@lovable.dev/vite-tanstack-config': [ '2.23.0' ],
3756 silly audit   vite: [ '8.1.5' ],
3756 silly audit   '@tailwindcss/vite': [ '4.3.3' ],
3756 silly audit   'vite-tsconfig-paths': [ '6.1.1' ],
3756 silly audit   '@vitejs/plugin-react': [ '5.2.0' ],
3756 silly audit   '@tanstack/react-start': [ '1.168.32' ],
3756 silly audit   'react-dom': [ '19.3.0' ],
3756 silly audit   '@radix-ui/react-accordion': [ '1.2.20' ],
3756 silly audit   '@radix-ui/react-alert-dialog': [ '1.1.23' ],
3756 silly audit   '@radix-ui/react-aspect-ratio': [ '1.1.15' ],
3756 silly audit   '@radix-ui/react-avatar': [ '1.2.6' ],
3756 silly audit   '@radix-ui/react-checkbox': [ '1.3.11' ],
3756 silly audit   '@radix-ui/react-collapsible': [ '1.1.20' ],
3756 silly audit   '@radix-ui/react-context-menu': [ '2.3.7' ],
3756 silly audit   '@radix-ui/react-dialog': [ '1.1.23' ],
3756 silly audit   '@radix-ui/react-dropdown-menu': [ '2.1.24' ],
3756 silly audit   '@radix-ui/react-hover-card': [ '1.1.23' ],
3756 silly audit   '@radix-ui/react-label': [ '2.1.15' ],
3756 silly audit   '@radix-ui/react-menubar': [ '1.1.24' ],
3756 silly audit   '@radix-ui/react-navigation-menu': [ '1.2.22' ],
3756 silly audit   '@radix-ui/react-popover': [ '1.1.23' ],
3756 silly audit   '@radix-ui/react-progress': [ '1.1.16' ],
3756 silly audit   '@radix-ui/react-radio-group': [ '1.4.7' ],
3756 silly audit   '@radix-ui/react-scroll-area': [ '1.2.18' ],
3756 silly audit   '@radix-ui/react-select': [ '2.3.7' ],
3756 silly audit   '@radix-ui/react-separator': [ '1.1.15' ],
3756 silly audit   '@radix-ui/react-slider': [ '1.4.7' ],
3756 silly audit   '@radix-ui/react-slot': [ '1.3.3' ],
3756 silly audit   '@radix-ui/react-switch': [ '1.3.7' ],
3756 silly audit   '@radix-ui/react-tabs': [ '1.1.21' ],
3756 silly audit   '@radix-ui/react-toggle': [ '1.1.18' ],
3756 silly audit   '@radix-ui/react-toggle-group': [ '1.1.19' ],
3756 silly audit   '@radix-ui/react-tooltip': [ '1.2.16' ],
3756 silly audit   '@supabase/supabase-js': [ '2.116.0' ],
3756 silly audit   '@tanstack/react-query': [ '5.103.1' ],
3756 silly audit   '@tanstack/react-router': [ '1.170.18' ],
3756 silly audit   '@tanstack/router-plugin': [ '1.168.23' ],
3756 silly audit   '@types/node': [ '22.20.3' ],
3756 silly audit   '@types/react': [ '19.3.0' ],
3756 silly audit   '@types/react-dom': [ '19.3.0' ],
3756 silly audit   'class-variance-authority': [ '0.7.1' ],
3756 silly audit   clsx: [ '2.1.1' ],
3756 silly audit   cmdk: [ '1.1.1' ],
3756 silly audit   'date-fns': [ '4.4.0' ],
3756 silly audit   'drizzle-kit': [ '0.31.10' ],
3756 silly audit   'drizzle-orm': [ '0.45.2' ],
3756 silly audit   'embla-carousel-react': [ '8.6.0' ],
3756 silly audit   eslint: [ '9.39.5' ],
3756 silly audit   'eslint-config-prettier': [ '10.1.8' ],
3756 silly audit   'eslint-plugin-prettier': [ '5.5.6' ],
3756 silly audit   prettier: [ '3.9.8' ],
3756 silly audit   'eslint-plugin-react-hooks': [ '5.2.0' ],
3756 silly audit   'eslint-plugin-react-refresh': [ '0.4.26' ],
3756 silly audit   globals: [ '15.15.0', '14.0.0' ],
3756 silly audit   'input-otp': [ '1.5.0' ],
3756 silly audit   'lucide-react': [ '0.575.0' ],
3756 silly audit   nitro: [ '3.0.260603-beta' ],
3756 silly audit   postgres: [ '3.4.9' ],
3756 silly audit   'react-day-picker': [ '9.14.0' ],
3756 silly audit   'react-resizable-panels': [ '4.12.4' ],
3756 silly audit   recharts: [ '2.15.4' ],
3756 silly audit   sonner: [ '2.0.8' ],
3756 silly audit   'tailwind-merge': [ '3.7.0' ],
3756 silly audit   tailwindcss: [ '4.3.3' ],
3756 silly audit   'tw-animate-css': [ '1.4.0' ],
3756 silly audit   typescript: [ '5.9.3' ],
3756 silly audit   'typescript-eslint': [ '8.70.0' ],
3756 silly audit   vaul: [ '1.1.2' ],
3756 silly audit   zod: [ '3.25.76', '4.6.5' ],
3756 silly audit   '@standard-schema/utils': [ '0.3.0' ],
3756 silly audit   '@tanstack/devtools-vite': [ '0.8.5' ],
3756 silly audit   lightningcss: [ '1.33.0', '1.32.0' ],
3756 silly audit   '@radix-ui/primitive': [ '1.1.7' ],
3756 silly audit   '@radix-ui/react-collection': [ '1.1.15' ],
3756 silly audit   '@radix-ui/react-compose-refs': [ '1.1.5' ],
3756 silly audit   '@radix-ui/react-context': [ '1.2.2' ],
3756 silly audit   '@radix-ui/react-direction': [ '1.1.4' ],
3756 silly audit   '@radix-ui/react-id': [ '1.1.4' ],
3756 silly audit   '@radix-ui/react-primitive': [ '2.1.10' ],
3756 silly audit   '@radix-ui/react-use-controllable-state': [ '1.2.6' ],
3756 silly audit   '@radix-ui/react-use-callback-ref': [ '1.1.4' ],
3756 silly audit   '@radix-ui/react-use-is-hydrated': [ '0.1.3' ],
3756 silly audit   '@radix-ui/react-use-layout-effect': [ '1.1.4' ],
3756 silly audit   '@radix-ui/react-presence': [ '1.1.10' ],
3756 silly audit   '@radix-ui/react-use-size': [ '1.1.4' ],
3756 silly audit   '@radix-ui/react-menu': [ '2.1.24' ],
3756 silly audit   '@radix-ui/react-dismissable-layer': [ '1.1.19' ],
3756 silly audit   '@radix-ui/react-focus-guards': [ '1.1.6' ],
3756 silly audit   '@radix-ui/react-focus-scope': [ '1.1.16' ],
3756 silly audit   '@radix-ui/react-portal': [ '1.1.17' ],
3756 silly audit   'aria-hidden': [ '1.2.6' ],
3756 silly audit   'react-remove-scroll': [ '2.7.2' ],
3756 silly audit   '@radix-ui/react-use-effect-event': [ '0.0.5' ],
3756 silly audit   '@radix-ui/react-popper': [ '1.3.7' ],
3756 silly audit   '@radix-ui/react-roving-focus': [ '1.1.19' ],
3756 silly audit   '@radix-ui/react-use-previous': [ '1.1.4' ],
3756 silly audit   '@radix-ui/react-visually-hidden': [ '1.2.11' ],
3756 silly audit   '@floating-ui/react-dom': [ '2.1.9' ],
3756 silly audit   '@radix-ui/react-arrow': [ '1.1.15' ],
3756 silly audit   '@radix-ui/react-use-rect': [ '1.1.4' ],
3756 silly audit   '@radix-ui/rect': [ '1.1.3' ],
3756 silly audit   '@floating-ui/dom': [ '1.8.0' ],
3756 silly audit   '@floating-ui/core': [ '1.8.0' ],
3756 silly audit   '@floating-ui/utils': [ '0.2.12' ],
3756 silly audit   '@radix-ui/number': [ '1.1.3' ],
3756 silly audit   '@supabase/auth-js': [ '2.116.0' ],
3756 silly audit   '@supabase/functions-js': [ '2.116.0' ],
3756 silly audit   '@supabase/postgrest-js': [ '2.116.0' ],
3756 silly audit   '@supabase/realtime-js': [ '2.116.0' ],
3756 silly audit   '@supabase/storage-js': [ '2.116.0' ],
3756 silly audit   tslib: [ '2.8.1' ],
3756 silly audit   '@supabase/phoenix': [ '0.4.5' ],
3756 silly audit   'iceberg-js': [ '0.8.1' ],
3756 silly audit   '@tailwindcss/node': [ '4.3.3' ],
3756 silly audit   '@tailwindcss/oxide': [ '4.3.3' ],
3756 silly audit   '@jridgewell/remapping': [ '2.3.5' ],
3756 silly audit   'enhanced-resolve': [ '5.25.1' ],
3756 silly audit   jiti: [ '2.7.0' ],
3756 silly audit   'magic-string': [ '0.30.21' ],
3756 silly audit   'source-map-js': [ '1.2.1' ],
3756 silly audit   '@jridgewell/gen-mapping': [ '0.3.13' ],
3756 silly audit   '@jridgewell/trace-mapping': [ '0.3.31' ],
3756 silly audit   '@jridgewell/sourcemap-codec': [ '1.6.0' ],
3756 silly audit   '@jridgewell/resolve-uri': [ '3.1.2' ],
3756 silly audit   '@tailwindcss/oxide-android-arm64': [ '4.3.3' ],
3756 silly audit   '@tailwindcss/oxide-darwin-arm64': [ '4.3.3' ],
3756 silly audit   '@tailwindcss/oxide-darwin-x64': [ '4.3.3' ],
3756 silly audit   '@tailwindcss/oxide-freebsd-x64': [ '4.3.3' ],
3756 silly audit   '@tailwindcss/oxide-linux-arm-gnueabihf': [ '4.3.3' ],
3756 silly audit   '@tailwindcss/oxide-linux-arm64-gnu': [ '4.3.3' ],
3756 silly audit   '@tailwindcss/oxide-linux-arm64-musl': [ '4.3.3' ],
3756 silly audit   '@tailwindcss/oxide-linux-x64-gnu': [ '4.3.3' ],
3756 silly audit   '@tailwindcss/oxide-linux-x64-musl': [ '4.3.3' ],
3756 silly audit   '@tailwindcss/oxide-wasm32-wasi': [ '4.3.3' ],
3756 silly audit   '@tailwindcss/oxide-win32-arm64-msvc': [ '4.3.3' ],
3756 silly audit   '@tailwindcss/oxide-win32-x64-msvc': [ '4.3.3' ],
3756 silly audit   '@tanstack/devtools-bundler-core': [ '0.1.3' ],
3756 silly audit   '@tanstack/devtools-client': [ '0.0.8' ],
3756 silly audit   '@tanstack/devtools-event-bus': [ '0.4.3' ],
3756 silly audit   chalk: [ '5.6.2', '4.1.2' ],
3756 silly audit   'launch-editor': [ '2.14.1' ],
3756 silly audit   'oxc-parser': [ '0.120.0' ],
3756 silly audit   picomatch: [ '4.0.7' ],
3756 silly audit   '@tanstack/devtools-event-client': [ '0.5.0' ],
3756 silly audit   ws: [ '8.21.3' ],
3756 silly audit   '@tanstack/query-core': [ '5.103.1' ],
3756 silly audit   '@tanstack/history': [ '1.162.0' ],
3756 silly audit   '@tanstack/react-store': [ '0.9.3' ],
3756 silly audit   '@tanstack/router-core': [ '1.171.15' ],
3756 silly audit   isbot: [ '5.2.2' ],
3756 silly audit   '@tanstack/react-start-client': [ '1.168.16' ],
3756 silly audit   '@tanstack/react-start-rsc': [ '0.1.31' ],
3756 silly audit   '@tanstack/react-start-server': [ '1.167.22' ],
3756 silly audit   '@tanstack/router-utils': [ '1.162.2' ],
3756 silly audit   '@tanstack/start-client-core': [ '1.170.14' ],
3756 silly audit   '@tanstack/start-plugin-core': [ '1.171.24' ],
3756 silly audit   '@tanstack/start-server-core': [ '1.169.17' ],
3756 silly audit   pathe: [ '2.0.3' ],
3756 silly audit   '@tanstack/start-fn-stubs': [ '1.162.0' ],
3756 silly audit   '@tanstack/start-storage-context': [ '1.167.17' ],
3756 silly audit   '@tanstack/store': [ '0.9.3' ],
3756 silly audit   'use-sync-external-store': [ '1.7.0' ],
3756 silly audit   'cookie-es': [ '3.1.1' ],
3756 silly audit   seroval: [ '1.6.7' ],
3756 silly audit   'seroval-plugins': [ '1.6.7' ],
3756 silly audit   '@babel/core': [ '7.29.7' ],
3756 silly audit   '@babel/template': [ '7.29.7' ],
3756 silly audit   '@babel/types': [ '7.29.8' ],
3756 silly audit   '@tanstack/router-generator': [ '1.167.21' ],
3756 silly audit   chokidar: [ '5.0.0' ],
3756 silly audit   unplugin: [ '3.4.0' ],
3756 silly audit   '@babel/code-frame': [ '7.29.7', '7.27.1' ],
3756 silly audit   '@babel/generator': [ '7.29.8' ],
3756 silly audit   '@babel/helper-compilation-targets': [ '7.29.7' ],
3756 silly audit   '@babel/helper-module-transforms': [ '7.29.7' ],
3756 silly audit   '@babel/helpers': [ '7.29.7' ],
3756 silly audit   '@babel/parser': [ '7.29.8' ],
3756 silly audit   '@babel/traverse': [ '7.29.8' ],
3756 silly audit   'convert-source-map': [ '2.0.0' ],
3756 silly audit   debug: [ '4.4.3' ],
3756 silly audit   gensync: [ '1.0.0-beta.2' ],
3756 silly audit   json5: [ '2.2.3' ],
3756 silly audit   semver: [ '6.3.1', '7.8.5' ],
3756 silly audit   '@babel/helper-validator-identifier': [ '7.29.7' ],
3756 silly audit   'js-tokens': [ '4.0.0' ],
3756 silly audit   picocolors: [ '1.1.1' ],
3756 silly audit   jsesc: [ '3.1.0' ],
3756 silly audit   '@babel/compat-data': [ '7.29.7' ],
3756 silly audit   '@babel/helper-validator-option': [ '7.29.7' ],
3756 silly audit   browserslist: [ '4.29.0' ],
3756 silly audit   'lru-cache': [ '5.1.1' ],
3756 silly audit   '@babel/helper-module-imports': [ '7.29.7' ],
3756 silly audit   '@babel/helper-globals': [ '7.29.7' ],
3756 silly audit   '@babel/helper-string-parser': [ '7.29.7' ],
3756 silly audit   '@tanstack/virtual-file-routes': [ '1.162.0' ],
3756 silly audit   ansis: [ '4.4.0' ],
3756 silly audit   'babel-dead-code-elimination': [ '1.0.12' ],
3756 silly audit   diff: [ '8.0.4' ],
3756 silly audit   tinyglobby: [ '0.2.17' ],
3756 silly audit   exsolve: [ '1.1.1' ],
3756 silly audit   'source-map': [ '0.7.6', '0.6.1' ],
3756 silly audit   srvx: [ '0.11.22', '1.0.5' ],
3756 silly audit   ufo: [ '1.6.4' ],
3756 silly audit   vitefu: [ '1.1.3' ],
3756 silly audit   xmlbuilder2: [ '4.0.3' ],
3756 silly audit   fetchdts: [ '0.1.7' ],
3756 silly audit   h3: [ '2.0.1-rc.20', '2.0.1-rc.32' ],
3756 silly audit   'undici-types': [ '6.21.0' ],
3756 silly audit   csstype: [ '3.2.3' ],
3756 silly audit   '@babel/plugin-transform-react-jsx-self': [ '7.29.7' ],
3756 silly audit   '@babel/plugin-transform-react-jsx-source': [ '7.29.7' ],
3756 silly audit   '@rolldown/pluginutils': [ '1.0.0-rc.3', '1.0.1' ],
3756 silly audit   '@types/babel__core': [ '7.20.5' ],
3756 silly audit   'react-refresh': [ '0.18.0' ],
3756 silly audit   '@babel/helper-plugin-utils': [ '7.29.7' ],
3756 silly audit   '@types/babel__generator': [ '7.27.0' ],
3756 silly audit   '@types/babel__template': [ '7.4.4' ],
3756 silly audit   '@types/babel__traverse': [ '7.28.0' ],
3756 silly audit   'baseline-browser-mapping': [ '2.11.25' ],
3756 silly audit   'caniuse-lite': [ '1.0.30001810' ],
3756 silly audit   'electron-to-chromium': [ '1.5.431' ],
3756 silly audit   'node-releases': [ '2.0.56' ],
3756 silly audit   'update-browserslist-db': [ '1.3.3' ],
3756 silly audit   readdirp: [ '5.1.1' ],
3756 silly audit   ms: [ '2.1.3' ],
3756 silly audit   '@drizzle-team/brocli': [ '0.10.2' ],
3756 silly audit   '@esbuild-kit/esm-loader': [ '2.6.5' ],
3756 silly audit   esbuild: [ '0.18.20', '0.28.2', '0.25.12' ],
3756 silly audit   tsx: [ '4.23.13' ],
3756 silly audit   '@esbuild-kit/core-utils': [ '3.3.2' ],
3756 silly audit   'get-tsconfig': [ '4.14.3' ],
3756 silly audit   'source-map-support': [ '0.5.21' ],
3756 silly audit   'embla-carousel': [ '8.6.0' ],
3756 silly audit   'embla-carousel-reactive-utils': [ '8.6.0' ],
3756 silly audit   'graceful-fs': [ '4.2.11' ],
3756 silly audit   tapable: [ '2.3.3' ],
3756 silly audit   '@eslint-community/eslint-utils': [ '4.10.1' ],
3756 silly audit   '@eslint-community/regexpp': [ '4.12.2' ],
3756 silly audit   '@eslint/config-array': [ '0.21.2' ],
3756 silly audit   '@eslint/config-helpers': [ '0.4.2' ],
3756 silly audit   '@eslint/core': [ '0.17.0' ],
3756 silly audit   '@eslint/eslintrc': [ '3.3.7' ],
3756 silly audit   '@eslint/plugin-kit': [ '0.4.1' ],
3756 silly audit   '@humanfs/node': [ '0.16.8' ],
3756 silly audit   '@humanwhocodes/module-importer': [ '1.0.1' ],
3756 silly audit   '@humanwhocodes/retry': [ '0.4.3' ],
3756 silly audit   '@types/estree': [ '1.0.9' ],
3756 silly audit   'cross-spawn': [ '7.0.6' ],
3756 silly audit   'escape-string-regexp': [ '4.0.0' ],
3756 silly audit   'eslint-scope': [ '8.4.0' ],
3756 silly audit   'eslint-visitor-keys': [ '4.2.1', '3.4.3', '5.0.1' ],
3756 silly audit   espree: [ '10.4.0' ],
3756 silly audit   esquery: [ '1.7.0' ],
3756 silly audit   esutils: [ '2.0.3' ],
3756 silly audit   'fast-deep-equal': [ '3.1.3' ],
3756 silly audit   'file-entry-cache': [ '8.0.0' ],
3756 silly audit   'find-up': [ '5.0.0' ],
3756 silly audit   'glob-parent': [ '6.0.2' ],
3756 silly audit   ignore: [ '5.3.2', '7.0.9' ],
3756 silly audit   imurmurhash: [ '0.1.4' ],
3756 silly audit   'is-glob': [ '4.0.3' ],
3756 silly audit   'json-stable-stringify-without-jsonify': [ '1.0.1' ],
3756 silly audit   'lodash.merge': [ '4.6.2' ],
3756 silly audit   minimatch: [ '3.1.5', '10.2.6' ],
3756 silly audit   'natural-compare': [ '1.4.0' ],
3756 silly audit   optionator: [ '0.9.4' ],
3756 silly audit   '@eslint/object-schema': [ '2.1.7' ],
3756 silly audit   '@types/json-schema': [ '7.0.15' ],
3756 silly audit   'import-fresh': [ '3.3.1' ],
3756 silly audit   'js-yaml': [ '4.3.2' ],
3756 silly audit   'strip-json-comments': [ '3.1.1' ],
3756 silly audit   levn: [ '0.4.1' ],
3756 silly audit   ajv: [ '8.20.0', '6.15.0' ],
3756 silly audit   '@humanfs/core': [ '0.19.2' ],
3756 silly audit   '@humanfs/types': [ '0.15.0' ],
3756 silly audit   'fast-uri': [ '3.1.8' ],
3756 silly audit   'json-schema-traverse': [ '1.0.0', '0.4.1' ],
3756 silly audit   'require-from-string': [ '2.0.2' ],
3756 silly audit   'path-key': [ '3.1.1' ],
3756 silly audit   'shebang-command': [ '2.0.0' ],
3756 silly audit   which: [ '2.0.2' ],
3756 silly audit   'prettier-linter-helpers': [ '1.0.1' ],
3756 silly audit   synckit: [ '0.11.13' ],
3756 silly audit   esrecurse: [ '4.3.0' ],
3756 silly audit   estraverse: [ '5.3.0' ],
3756 silly audit   acorn: [ '8.18.0' ],
3756 silly audit   'acorn-jsx': [ '5.3.2' ],
3756 silly audit   'flat-cache': [ '4.0.1' ],
3756 silly audit   'locate-path': [ '6.0.0' ],
3756 silly audit   'path-exists': [ '4.0.0' ],
3756 silly audit   flatted: [ '3.4.4' ],
3756 silly audit   keyv: [ '4.5.4' ],
3756 silly audit   'resolve-pkg-maps': [ '1.0.0' ],
3756 silly audit   rou3: [ '0.8.1', '0.9.2' ],
3756 silly audit   'parent-module': [ '1.0.1' ],
3756 silly audit   'resolve-from': [ '4.0.0' ],
3756 silly audit   'is-extglob': [ '2.1.1' ],
3756 silly audit   argparse: [ '2.0.1' ],
3756 silly audit   'json-buffer': [ '3.0.1' ],
3756 silly audit   'shell-quote': [ '1.10.0' ],
3756 silly audit   'prelude-ls': [ '1.2.1' ],
3756 silly audit   'type-check': [ '0.4.0' ],
3756 silly audit   'detect-libc': [ '2.1.2' ],
3756 silly audit   'lightningcss-android-arm64': [ '1.33.0', '1.32.0' ],
3756 silly audit   'lightningcss-darwin-arm64': [ '1.33.0', '1.32.0' ],
3756 silly audit   'lightningcss-darwin-x64': [ '1.33.0', '1.32.0' ],
3756 silly audit   'lightningcss-freebsd-x64': [ '1.33.0', '1.32.0' ],
3756 silly audit   'lightningcss-linux-arm-gnueabihf': [ '1.33.0', '1.32.0' ],
3756 silly audit   'lightningcss-linux-arm64-gnu': [ '1.33.0', '1.32.0' ],
3756 silly audit   'lightningcss-linux-arm64-musl': [ '1.33.0', '1.32.0' ],
3756 silly audit   'lightningcss-linux-x64-gnu': [ '1.33.0', '1.32.0' ],
3756 silly audit   'lightningcss-linux-x64-musl': [ '1.33.0', '1.32.0' ],
3756 silly audit   'lightningcss-win32-arm64-msvc': [ '1.33.0', '1.32.0' ],
3756 silly audit   'lightningcss-win32-x64-msvc': [ '1.33.0', '1.32.0' ],
3756 silly audit   'p-locate': [ '5.0.0' ],
3756 silly audit   yallist: [ '3.1.1' ],
3756 silly audit   'brace-expansion': [ '1.1.21', '5.0.12' ],
3756 silly audit   'balanced-match': [ '1.0.2', '4.0.4' ],
3756 silly audit   'concat-map': [ '0.0.1' ],
3756 silly audit   consola: [ '3.4.2' ],
3756 silly audit   crossws: [ '0.4.12' ],
3756 silly audit   db0: [ '0.3.4' ],
3756 silly audit   'env-runner': [ '0.1.16' ],
3756 silly audit   hookable: [ '6.1.2' ],
3756 silly audit   nf3: [ '0.3.24' ],
3756 silly audit   ofetch: [ '2.0.0-alpha.3' ],
3756 silly audit   ohash: [ '2.0.12' ],
3756 silly audit   rolldown: [ '1.2.1' ],
3756 silly audit   unenv: [ '2.0.0-rc.24' ],
3756 silly audit   unstorage: [ '2.0.0-alpha.10' ],
3756 silly audit   httpxy: [ '0.5.5' ],
3756 silly audit   ocache: [ '0.3.0', '0.1.5' ],
3756 silly audit   'deep-is': [ '0.1.4' ],
3756 silly audit   'fast-levenshtein': [ '2.0.6' ],
3756 silly audit   'word-wrap': [ '1.2.5' ],
3756 silly audit   '@oxc-parser/binding-android-arm-eabi': [ '0.120.0' ],
3756 silly audit   '@oxc-parser/binding-android-arm64': [ '0.120.0' ],
3756 silly audit   '@oxc-parser/binding-darwin-arm64': [ '0.120.0' ],
3756 silly audit   '@oxc-parser/binding-darwin-x64': [ '0.120.0' ],
3756 silly audit   '@oxc-parser/binding-freebsd-x64': [ '0.120.0' ],
3756 silly audit   '@oxc-parser/binding-linux-arm-gnueabihf': [ '0.120.0' ],
3756 silly audit   '@oxc-parser/binding-linux-arm-musleabihf': [ '0.120.0' ],
3756 silly audit   '@oxc-parser/binding-linux-arm64-gnu': [ '0.120.0' ],
3756 silly audit   '@oxc-parser/binding-linux-arm64-musl': [ '0.120.0' ],
3756 silly audit   '@oxc-parser/binding-linux-ppc64-gnu': [ '0.120.0' ],
3756 silly audit   '@oxc-parser/binding-linux-riscv64-gnu': [ '0.120.0' ],
3756 silly audit   '@oxc-parser/binding-linux-riscv64-musl': [ '0.120.0' ],
3756 silly audit   '@oxc-parser/binding-linux-s390x-gnu': [ '0.120.0' ],
3756 silly audit   '@oxc-parser/binding-linux-x64-gnu': [ '0.120.0' ],
3756 silly audit   '@oxc-parser/binding-linux-x64-musl': [ '0.120.0' ],
3756 silly audit   '@oxc-parser/binding-openharmony-arm64': [ '0.120.0' ],
3756 silly audit   '@oxc-parser/binding-wasm32-wasi': [ '0.120.0' ],
3756 silly audit   '@oxc-parser/binding-win32-arm64-msvc': [ '0.120.0' ],
3756 silly audit   '@oxc-parser/binding-win32-ia32-msvc': [ '0.120.0' ],
3756 silly audit   '@oxc-parser/binding-win32-x64-msvc': [ '0.120.0' ],
3756 silly audit   '@oxc-project/types': [ '0.120.0', '0.142.0' ],
3756 silly audit   '@napi-rs/wasm-runtime': [ '1.2.4' ],
3756 silly audit   '@emnapi/core': [ '1.11.3', '2.0.0-alpha.3' ],
3756 silly audit   '@emnapi/runtime': [ '1.11.3', '2.0.0-alpha.3' ],
3756 silly audit   '@emnapi/wasi-threads': [ '1.2.3', '2.0.1' ],
3756 silly audit   '@tybys/wasm-util': [ '0.10.4' ],
3756 silly audit   'p-limit': [ '3.1.0' ],
3756 silly audit   'yocto-queue': [ '0.1.0' ],
3756 silly audit   callsites: [ '3.1.0' ],
3756 silly audit   'fast-diff': [ '1.3.0' ],
3756 silly audit   '@date-fns/tz': [ '1.5.0' ],
3756 silly audit   '@tabby_ai/hijri-converter': [ '1.0.5' ],
3756 silly audit   'date-fns-jalali': [ '4.1.0-0' ],
3756 silly audit   scheduler: [ '0.28.0' ],
3756 silly audit   'react-remove-scroll-bar': [ '2.3.8' ],
3756 silly audit   'react-style-singleton': [ '2.2.3' ],
3756 silly audit   'use-callback-ref': [ '1.3.3' ],
3756 silly audit   'use-sidecar': [ '1.1.3' ],
3756 silly audit   'get-nonce': [ '1.0.1' ],
3756 silly audit   eventemitter3: [ '4.0.7' ],
3756 silly audit   lodash: [ '4.18.1' ],
3756 silly audit   'react-is': [ '18.3.1', '16.13.1' ],
3756 silly audit   'react-smooth': [ '4.0.4' ],
3756 silly audit   'recharts-scale': [ '0.4.5' ],
3756 silly audit   'tiny-invariant': [ '1.3.3' ],
3756 silly audit   'victory-vendor': [ '36.9.2' ],
3756 silly audit   'fast-equals': [ '5.4.2' ],
3756 silly audit   'prop-types': [ '15.8.1' ],
3756 silly audit   'react-transition-group': [ '4.4.5' ],
3756 silly audit   'loose-envify': [ '1.4.0' ],
3756 silly audit   'object-assign': [ '4.1.1' ],
3756 silly audit   '@babel/runtime': [ '7.29.7' ],
3756 silly audit   'dom-helpers': [ '5.2.1' ],
3756 silly audit   'decimal.js-light': [ '2.5.1' ],
3756 silly audit   '@rolldown/binding-android-arm64': [ '1.2.1' ],
3756 silly audit   '@rolldown/binding-darwin-arm64': [ '1.2.1' ],
3756 silly audit   '@rolldown/binding-darwin-x64': [ '1.2.1' ],
3756 silly audit   '@rolldown/binding-freebsd-x64': [ '1.2.1' ],
3756 silly audit   '@rolldown/binding-linux-arm-gnueabihf': [ '1.2.1' ],
3756 silly audit   '@rolldown/binding-linux-arm64-gnu': [ '1.2.1' ],
3756 silly audit   '@rolldown/binding-linux-arm64-musl': [ '1.2.1' ],
3756 silly audit   '@rolldown/binding-linux-ppc64-gnu': [ '1.2.1' ],
3756 silly audit   '@rolldown/binding-linux-s390x-gnu': [ '1.2.1' ],
3756 silly audit   '@rolldown/binding-linux-x64-gnu': [ '1.2.1' ],
3756 silly audit   '@rolldown/binding-linux-x64-musl': [ '1.2.1' ],
3756 silly audit   '@rolldown/binding-openharmony-arm64': [ '1.2.1' ],
3756 silly audit   '@rolldown/binding-wasm32-wasi': [ '1.2.1' ],
3756 silly audit   '@rolldown/binding-win32-arm64-msvc': [ '1.2.1' ],
3756 silly audit   '@rolldown/binding-win32-x64-msvc': [ '1.2.1' ],
3756 silly audit   'shebang-regex': [ '3.0.0' ],
3756 silly audit   'buffer-from': [ '1.1.2' ],
3756 silly audit   '@pkgr/core': [ '0.3.6' ],
3756 silly audit   fdir: [ '6.5.0' ],
3756 silly audit   fsevents: [ '2.3.3' ],
3756 silly audit   '@typescript-eslint/eslint-plugin': [ '8.70.0' ],
3756 silly audit   '@typescript-eslint/parser': [ '8.70.0' ],
3756 silly audit   '@typescript-eslint/typescript-estree': [ '8.70.0' ],
3756 silly audit   '@typescript-eslint/utils': [ '8.70.0' ],
3756 silly audit   '@typescript-eslint/scope-manager': [ '8.70.0' ],
3756 silly audit   '@typescript-eslint/type-utils': [ '8.70.0' ],
3756 silly audit   '@typescript-eslint/visitor-keys': [ '8.70.0' ],
3756 silly audit   'ts-api-utils': [ '2.5.0' ],
3756 silly audit   '@typescript-eslint/types': [ '8.70.0' ],
3756 silly audit   '@typescript-eslint/project-service': [ '8.70.0' ],
3756 silly audit   '@typescript-eslint/tsconfig-utils': [ '8.70.0' ],
3756 silly audit   'webpack-virtual-modules': [ '0.6.2' ],
3756 silly audit   escalade: [ '3.2.0' ],
3756 silly audit   'detect-node-es': [ '1.1.0' ],
3756 silly audit   '@types/d3-array': [ '3.2.2' ],
3756 silly audit   '@types/d3-ease': [ '3.0.2' ],
3756 silly audit   '@types/d3-interpolate': [ '3.0.4' ],
3756 silly audit   '@types/d3-scale': [ '4.0.9' ],
3756 silly audit   '@types/d3-shape': [ '3.2.0' ],
3756 silly audit   '@types/d3-time': [ '3.0.4' ],
3756 silly audit   '@types/d3-timer': [ '3.0.2' ],
3756 silly audit   'd3-array': [ '3.2.4' ],
3756 silly audit   'd3-ease': [ '3.0.1' ],
3756 silly audit   'd3-interpolate': [ '3.0.1' ],
3756 silly audit   'd3-scale': [ '4.0.2' ],
3756 silly audit   'd3-shape': [ '3.2.0' ],
3756 silly audit   'd3-time': [ '3.1.0' ],
3756 silly audit   'd3-timer': [ '3.0.1' ],
3756 silly audit   '@types/d3-color': [ '3.1.3' ],
3756 silly audit   '@types/d3-path': [ '3.1.1' ],
3756 silly audit   internmap: [ '2.0.3' ],
3756 silly audit   'd3-color': [ '3.1.0' ],
3756 silly audit   'd3-format': [ '3.1.2' ],
3756 silly audit   'd3-time-format': [ '4.1.0' ],
3756 silly audit   'd3-path': [ '3.1.0' ],
3756 silly audit   postcss: [ '8.5.28' ],
3756 silly audit   '@esbuild/aix-ppc64': [ '0.28.2', '0.25.12' ],
3756 silly audit   '@esbuild/android-arm': [ '0.28.2', '0.18.20', '0.25.12' ],
3756 silly audit   '@esbuild/android-arm64': [ '0.28.2', '0.18.20', '0.25.12' ],
3756 silly audit   '@esbuild/android-x64': [ '0.28.2', '0.18.20', '0.25.12' ],
3756 silly audit   '@esbuild/darwin-arm64': [ '0.28.2', '0.18.20', '0.25.12' ],
3756 silly audit   '@esbuild/darwin-x64': [ '0.28.2', '0.18.20', '0.25.12' ],
3756 silly audit   '@esbuild/freebsd-arm64': [ '0.28.2', '0.18.20', '0.25.12' ],
3756 silly audit   '@esbuild/freebsd-x64': [ '0.28.2', '0.18.20', '0.25.12' ],
3756 silly audit   '@esbuild/linux-arm': [ '0.28.2', '0.18.20', '0.25.12' ],
3756 silly audit   '@esbuild/linux-arm64': [ '0.28.2', '0.18.20', '0.25.12' ],
3756 silly audit   '@esbuild/linux-ia32': [ '0.28.2', '0.18.20', '0.25.12' ],
3756 silly audit   '@esbuild/linux-loong64': [ '0.28.2', '0.18.20', '0.25.12' ],
3756 silly audit   '@esbuild/linux-mips64el': [ '0.28.2', '0.18.20', '0.25.12' ],
3756 silly audit   '@esbuild/linux-ppc64': [ '0.28.2', '0.18.20', '0.25.12' ],
3756 silly audit   '@esbuild/linux-riscv64': [ '0.28.2', '0.18.20', '0.25.12' ],
3756 silly audit   '@esbuild/linux-s390x': [ '0.28.2', '0.18.20', '0.25.12' ],
3756 silly audit   '@esbuild/linux-x64': [ '0.28.2', '0.18.20', '0.25.12' ],
3756 silly audit   '@esbuild/netbsd-arm64': [ '0.28.2', '0.25.12' ],
3756 silly audit   '@esbuild/netbsd-x64': [ '0.28.2', '0.18.20', '0.25.12' ],
3756 silly audit   '@esbuild/openbsd-arm64': [ '0.28.2', '0.25.12' ],
3756 silly audit   '@esbuild/openbsd-x64': [ '0.28.2', '0.18.20', '0.25.12' ],
3756 silly audit   '@esbuild/openharmony-arm64': [ '0.28.2', '0.25.12' ],
3756 silly audit   '@esbuild/sunos-x64': [ '0.28.2', '0.18.20', '0.25.12' ],
3756 silly audit   '@esbuild/win32-arm64': [ '0.28.2', '0.18.20', '0.25.12' ],
3756 silly audit   '@esbuild/win32-ia32': [ '0.28.2', '0.18.20', '0.25.12' ],
3756 silly audit   '@esbuild/win32-x64': [ '0.28.2', '0.18.20', '0.25.12' ],
3756 silly audit   nanoid: [ '3.3.19' ],
3756 silly audit   globrex: [ '0.1.2' ],
3756 silly audit   tsconfck: [ '3.1.6' ],
3756 silly audit   isexe: [ '2.0.0' ],
3756 silly audit   '@oozcitak/dom': [ '2.0.2' ],
3756 silly audit   '@oozcitak/infra': [ '2.0.2' ],
3756 silly audit   '@oozcitak/util': [ '10.0.0' ],
3756 silly audit   '@oozcitak/url': [ '3.0.0' ],
3756 silly audit   'fast-json-stable-stringify': [ '2.1.0' ],
3756 silly audit   'uri-js': [ '4.4.1' ],
3756 silly audit   punycode: [ '2.3.1' ],
3756 silly audit   'ansi-styles': [ '4.3.0' ],
3756 silly audit   'supports-color': [ '7.2.0' ],
3756 silly audit   'color-convert': [ '2.0.1' ],
3756 silly audit   'color-name': [ '1.1.4' ],
3756 silly audit   'has-flag': [ '4.0.0' ]
3756 silly audit }
3757 http cache has-flag@https://registry.npmjs.org/has-flag/-/has-flag-4.0.0.tgz 0ms (cache hit)
3758 http cache color-convert@https://registry.npmjs.org/color-convert/-/color-convert-2.0.1.tgz 1ms (cache hit)
3759 http cache color-name@https://registry.npmjs.org/color-name/-/color-name-1.1.4.tgz 0ms (cache hit)
3760 http cache supports-color@https://registry.npmjs.org/supports-color/-/supports-color-7.2.0.tgz 0ms (cache hit)
3761 http cache punycode@https://registry.npmjs.org/punycode/-/punycode-2.3.1.tgz 0ms (cache hit)
3762 http cache ansi-styles@https://registry.npmjs.org/ansi-styles/-/ansi-styles-4.3.0.tgz 0ms (cache hit)
3763 http cache uri-js@https://registry.npmjs.org/uri-js/-/uri-js-4.4.1.tgz 0ms (cache hit)
3764 http cache fast-json-stable-stringify@https://registry.npmjs.org/fast-json-stable-stringify/-/fast-json-stable-stringify-2.1.0.tgz 0ms (cache hit)
3765 http cache @oozcitak/util@https://registry.npmjs.org/@oozcitak/util/-/util-10.0.0.tgz 0ms (cache hit)
3766 http cache @oozcitak/url@https://registry.npmjs.org/@oozcitak/url/-/url-3.0.0.tgz 0ms (cache hit)
3767 http cache @oozcitak/dom@https://registry.npmjs.org/@oozcitak/dom/-/dom-2.0.2.tgz 0ms (cache hit)
3768 http cache @oozcitak/infra@https://registry.npmjs.org/@oozcitak/infra/-/infra-2.0.2.tgz 0ms (cache hit)
3769 http cache tsconfck@https://registry.npmjs.org/tsconfck/-/tsconfck-3.1.6.tgz 0ms (cache hit)
3770 http cache isexe@https://registry.npmjs.org/isexe/-/isexe-2.0.0.tgz 0ms (cache hit)
3771 http cache globrex@https://registry.npmjs.org/globrex/-/globrex-0.1.2.tgz 0ms (cache hit)
3772 http cache nanoid@https://registry.npmjs.org/nanoid/-/nanoid-3.3.19.tgz 0ms (cache hit)
3773 http cache @esbuild/android-arm64@https://registry.npmjs.org/@esbuild/android-arm64/-/android-arm64-0.28.2.tgz 1ms (cache hit)
3774 http cache postcss@https://registry.npmjs.org/postcss/-/postcss-8.5.28.tgz 0ms (cache hit)
3775 http cache esbuild@https://registry.npmjs.org/esbuild/-/esbuild-0.28.2.tgz 0ms (cache hit)
3776 http cache d3-path@https://registry.npmjs.org/d3-path/-/d3-path-3.1.0.tgz 0ms (cache hit)
3777 http cache d3-time-format@https://registry.npmjs.org/d3-time-format/-/d3-time-format-4.1.0.tgz 0ms (cache hit)
3778 http cache d3-format@https://registry.npmjs.org/d3-format/-/d3-format-3.1.2.tgz 0ms (cache hit)
3779 http cache d3-color@https://registry.npmjs.org/d3-color/-/d3-color-3.1.0.tgz 0ms (cache hit)
3780 http cache internmap@https://registry.npmjs.org/internmap/-/internmap-2.0.3.tgz 0ms (cache hit)
3781 http cache @types/d3-color@https://registry.npmjs.org/@types/d3-color/-/d3-color-3.1.3.tgz 0ms (cache hit)
3782 http cache @types/d3-path@https://registry.npmjs.org/@types/d3-path/-/d3-path-3.1.1.tgz 1ms (cache hit)
3783 http cache d3-timer@https://registry.npmjs.org/d3-timer/-/d3-timer-3.0.1.tgz 0ms (cache hit)
3784 http cache d3-time@https://registry.npmjs.org/d3-time/-/d3-time-3.1.0.tgz 1ms (cache hit)
3785 http cache d3-shape@https://registry.npmjs.org/d3-shape/-/d3-shape-3.2.0.tgz 0ms (cache hit)
3786 http cache d3-scale@https://registry.npmjs.org/d3-scale/-/d3-scale-4.0.2.tgz 0ms (cache hit)
3787 http cache d3-interpolate@https://registry.npmjs.org/d3-interpolate/-/d3-interpolate-3.0.1.tgz 0ms (cache hit)
3788 http cache d3-ease@https://registry.npmjs.org/d3-ease/-/d3-ease-3.0.1.tgz 0ms (cache hit)
3789 http cache d3-array@https://registry.npmjs.org/d3-array/-/d3-array-3.2.4.tgz 0ms (cache hit)
3790 http cache @types/d3-timer@https://registry.npmjs.org/@types/d3-timer/-/d3-timer-3.0.2.tgz 0ms (cache hit)
3791 http cache @types/d3-time@https://registry.npmjs.org/@types/d3-time/-/d3-time-3.0.4.tgz 0ms (cache hit)
3792 http cache @types/d3-shape@https://registry.npmjs.org/@types/d3-shape/-/d3-shape-3.2.0.tgz 0ms (cache hit)
3793 http cache @types/d3-scale@https://registry.npmjs.org/@types/d3-scale/-/d3-scale-4.0.9.tgz 0ms (cache hit)
3794 http cache @types/d3-interpolate@https://registry.npmjs.org/@types/d3-interpolate/-/d3-interpolate-3.0.4.tgz 0ms (cache hit)
3795 http cache @types/d3-ease@https://registry.npmjs.org/@types/d3-ease/-/d3-ease-3.0.2.tgz 0ms (cache hit)
3796 http cache @types/d3-array@https://registry.npmjs.org/@types/d3-array/-/d3-array-3.2.2.tgz 0ms (cache hit)
3797 http cache detect-node-es@https://registry.npmjs.org/detect-node-es/-/detect-node-es-1.1.0.tgz 0ms (cache hit)
3798 http cache escalade@https://registry.npmjs.org/escalade/-/escalade-3.2.0.tgz 0ms (cache hit)
3799 http cache webpack-virtual-modules@https://registry.npmjs.org/webpack-virtual-modules/-/webpack-virtual-modules-0.6.2.tgz 0ms (cache hit)
3800 http cache @typescript-eslint/tsconfig-utils@https://registry.npmjs.org/@typescript-eslint/tsconfig-utils/-/tsconfig-utils-8.70.0.tgz 1ms (cache hit)
3801 http cache @typescript-eslint/project-service@https://registry.npmjs.org/@typescript-eslint/project-service/-/project-service-8.70.0.tgz 1ms (cache hit)
3802 http cache @typescript-eslint/types@https://registry.npmjs.org/@typescript-eslint/types/-/types-8.70.0.tgz 0ms (cache hit)
3803 http cache ts-api-utils@https://registry.npmjs.org/ts-api-utils/-/ts-api-utils-2.5.0.tgz 0ms (cache hit)
3804 http cache @typescript-eslint/visitor-keys@https://registry.npmjs.org/@typescript-eslint/visitor-keys/-/visitor-keys-8.70.0.tgz 0ms (cache hit)
3805 http cache @typescript-eslint/type-utils@https://registry.npmjs.org/@typescript-eslint/type-utils/-/type-utils-8.70.0.tgz 0ms (cache hit)
3806 http cache @typescript-eslint/scope-manager@https://registry.npmjs.org/@typescript-eslint/scope-manager/-/scope-manager-8.70.0.tgz 0ms (cache hit)
3807 http cache @typescript-eslint/utils@https://registry.npmjs.org/@typescript-eslint/utils/-/utils-8.70.0.tgz 0ms (cache hit)
3808 http cache @typescript-eslint/typescript-estree@https://registry.npmjs.org/@typescript-eslint/typescript-estree/-/typescript-estree-8.70.0.tgz 0ms (cache hit)
3809 http cache @typescript-eslint/parser@https://registry.npmjs.org/@typescript-eslint/parser/-/parser-8.70.0.tgz 0ms (cache hit)
3810 http cache @typescript-eslint/eslint-plugin@https://registry.npmjs.org/@typescript-eslint/eslint-plugin/-/eslint-plugin-8.70.0.tgz 0ms (cache hit)
3811 http cache fdir@https://registry.npmjs.org/fdir/-/fdir-6.5.0.tgz 0ms (cache hit)
3812 http cache @pkgr/core@https://registry.npmjs.org/@pkgr/core/-/core-0.3.6.tgz 0ms (cache hit)
3813 http cache buffer-from@https://registry.npmjs.org/buffer-from/-/buffer-from-1.1.2.tgz 0ms (cache hit)
3814 http cache shebang-regex@https://registry.npmjs.org/shebang-regex/-/shebang-regex-3.0.0.tgz 1ms (cache hit)
3815 http cache @rolldown/binding-wasm32-wasi@https://registry.npmjs.org/@rolldown/binding-wasm32-wasi/-/binding-wasm32-wasi-1.2.1.tgz 1ms (cache hit)
3816 http cache @rolldown/binding-android-arm64@https://registry.npmjs.org/@rolldown/binding-android-arm64/-/binding-android-arm64-1.2.1.tgz 1ms (cache hit)
3817 http cache decimal.js-light@https://registry.npmjs.org/decimal.js-light/-/decimal.js-light-2.5.1.tgz 1ms (cache hit)
3818 http cache dom-helpers@https://registry.npmjs.org/dom-helpers/-/dom-helpers-5.2.1.tgz 1ms (cache hit)
3819 http cache @babel/runtime@https://registry.npmjs.org/@babel/runtime/-/runtime-7.29.7.tgz 0ms (cache hit)
3820 http cache object-assign@https://registry.npmjs.org/object-assign/-/object-assign-4.1.1.tgz 0ms (cache hit)
3821 http cache loose-envify@https://registry.npmjs.org/loose-envify/-/loose-envify-1.4.0.tgz 0ms (cache hit)
3822 http cache react-transition-group@https://registry.npmjs.org/react-transition-group/-/react-transition-group-4.4.5.tgz 0ms (cache hit)
3823 http cache prop-types@https://registry.npmjs.org/prop-types/-/prop-types-15.8.1.tgz 0ms (cache hit)
3824 http cache fast-equals@https://registry.npmjs.org/fast-equals/-/fast-equals-5.4.2.tgz 0ms (cache hit)
3825 http cache victory-vendor@https://registry.npmjs.org/victory-vendor/-/victory-vendor-36.9.2.tgz 1ms (cache hit)
3826 http cache tiny-invariant@https://registry.npmjs.org/tiny-invariant/-/tiny-invariant-1.3.3.tgz 0ms (cache hit)
3827 http cache recharts-scale@https://registry.npmjs.org/recharts-scale/-/recharts-scale-0.4.5.tgz 1ms (cache hit)
3828 http cache react-smooth@https://registry.npmjs.org/react-smooth/-/react-smooth-4.0.4.tgz 0ms (cache hit)
3829 http cache react-is@https://registry.npmjs.org/react-is/-/react-is-18.3.1.tgz 0ms (cache hit)
3830 http cache lodash@https://registry.npmjs.org/lodash/-/lodash-4.18.1.tgz 0ms (cache hit)
3831 http cache eventemitter3@https://registry.npmjs.org/eventemitter3/-/eventemitter3-4.0.7.tgz 0ms (cache hit)
3832 http cache get-nonce@https://registry.npmjs.org/get-nonce/-/get-nonce-1.0.1.tgz 0ms (cache hit)
3833 http cache use-sidecar@https://registry.npmjs.org/use-sidecar/-/use-sidecar-1.1.3.tgz 0ms (cache hit)
3834 http cache use-callback-ref@https://registry.npmjs.org/use-callback-ref/-/use-callback-ref-1.3.3.tgz 0ms (cache hit)
3835 http cache react-style-singleton@https://registry.npmjs.org/react-style-singleton/-/react-style-singleton-2.2.3.tgz 0ms (cache hit)
3836 http cache react-remove-scroll-bar@https://registry.npmjs.org/react-remove-scroll-bar/-/react-remove-scroll-bar-2.3.8.tgz 0ms (cache hit)
3837 http cache scheduler@https://registry.npmjs.org/scheduler/-/scheduler-0.28.0.tgz 0ms (cache hit)
3838 http cache date-fns-jalali@https://registry.npmjs.org/date-fns-jalali/-/date-fns-jalali-4.1.0-0.tgz 0ms (cache hit)
3839 http cache @tabby_ai/hijri-converter@https://registry.npmjs.org/@tabby_ai/hijri-converter/-/hijri-converter-1.0.5.tgz 0ms (cache hit)
3840 http cache @date-fns/tz@https://registry.npmjs.org/@date-fns/tz/-/tz-1.5.0.tgz 0ms (cache hit)
3841 http cache fast-diff@https://registry.npmjs.org/fast-diff/-/fast-diff-1.3.0.tgz 0ms (cache hit)
3842 http cache callsites@https://registry.npmjs.org/callsites/-/callsites-3.1.0.tgz 0ms (cache hit)
3843 http cache yocto-queue@https://registry.npmjs.org/yocto-queue/-/yocto-queue-0.1.0.tgz 0ms (cache hit)
3844 http cache @tybys/wasm-util@https://registry.npmjs.org/@tybys/wasm-util/-/wasm-util-0.10.4.tgz 0ms (cache hit)
3845 http cache p-limit@https://registry.npmjs.org/p-limit/-/p-limit-3.1.0.tgz 0ms (cache hit)
3846 http cache @emnapi/wasi-threads@https://registry.npmjs.org/@emnapi/wasi-threads/-/wasi-threads-1.2.3.tgz 0ms (cache hit)
3847 http cache @emnapi/runtime@https://registry.npmjs.org/@emnapi/runtime/-/runtime-1.11.3.tgz 0ms (cache hit)
3848 http cache @emnapi/core@https://registry.npmjs.org/@emnapi/core/-/core-1.11.3.tgz 0ms (cache hit)
3849 http cache @napi-rs/wasm-runtime@https://registry.npmjs.org/@napi-rs/wasm-runtime/-/wasm-runtime-1.2.4.tgz 0ms (cache hit)
3850 http cache @oxc-project/types@https://registry.npmjs.org/@oxc-project/types/-/types-0.120.0.tgz 0ms (cache hit)
3851 http cache @oxc-parser/binding-android-arm64@https://registry.npmjs.org/@oxc-parser/binding-android-arm64/-/binding-android-arm64-0.120.0.tgz 0ms (cache hit)
3852 http cache word-wrap@https://registry.npmjs.org/word-wrap/-/word-wrap-1.2.5.tgz 0ms (cache hit)
3853 http cache fast-levenshtein@https://registry.npmjs.org/fast-levenshtein/-/fast-levenshtein-2.0.6.tgz 0ms (cache hit)
3854 http cache deep-is@https://registry.npmjs.org/deep-is/-/deep-is-0.1.4.tgz 0ms (cache hit)
3855 http cache ocache@https://registry.npmjs.org/ocache/-/ocache-0.3.0.tgz 0ms (cache hit)
3856 http cache httpxy@https://registry.npmjs.org/httpxy/-/httpxy-0.5.5.tgz 0ms (cache hit)
3857 http cache unstorage@https://registry.npmjs.org/unstorage/-/unstorage-2.0.0-alpha.10.tgz 0ms (cache hit)
3858 http cache unenv@https://registry.npmjs.org/unenv/-/unenv-2.0.0-rc.24.tgz 0ms (cache hit)
3859 http cache rolldown@https://registry.npmjs.org/rolldown/-/rolldown-1.2.1.tgz 0ms (cache hit)
3860 http cache ohash@https://registry.npmjs.org/ohash/-/ohash-2.0.12.tgz 0ms (cache hit)
3861 http cache ofetch@https://registry.npmjs.org/ofetch/-/ofetch-2.0.0-alpha.3.tgz 0ms (cache hit)
3862 http cache nf3@https://registry.npmjs.org/nf3/-/nf3-0.3.24.tgz 0ms (cache hit)
3863 http cache hookable@https://registry.npmjs.org/hookable/-/hookable-6.1.2.tgz 0ms (cache hit)
3864 http cache h3@https://registry.npmjs.org/h3/-/h3-2.0.1-rc.32.tgz 0ms (cache hit)
3865 http cache env-runner@https://registry.npmjs.org/env-runner/-/env-runner-0.1.16.tgz 0ms (cache hit)
3866 http cache db0@https://registry.npmjs.org/db0/-/db0-0.3.4.tgz 0ms (cache hit)
3867 http cache crossws@https://registry.npmjs.org/crossws/-/crossws-0.4.12.tgz 0ms (cache hit)
3868 http cache consola@https://registry.npmjs.org/consola/-/consola-3.4.2.tgz 1ms (cache hit)
3869 http cache concat-map@https://registry.npmjs.org/concat-map/-/concat-map-0.0.1.tgz 1ms (cache hit)
3870 http cache balanced-match@https://registry.npmjs.org/balanced-match/-/balanced-match-1.0.2.tgz 1ms (cache hit)
3871 http cache brace-expansion@https://registry.npmjs.org/brace-expansion/-/brace-expansion-1.1.21.tgz 0ms (cache hit)
3872 http cache yallist@https://registry.npmjs.org/yallist/-/yallist-3.1.1.tgz 1ms (cache hit)
3873 http cache p-locate@https://registry.npmjs.org/p-locate/-/p-locate-5.0.0.tgz 0ms (cache hit)
3874 http cache lightningcss-android-arm64@https://registry.npmjs.org/lightningcss-android-arm64/-/lightningcss-android-arm64-1.33.0.tgz 0ms (cache hit)
3875 http cache detect-libc@https://registry.npmjs.org/detect-libc/-/detect-libc-2.1.2.tgz 0ms (cache hit)
3876 http cache type-check@https://registry.npmjs.org/type-check/-/type-check-0.4.0.tgz 0ms (cache hit)
3877 http cache prelude-ls@https://registry.npmjs.org/prelude-ls/-/prelude-ls-1.2.1.tgz 1ms (cache hit)
3878 http cache shell-quote@https://registry.npmjs.org/shell-quote/-/shell-quote-1.10.0.tgz 0ms (cache hit)
3879 http cache json-buffer@https://registry.npmjs.org/json-buffer/-/json-buffer-3.0.1.tgz 0ms (cache hit)
3880 http cache argparse@https://registry.npmjs.org/argparse/-/argparse-2.0.1.tgz 0ms (cache hit)
3881 http cache is-extglob@https://registry.npmjs.org/is-extglob/-/is-extglob-2.1.1.tgz 0ms (cache hit)
3882 http cache resolve-from@https://registry.npmjs.org/resolve-from/-/resolve-from-4.0.0.tgz 0ms (cache hit)
3883 http cache parent-module@https://registry.npmjs.org/parent-module/-/parent-module-1.0.1.tgz 0ms (cache hit)
3884 http cache rou3@https://registry.npmjs.org/rou3/-/rou3-0.8.1.tgz 1ms (cache hit)
3885 http cache resolve-pkg-maps@https://registry.npmjs.org/resolve-pkg-maps/-/resolve-pkg-maps-1.0.0.tgz 0ms (cache hit)
3886 http cache flatted@https://registry.npmjs.org/flatted/-/flatted-3.4.4.tgz 0ms (cache hit)
3887 http cache keyv@https://registry.npmjs.org/keyv/-/keyv-4.5.4.tgz 0ms (cache hit)
3888 http cache path-exists@https://registry.npmjs.org/path-exists/-/path-exists-4.0.0.tgz 0ms (cache hit)
3889 http cache locate-path@https://registry.npmjs.org/locate-path/-/locate-path-6.0.0.tgz 0ms (cache hit)
3890 http cache flat-cache@https://registry.npmjs.org/flat-cache/-/flat-cache-4.0.1.tgz 0ms (cache hit)
3891 http cache acorn-jsx@https://registry.npmjs.org/acorn-jsx/-/acorn-jsx-5.3.2.tgz 0ms (cache hit)
3892 http cache estraverse@https://registry.npmjs.org/estraverse/-/estraverse-5.3.0.tgz 0ms (cache hit)
3893 http cache acorn@https://registry.npmjs.org/acorn/-/acorn-8.18.0.tgz 0ms (cache hit)
3894 http cache esrecurse@https://registry.npmjs.org/esrecurse/-/esrecurse-4.3.0.tgz 0ms (cache hit)
3895 http cache synckit@https://registry.npmjs.org/synckit/-/synckit-0.11.13.tgz 1ms (cache hit)
3896 http cache prettier-linter-helpers@https://registry.npmjs.org/prettier-linter-helpers/-/prettier-linter-helpers-1.0.1.tgz 0ms (cache hit)
3897 http cache which@https://registry.npmjs.org/which/-/which-2.0.2.tgz 0ms (cache hit)
3898 http cache shebang-command@https://registry.npmjs.org/shebang-command/-/shebang-command-2.0.0.tgz 0ms (cache hit)
3899 http cache path-key@https://registry.npmjs.org/path-key/-/path-key-3.1.1.tgz 0ms (cache hit)
3900 http cache require-from-string@https://registry.npmjs.org/require-from-string/-/require-from-string-2.0.2.tgz 0ms (cache hit)
3901 http cache json-schema-traverse@https://registry.npmjs.org/json-schema-traverse/-/json-schema-traverse-1.0.0.tgz 0ms (cache hit)
3902 http cache fast-uri@https://registry.npmjs.org/fast-uri/-/fast-uri-3.1.8.tgz 0ms (cache hit)
3903 http cache @humanfs/types@https://registry.npmjs.org/@humanfs/types/-/types-0.15.0.tgz 0ms (cache hit)
3904 http cache @humanfs/core@https://registry.npmjs.org/@humanfs/core/-/core-0.19.2.tgz 0ms (cache hit)
3905 http cache ajv@https://registry.npmjs.org/ajv/-/ajv-8.20.0.tgz 0ms (cache hit)
3906 http cache levn@https://registry.npmjs.org/levn/-/levn-0.4.1.tgz 1ms (cache hit)
3907 http cache strip-json-comments@https://registry.npmjs.org/strip-json-comments/-/strip-json-comments-3.1.1.tgz 0ms (cache hit)
3908 http cache js-yaml@https://registry.npmjs.org/js-yaml/-/js-yaml-4.3.2.tgz 0ms (cache hit)
3909 http cache import-fresh@https://registry.npmjs.org/import-fresh/-/import-fresh-3.3.1.tgz 0ms (cache hit)
3910 http cache @types/json-schema@https://registry.npmjs.org/@types/json-schema/-/json-schema-7.0.15.tgz 0ms (cache hit)
3911 http cache @eslint/object-schema@https://registry.npmjs.org/@eslint/object-schema/-/object-schema-2.1.7.tgz 0ms (cache hit)
3912 http cache optionator@https://registry.npmjs.org/optionator/-/optionator-0.9.4.tgz 0ms (cache hit)
3913 http cache natural-compare@https://registry.npmjs.org/natural-compare/-/natural-compare-1.4.0.tgz 0ms (cache hit)
3914 http cache minimatch@https://registry.npmjs.org/minimatch/-/minimatch-3.1.5.tgz 0ms (cache hit)
3915 http cache lodash.merge@https://registry.npmjs.org/lodash.merge/-/lodash.merge-4.6.2.tgz 0ms (cache hit)
3916 http cache json-stable-stringify-without-jsonify@https://registry.npmjs.org/json-stable-stringify-without-jsonify/-/json-stable-stringify-without-jsonify-1.0.1.tgz 0ms (cache hit)
3917 http cache is-glob@https://registry.npmjs.org/is-glob/-/is-glob-4.0.3.tgz 0ms (cache hit)
3918 http cache imurmurhash@https://registry.npmjs.org/imurmurhash/-/imurmurhash-0.1.4.tgz 0ms (cache hit)
3919 http cache ignore@https://registry.npmjs.org/ignore/-/ignore-5.3.2.tgz 0ms (cache hit)
3920 http cache glob-parent@https://registry.npmjs.org/glob-parent/-/glob-parent-6.0.2.tgz 0ms (cache hit)
3921 http cache find-up@https://registry.npmjs.org/find-up/-/find-up-5.0.0.tgz 0ms (cache hit)
3922 http cache file-entry-cache@https://registry.npmjs.org/file-entry-cache/-/file-entry-cache-8.0.0.tgz 0ms (cache hit)
3923 http cache fast-deep-equal@https://registry.npmjs.org/fast-deep-equal/-/fast-deep-equal-3.1.3.tgz 0ms (cache hit)
3924 http cache esutils@https://registry.npmjs.org/esutils/-/esutils-2.0.3.tgz 0ms (cache hit)
3925 http cache esquery@https://registry.npmjs.org/esquery/-/esquery-1.7.0.tgz 0ms (cache hit)
3926 http cache espree@https://registry.npmjs.org/espree/-/espree-10.4.0.tgz 1ms (cache hit)
3927 http cache eslint-visitor-keys@https://registry.npmjs.org/eslint-visitor-keys/-/eslint-visitor-keys-4.2.1.tgz 0ms (cache hit)
3928 http cache eslint-scope@https://registry.npmjs.org/eslint-scope/-/eslint-scope-8.4.0.tgz 0ms (cache hit)
3929 http cache escape-string-regexp@https://registry.npmjs.org/escape-string-regexp/-/escape-string-regexp-4.0.0.tgz 0ms (cache hit)
3930 http cache cross-spawn@https://registry.npmjs.org/cross-spawn/-/cross-spawn-7.0.6.tgz 0ms (cache hit)
3931 http cache @types/estree@https://registry.npmjs.org/@types/estree/-/estree-1.0.9.tgz 0ms (cache hit)
3932 http cache @humanwhocodes/retry@https://registry.npmjs.org/@humanwhocodes/retry/-/retry-0.4.3.tgz 0ms (cache hit)
3933 http cache @humanwhocodes/module-importer@https://registry.npmjs.org/@humanwhocodes/module-importer/-/module-importer-1.0.1.tgz 0ms (cache hit)
3934 http cache @humanfs/node@https://registry.npmjs.org/@humanfs/node/-/node-0.16.8.tgz 0ms (cache hit)
3935 http cache @eslint/plugin-kit@https://registry.npmjs.org/@eslint/plugin-kit/-/plugin-kit-0.4.1.tgz 0ms (cache hit)
3936 http cache @eslint/eslintrc@https://registry.npmjs.org/@eslint/eslintrc/-/eslintrc-3.3.7.tgz 0ms (cache hit)
3937 http cache @eslint/core@https://registry.npmjs.org/@eslint/core/-/core-0.17.0.tgz 0ms (cache hit)
3938 http cache @eslint/config-helpers@https://registry.npmjs.org/@eslint/config-helpers/-/config-helpers-0.4.2.tgz 0ms (cache hit)
3939 http cache @eslint/config-array@https://registry.npmjs.org/@eslint/config-array/-/config-array-0.21.2.tgz 0ms (cache hit)
3940 http cache @eslint-community/regexpp@https://registry.npmjs.org/@eslint-community/regexpp/-/regexpp-4.12.2.tgz 0ms (cache hit)
3941 http cache @eslint-community/eslint-utils@https://registry.npmjs.org/@eslint-community/eslint-utils/-/eslint-utils-4.10.1.tgz 0ms (cache hit)
3942 http cache tapable@https://registry.npmjs.org/tapable/-/tapable-2.3.3.tgz 1ms (cache hit)
3943 http cache graceful-fs@https://registry.npmjs.org/graceful-fs/-/graceful-fs-4.2.11.tgz 0ms (cache hit)
3944 http cache embla-carousel-reactive-utils@https://registry.npmjs.org/embla-carousel-reactive-utils/-/embla-carousel-reactive-utils-8.6.0.tgz 0ms (cache hit)
3945 http cache embla-carousel@https://registry.npmjs.org/embla-carousel/-/embla-carousel-8.6.0.tgz 0ms (cache hit)
3946 http cache source-map-support@https://registry.npmjs.org/source-map-support/-/source-map-support-0.5.21.tgz 0ms (cache hit)
3947 http cache get-tsconfig@https://registry.npmjs.org/get-tsconfig/-/get-tsconfig-4.14.3.tgz 0ms (cache hit)
3948 http cache tsx@https://registry.npmjs.org/tsx/-/tsx-4.23.13.tgz 0ms (cache hit)
3949 http cache @esbuild-kit/core-utils@https://registry.npmjs.org/@esbuild-kit/core-utils/-/core-utils-3.3.2.tgz 0ms (cache hit)
3950 http cache @esbuild-kit/esm-loader@https://registry.npmjs.org/@esbuild-kit/esm-loader/-/esm-loader-2.6.5.tgz 0ms (cache hit)
3951 http cache @drizzle-team/brocli@https://registry.npmjs.org/@drizzle-team/brocli/-/brocli-0.10.2.tgz 0ms (cache hit)
3952 http cache ms@https://registry.npmjs.org/ms/-/ms-2.1.3.tgz 0ms (cache hit)
3953 http cache readdirp@https://registry.npmjs.org/readdirp/-/readdirp-5.1.1.tgz 0ms (cache hit)
3954 http cache update-browserslist-db@https://registry.npmjs.org/update-browserslist-db/-/update-browserslist-db-1.3.3.tgz 0ms (cache hit)
3955 http cache node-releases@https://registry.npmjs.org/node-releases/-/node-releases-2.0.56.tgz 0ms (cache hit)
3956 http cache electron-to-chromium@https://registry.npmjs.org/electron-to-chromium/-/electron-to-chromium-1.5.431.tgz 0ms (cache hit)
3957 http cache caniuse-lite@https://registry.npmjs.org/caniuse-lite/-/caniuse-lite-1.0.30001810.tgz 0ms (cache hit)
3958 http cache baseline-browser-mapping@https://registry.npmjs.org/baseline-browser-mapping/-/baseline-browser-mapping-2.11.25.tgz 0ms (cache hit)
3959 http cache @types/babel__traverse@https://registry.npmjs.org/@types/babel__traverse/-/babel__traverse-7.28.0.tgz 1ms (cache hit)
3960 http cache @types/babel__template@https://registry.npmjs.org/@types/babel__template/-/babel__template-7.4.4.tgz 0ms (cache hit)
3961 http cache @types/babel__generator@https://registry.npmjs.org/@types/babel__generator/-/babel__generator-7.27.0.tgz 0ms (cache hit)
3962 http cache @babel/helper-plugin-utils@https://registry.npmjs.org/@babel/helper-plugin-utils/-/helper-plugin-utils-7.29.7.tgz 0ms (cache hit)
3963 http cache react-refresh@https://registry.npmjs.org/react-refresh/-/react-refresh-0.18.0.tgz 0ms (cache hit)
3964 http cache @types/babel__core@https://registry.npmjs.org/@types/babel__core/-/babel__core-7.20.5.tgz 0ms (cache hit)
3965 http cache @rolldown/pluginutils@https://registry.npmjs.org/@rolldown/pluginutils/-/pluginutils-1.0.0-rc.3.tgz 0ms (cache hit)
3966 http cache @babel/plugin-transform-react-jsx-source@https://registry.npmjs.org/@babel/plugin-transform-react-jsx-source/-/plugin-transform-react-jsx-source-7.29.7.tgz 0ms (cache hit)
3967 http cache @babel/plugin-transform-react-jsx-self@https://registry.npmjs.org/@babel/plugin-transform-react-jsx-self/-/plugin-transform-react-jsx-self-7.29.7.tgz 0ms (cache hit)
3968 http cache csstype@https://registry.npmjs.org/csstype/-/csstype-3.2.3.tgz 0ms (cache hit)
3969 http cache undici-types@https://registry.npmjs.org/undici-types/-/undici-types-6.21.0.tgz 0ms (cache hit)
3970 http cache h3-v2@https://registry.npmjs.org/h3/-/h3-2.0.1-rc.20.tgz 0ms (cache hit)
3971 http cache fetchdts@https://registry.npmjs.org/fetchdts/-/fetchdts-0.1.7.tgz 0ms (cache hit)
3972 http cache xmlbuilder2@https://registry.npmjs.org/xmlbuilder2/-/xmlbuilder2-4.0.3.tgz 0ms (cache hit)
3973 http cache vitefu@https://registry.npmjs.org/vitefu/-/vitefu-1.1.3.tgz 0ms (cache hit)
3974 http cache ufo@https://registry.npmjs.org/ufo/-/ufo-1.6.4.tgz 0ms (cache hit)
3975 http cache srvx@https://registry.npmjs.org/srvx/-/srvx-0.11.22.tgz 0ms (cache hit)
3976 http cache source-map@https://registry.npmjs.org/source-map/-/source-map-0.7.6.tgz 1ms (cache hit)
3977 http cache exsolve@https://registry.npmjs.org/exsolve/-/exsolve-1.1.1.tgz 1ms (cache hit)
3978 http cache tinyglobby@https://registry.npmjs.org/tinyglobby/-/tinyglobby-0.2.17.tgz 0ms (cache hit)
3979 http cache diff@https://registry.npmjs.org/diff/-/diff-8.0.4.tgz 0ms (cache hit)
3980 http cache babel-dead-code-elimination@https://registry.npmjs.org/babel-dead-code-elimination/-/babel-dead-code-elimination-1.0.12.tgz 0ms (cache hit)
3981 http cache ansis@https://registry.npmjs.org/ansis/-/ansis-4.4.0.tgz 0ms (cache hit)
3982 http cache @tanstack/virtual-file-routes@https://registry.npmjs.org/@tanstack/virtual-file-routes/-/virtual-file-routes-1.162.0.tgz 0ms (cache hit)
3983 http cache @babel/helper-string-parser@https://registry.npmjs.org/@babel/helper-string-parser/-/helper-string-parser-7.29.7.tgz 0ms (cache hit)
3984 http cache @babel/helper-globals@https://registry.npmjs.org/@babel/helper-globals/-/helper-globals-7.29.7.tgz 0ms (cache hit)
3985 http cache @babel/helper-module-imports@https://registry.npmjs.org/@babel/helper-module-imports/-/helper-module-imports-7.29.7.tgz 0ms (cache hit)
3986 http cache lru-cache@https://registry.npmjs.org/lru-cache/-/lru-cache-5.1.1.tgz 0ms (cache hit)
3987 http cache browserslist@https://registry.npmjs.org/browserslist/-/browserslist-4.29.0.tgz 0ms (cache hit)
3988 http cache @babel/helper-validator-option@https://registry.npmjs.org/@babel/helper-validator-option/-/helper-validator-option-7.29.7.tgz 0ms (cache hit)
3989 http cache @babel/compat-data@https://registry.npmjs.org/@babel/compat-data/-/compat-data-7.29.7.tgz 1ms (cache hit)
3990 http cache jsesc@https://registry.npmjs.org/jsesc/-/jsesc-3.1.0.tgz 0ms (cache hit)
3991 http cache picocolors@https://registry.npmjs.org/picocolors/-/picocolors-1.1.1.tgz 0ms (cache hit)
3992 http cache js-tokens@https://registry.npmjs.org/js-tokens/-/js-tokens-4.0.0.tgz 0ms (cache hit)
3993 http cache @babel/helper-validator-identifier@https://registry.npmjs.org/@babel/helper-validator-identifier/-/helper-validator-identifier-7.29.7.tgz 1ms (cache hit)
3994 http cache semver@https://registry.npmjs.org/semver/-/semver-6.3.1.tgz 0ms (cache hit)
3995 http cache json5@https://registry.npmjs.org/json5/-/json5-2.2.3.tgz 0ms (cache hit)
3996 http cache gensync@https://registry.npmjs.org/gensync/-/gensync-1.0.0-beta.2.tgz 0ms (cache hit)
3997 http cache debug@https://registry.npmjs.org/debug/-/debug-4.4.3.tgz 0ms (cache hit)
3998 http cache convert-source-map@https://registry.npmjs.org/convert-source-map/-/convert-source-map-2.0.0.tgz 0ms (cache hit)
3999 http cache @babel/traverse@https://registry.npmjs.org/@babel/traverse/-/traverse-7.29.8.tgz 0ms (cache hit)
4000 http cache @babel/parser@https://registry.npmjs.org/@babel/parser/-/parser-7.29.8.tgz 1ms (cache hit)
4001 http cache @babel/helpers@https://registry.npmjs.org/@babel/helpers/-/helpers-7.29.7.tgz 0ms (cache hit)
4002 http cache @babel/helper-module-transforms@https://registry.npmjs.org/@babel/helper-module-transforms/-/helper-module-transforms-7.29.7.tgz 0ms (cache hit)
4003 http cache @babel/helper-compilation-targets@https://registry.npmjs.org/@babel/helper-compilation-targets/-/helper-compilation-targets-7.29.7.tgz 0ms (cache hit)
4004 http cache @babel/generator@https://registry.npmjs.org/@babel/generator/-/generator-7.29.8.tgz 0ms (cache hit)
4005 http cache @babel/code-frame@https://registry.npmjs.org/@babel/code-frame/-/code-frame-7.29.7.tgz 0ms (cache hit)
4006 http cache unplugin@https://registry.npmjs.org/unplugin/-/unplugin-3.4.0.tgz 0ms (cache hit)
4007 http cache chokidar@https://registry.npmjs.org/chokidar/-/chokidar-5.0.0.tgz 0ms (cache hit)
4008 http cache @tanstack/router-generator@https://registry.npmjs.org/@tanstack/router-generator/-/router-generator-1.167.21.tgz 0ms (cache hit)
4009 http cache @babel/types@https://registry.npmjs.org/@babel/types/-/types-7.29.8.tgz 0ms (cache hit)
4010 http cache @babel/template@https://registry.npmjs.org/@babel/template/-/template-7.29.7.tgz 1ms (cache hit)
4011 http cache @babel/core@https://registry.npmjs.org/@babel/core/-/core-7.29.7.tgz 0ms (cache hit)
4012 http cache seroval-plugins@https://registry.npmjs.org/seroval-plugins/-/seroval-plugins-1.6.7.tgz 0ms (cache hit)
4013 http cache seroval@https://registry.npmjs.org/seroval/-/seroval-1.6.7.tgz 0ms (cache hit)
4014 http cache cookie-es@https://registry.npmjs.org/cookie-es/-/cookie-es-3.1.1.tgz 0ms (cache hit)
4015 http cache use-sync-external-store@https://registry.npmjs.org/use-sync-external-store/-/use-sync-external-store-1.7.0.tgz 0ms (cache hit)
4016 http cache @tanstack/store@https://registry.npmjs.org/@tanstack/store/-/store-0.9.3.tgz 0ms (cache hit)
4017 http cache @tanstack/start-storage-context@https://registry.npmjs.org/@tanstack/start-storage-context/-/start-storage-context-1.167.17.tgz 0ms (cache hit)
4018 http cache @tanstack/start-fn-stubs@https://registry.npmjs.org/@tanstack/start-fn-stubs/-/start-fn-stubs-1.162.0.tgz 0ms (cache hit)
4019 http cache pathe@https://registry.npmjs.org/pathe/-/pathe-2.0.3.tgz 0ms (cache hit)
4020 http cache @tanstack/start-plugin-core@https://registry.npmjs.org/@tanstack/start-plugin-core/-/start-plugin-core-1.171.24.tgz 0ms (cache hit)
4021 http cache @tanstack/start-server-core@https://registry.npmjs.org/@tanstack/start-server-core/-/start-server-core-1.169.17.tgz 0ms (cache hit)
4022 http cache @tanstack/start-client-core@https://registry.npmjs.org/@tanstack/start-client-core/-/start-client-core-1.170.14.tgz 0ms (cache hit)
4023 http cache @tanstack/router-utils@https://registry.npmjs.org/@tanstack/router-utils/-/router-utils-1.162.2.tgz 0ms (cache hit)
4024 http cache @tanstack/react-start-rsc@https://registry.npmjs.org/@tanstack/react-start-rsc/-/react-start-rsc-0.1.31.tgz 0ms (cache hit)
4025 http cache @tanstack/react-start-server@https://registry.npmjs.org/@tanstack/react-start-server/-/react-start-server-1.167.22.tgz 1ms (cache hit)
4026 http cache @tanstack/react-start-client@https://registry.npmjs.org/@tanstack/react-start-client/-/react-start-client-1.168.16.tgz 0ms (cache hit)
4027 http cache isbot@https://registry.npmjs.org/isbot/-/isbot-5.2.2.tgz 0ms (cache hit)
4028 http cache @tanstack/router-core@https://registry.npmjs.org/@tanstack/router-core/-/router-core-1.171.15.tgz 0ms (cache hit)
4029 http cache @tanstack/react-store@https://registry.npmjs.org/@tanstack/react-store/-/react-store-0.9.3.tgz 0ms (cache hit)
4030 http cache @tanstack/query-core@https://registry.npmjs.org/@tanstack/query-core/-/query-core-5.103.1.tgz 0ms (cache hit)
4031 http cache @tanstack/history@https://registry.npmjs.org/@tanstack/history/-/history-1.162.0.tgz 0ms (cache hit)
4032 http cache ws@https://registry.npmjs.org/ws/-/ws-8.21.3.tgz 0ms (cache hit)
4033 http cache @tanstack/devtools-event-client@https://registry.npmjs.org/@tanstack/devtools-event-client/-/devtools-event-client-0.5.0.tgz 0ms (cache hit)
4034 http cache picomatch@https://registry.npmjs.org/picomatch/-/picomatch-4.0.7.tgz 0ms (cache hit)
4035 http cache oxc-parser@https://registry.npmjs.org/oxc-parser/-/oxc-parser-0.120.0.tgz 0ms (cache hit)
4036 http cache launch-editor@https://registry.npmjs.org/launch-editor/-/launch-editor-2.14.1.tgz 0ms (cache hit)
4037 http cache chalk@https://registry.npmjs.org/chalk/-/chalk-5.6.2.tgz 0ms (cache hit)
4038 http cache @tanstack/devtools-event-bus@https://registry.npmjs.org/@tanstack/devtools-event-bus/-/devtools-event-bus-0.4.3.tgz 1ms (cache hit)
4039 http cache @tanstack/devtools-client@https://registry.npmjs.org/@tanstack/devtools-client/-/devtools-client-0.0.8.tgz 0ms (cache hit)
4040 http cache @tanstack/devtools-bundler-core@https://registry.npmjs.org/@tanstack/devtools-bundler-core/-/devtools-bundler-core-0.1.3.tgz 0ms (cache hit)
4041 http cache @tailwindcss/oxide-android-arm64@https://registry.npmjs.org/@tailwindcss/oxide-android-arm64/-/oxide-android-arm64-4.3.3.tgz 0ms (cache hit)
4042 http cache @jridgewell/resolve-uri@https://registry.npmjs.org/@jridgewell/resolve-uri/-/resolve-uri-3.1.2.tgz 0ms (cache hit)
4043 http cache @jridgewell/sourcemap-codec@https://registry.npmjs.org/@jridgewell/sourcemap-codec/-/sourcemap-codec-1.6.0.tgz 0ms (cache hit)
4044 http cache @jridgewell/gen-mapping@https://registry.npmjs.org/@jridgewell/gen-mapping/-/gen-mapping-0.3.13.tgz 0ms (cache hit)
4045 http cache source-map-js@https://registry.npmjs.org/source-map-js/-/source-map-js-1.2.1.tgz 0ms (cache hit)
4046 http cache magic-string@https://registry.npmjs.org/magic-string/-/magic-string-0.30.21.tgz 0ms (cache hit)
4047 http cache @jridgewell/trace-mapping@https://registry.npmjs.org/@jridgewell/trace-mapping/-/trace-mapping-0.3.31.tgz 0ms (cache hit)
4048 http cache jiti@https://registry.npmjs.org/jiti/-/jiti-2.7.0.tgz 0ms (cache hit)
4049 http cache enhanced-resolve@https://registry.npmjs.org/enhanced-resolve/-/enhanced-resolve-5.25.1.tgz 0ms (cache hit)
4050 http cache @jridgewell/remapping@https://registry.npmjs.org/@jridgewell/remapping/-/remapping-2.3.5.tgz 0ms (cache hit)
4051 http cache @tailwindcss/oxide@https://registry.npmjs.org/@tailwindcss/oxide/-/oxide-4.3.3.tgz 0ms (cache hit)
4052 http cache @tailwindcss/node@https://registry.npmjs.org/@tailwindcss/node/-/node-4.3.3.tgz 0ms (cache hit)
4053 http cache iceberg-js@https://registry.npmjs.org/iceberg-js/-/iceberg-js-0.8.1.tgz 0ms (cache hit)
4054 http cache @supabase/storage-js@https://registry.npmjs.org/@supabase/storage-js/-/storage-js-2.116.0.tgz 0ms (cache hit)
4055 http cache @supabase/phoenix@https://registry.npmjs.org/@supabase/phoenix/-/phoenix-0.4.5.tgz 0ms (cache hit)
4056 http cache tslib@https://registry.npmjs.org/tslib/-/tslib-2.8.1.tgz 0ms (cache hit)
4057 http cache @supabase/realtime-js@https://registry.npmjs.org/@supabase/realtime-js/-/realtime-js-2.116.0.tgz 0ms (cache hit)
4058 http cache @supabase/postgrest-js@https://registry.npmjs.org/@supabase/postgrest-js/-/postgrest-js-2.116.0.tgz 0ms (cache hit)
4059 http cache @supabase/functions-js@https://registry.npmjs.org/@supabase/functions-js/-/functions-js-2.116.0.tgz 0ms (cache hit)
4060 http cache @supabase/auth-js@https://registry.npmjs.org/@supabase/auth-js/-/auth-js-2.116.0.tgz 0ms (cache hit)
4061 http cache @radix-ui/number@https://registry.npmjs.org/@radix-ui/number/-/number-1.1.3.tgz 1ms (cache hit)
4062 http cache @floating-ui/utils@https://registry.npmjs.org/@floating-ui/utils/-/utils-0.2.12.tgz 0ms (cache hit)
4063 http cache @floating-ui/core@https://registry.npmjs.org/@floating-ui/core/-/core-1.8.0.tgz 0ms (cache hit)
4064 http cache @floating-ui/dom@https://registry.npmjs.org/@floating-ui/dom/-/dom-1.8.0.tgz 0ms (cache hit)
4065 http cache @radix-ui/rect@https://registry.npmjs.org/@radix-ui/rect/-/rect-1.1.3.tgz 1ms (cache hit)
4066 http cache @radix-ui/react-use-rect@https://registry.npmjs.org/@radix-ui/react-use-rect/-/react-use-rect-1.1.4.tgz 1ms (cache hit)
4067 http cache @radix-ui/react-arrow@https://registry.npmjs.org/@radix-ui/react-arrow/-/react-arrow-1.1.15.tgz 1ms (cache hit)
4068 http cache @floating-ui/react-dom@https://registry.npmjs.org/@floating-ui/react-dom/-/react-dom-2.1.9.tgz 0ms (cache hit)
4069 http cache @radix-ui/react-visually-hidden@https://registry.npmjs.org/@radix-ui/react-visually-hidden/-/react-visually-hidden-1.2.11.tgz 0ms (cache hit)
4070 http cache @radix-ui/react-use-previous@https://registry.npmjs.org/@radix-ui/react-use-previous/-/react-use-previous-1.1.4.tgz 0ms (cache hit)
4071 http cache @radix-ui/react-roving-focus@https://registry.npmjs.org/@radix-ui/react-roving-focus/-/react-roving-focus-1.1.19.tgz 0ms (cache hit)
4072 http cache @radix-ui/react-popper@https://registry.npmjs.org/@radix-ui/react-popper/-/react-popper-1.3.7.tgz 0ms (cache hit)
4073 http cache @radix-ui/react-use-effect-event@https://registry.npmjs.org/@radix-ui/react-use-effect-event/-/react-use-effect-event-0.0.5.tgz 0ms (cache hit)
4074 http cache react-remove-scroll@https://registry.npmjs.org/react-remove-scroll/-/react-remove-scroll-2.7.2.tgz 0ms (cache hit)
4075 http cache aria-hidden@https://registry.npmjs.org/aria-hidden/-/aria-hidden-1.2.6.tgz 0ms (cache hit)
4076 http cache @radix-ui/react-portal@https://registry.npmjs.org/@radix-ui/react-portal/-/react-portal-1.1.17.tgz 0ms (cache hit)
4077 http cache @radix-ui/react-focus-scope@https://registry.npmjs.org/@radix-ui/react-focus-scope/-/react-focus-scope-1.1.16.tgz 0ms (cache hit)
4078 http cache @radix-ui/react-focus-guards@https://registry.npmjs.org/@radix-ui/react-focus-guards/-/react-focus-guards-1.1.6.tgz 0ms (cache hit)
4079 http cache @radix-ui/react-dismissable-layer@https://registry.npmjs.org/@radix-ui/react-dismissable-layer/-/react-dismissable-layer-1.1.19.tgz 0ms (cache hit)
4080 http cache @radix-ui/react-menu@https://registry.npmjs.org/@radix-ui/react-menu/-/react-menu-2.1.24.tgz 0ms (cache hit)
4081 http cache @radix-ui/react-use-size@https://registry.npmjs.org/@radix-ui/react-use-size/-/react-use-size-1.1.4.tgz 0ms (cache hit)
4082 http cache @radix-ui/react-presence@https://registry.npmjs.org/@radix-ui/react-presence/-/react-presence-1.1.10.tgz 1ms (cache hit)
4083 http cache @radix-ui/react-use-layout-effect@https://registry.npmjs.org/@radix-ui/react-use-layout-effect/-/react-use-layout-effect-1.1.4.tgz 0ms (cache hit)
4084 http cache @radix-ui/react-use-is-hydrated@https://registry.npmjs.org/@radix-ui/react-use-is-hydrated/-/react-use-is-hydrated-0.1.3.tgz 0ms (cache hit)
4085 http cache @radix-ui/react-use-callback-ref@https://registry.npmjs.org/@radix-ui/react-use-callback-ref/-/react-use-callback-ref-1.1.4.tgz 0ms (cache hit)
4086 http cache @radix-ui/react-use-controllable-state@https://registry.npmjs.org/@radix-ui/react-use-controllable-state/-/react-use-controllable-state-1.2.6.tgz 0ms (cache hit)
4087 http cache @radix-ui/react-primitive@https://registry.npmjs.org/@radix-ui/react-primitive/-/react-primitive-2.1.10.tgz 0ms (cache hit)
4088 http cache @radix-ui/react-id@https://registry.npmjs.org/@radix-ui/react-id/-/react-id-1.1.4.tgz 0ms (cache hit)
4089 http cache @radix-ui/react-direction@https://registry.npmjs.org/@radix-ui/react-direction/-/react-direction-1.1.4.tgz 0ms (cache hit)
4090 http cache @radix-ui/react-context@https://registry.npmjs.org/@radix-ui/react-context/-/react-context-1.2.2.tgz 0ms (cache hit)
4091 http cache @radix-ui/react-compose-refs@https://registry.npmjs.org/@radix-ui/react-compose-refs/-/react-compose-refs-1.1.5.tgz 0ms (cache hit)
4092 http cache @radix-ui/react-collection@https://registry.npmjs.org/@radix-ui/react-collection/-/react-collection-1.1.15.tgz 0ms (cache hit)
4093 http cache @radix-ui/primitive@https://registry.npmjs.org/@radix-ui/primitive/-/primitive-1.1.7.tgz 0ms (cache hit)
4094 http cache lightningcss@https://registry.npmjs.org/lightningcss/-/lightningcss-1.33.0.tgz 0ms (cache hit)
4095 http cache @tanstack/devtools-vite@https://registry.npmjs.org/@tanstack/devtools-vite/-/devtools-vite-0.8.5.tgz 1ms (cache hit)
4096 http cache zod@https://registry.npmjs.org/zod/-/zod-3.25.76.tgz 0ms (cache hit)
4097 http cache @standard-schema/utils@https://registry.npmjs.org/@standard-schema/utils/-/utils-0.3.0.tgz 0ms (cache hit)
4098 http cache vaul@https://registry.npmjs.org/vaul/-/vaul-1.1.2.tgz 1ms (cache hit)
4099 http cache typescript-eslint@https://registry.npmjs.org/typescript-eslint/-/typescript-eslint-8.70.0.tgz 0ms (cache hit)
4100 http cache typescript@https://registry.npmjs.org/typescript/-/typescript-5.9.3.tgz 0ms (cache hit)
4101 http cache tw-animate-css@https://registry.npmjs.org/tw-animate-css/-/tw-animate-css-1.4.0.tgz 1ms (cache hit)
4102 http cache tailwindcss@https://registry.npmjs.org/tailwindcss/-/tailwindcss-4.3.3.tgz 0ms (cache hit)
4103 http cache tailwind-merge@https://registry.npmjs.org/tailwind-merge/-/tailwind-merge-3.7.0.tgz 1ms (cache hit)
4104 http cache sonner@https://registry.npmjs.org/sonner/-/sonner-2.0.8.tgz 0ms (cache hit)
4105 http cache recharts@https://registry.npmjs.org/recharts/-/recharts-2.15.4.tgz 0ms (cache hit)
4106 http cache react-resizable-panels@https://registry.npmjs.org/react-resizable-panels/-/react-resizable-panels-4.12.4.tgz 1ms (cache hit)
4107 http cache react-day-picker@https://registry.npmjs.org/react-day-picker/-/react-day-picker-9.14.0.tgz 1ms (cache hit)
4108 http cache postgres@https://registry.npmjs.org/postgres/-/postgres-3.4.9.tgz 0ms (cache hit)
4109 http cache nitro@https://registry.npmjs.org/nitro/-/nitro-3.0.260603-beta.tgz 0ms (cache hit)
4110 http cache lucide-react@https://registry.npmjs.org/lucide-react/-/lucide-react-0.575.0.tgz 0ms (cache hit)
4111 http cache input-otp@https://registry.npmjs.org/input-otp/-/input-otp-1.5.0.tgz 0ms (cache hit)
4112 http cache globals@https://registry.npmjs.org/globals/-/globals-15.15.0.tgz 0ms (cache hit)
4113 http cache eslint-plugin-react-refresh@https://registry.npmjs.org/eslint-plugin-react-refresh/-/eslint-plugin-react-refresh-0.4.26.tgz 0ms (cache hit)
4114 http cache eslint-plugin-react-hooks@https://registry.npmjs.org/eslint-plugin-react-hooks/-/eslint-plugin-react-hooks-5.2.0.tgz 0ms (cache hit)
4115 http cache prettier@https://registry.npmjs.org/prettier/-/prettier-3.9.8.tgz 0ms (cache hit)
4116 http cache eslint-config-prettier@https://registry.npmjs.org/eslint-config-prettier/-/eslint-config-prettier-10.1.8.tgz 0ms (cache hit)
4117 http cache eslint@https://registry.npmjs.org/eslint/-/eslint-9.39.5.tgz 0ms (cache hit)
4118 http cache embla-carousel-react@https://registry.npmjs.org/embla-carousel-react/-/embla-carousel-react-8.6.0.tgz 0ms (cache hit)
4119 http cache drizzle-orm@https://registry.npmjs.org/drizzle-orm/-/drizzle-orm-0.45.2.tgz 0ms (cache hit)
4120 http cache drizzle-kit@https://registry.npmjs.org/drizzle-kit/-/drizzle-kit-0.31.10.tgz 0ms (cache hit)
4121 http cache date-fns@https://registry.npmjs.org/date-fns/-/date-fns-4.4.0.tgz 0ms (cache hit)
4122 http cache cmdk@https://registry.npmjs.org/cmdk/-/cmdk-1.1.1.tgz 0ms (cache hit)
4123 http cache clsx@https://registry.npmjs.org/clsx/-/clsx-2.1.1.tgz 0ms (cache hit)
4124 http cache class-variance-authority@https://registry.npmjs.org/class-variance-authority/-/class-variance-authority-0.7.1.tgz 0ms (cache hit)
4125 http cache @types/react-dom@https://registry.npmjs.org/@types/react-dom/-/react-dom-19.3.0.tgz 0ms (cache hit)
4126 http cache @types/react@https://registry.npmjs.org/@types/react/-/react-19.3.0.tgz 0ms (cache hit)
4127 http cache @types/node@https://registry.npmjs.org/@types/node/-/node-22.20.3.tgz 0ms (cache hit)
4128 http cache @tanstack/router-plugin@https://registry.npmjs.org/@tanstack/router-plugin/-/router-plugin-1.168.23.tgz 0ms (cache hit)
4129 http cache @tanstack/react-router@https://registry.npmjs.org/@tanstack/react-router/-/react-router-1.170.18.tgz 0ms (cache hit)
4130 http cache @tanstack/react-query@https://registry.npmjs.org/@tanstack/react-query/-/react-query-5.103.1.tgz 0ms (cache hit)
4131 http cache @radix-ui/react-tooltip@https://registry.npmjs.org/@radix-ui/react-tooltip/-/react-tooltip-1.2.16.tgz 0ms (cache hit)
4132 http cache @supabase/supabase-js@https://registry.npmjs.org/@supabase/supabase-js/-/supabase-js-2.116.0.tgz 0ms (cache hit)
4133 http cache @radix-ui/react-toggle-group@https://registry.npmjs.org/@radix-ui/react-toggle-group/-/react-toggle-group-1.1.19.tgz 0ms (cache hit)
4134 http cache @radix-ui/react-toggle@https://registry.npmjs.org/@radix-ui/react-toggle/-/react-toggle-1.1.18.tgz 0ms (cache hit)
4135 http cache @radix-ui/react-tabs@https://registry.npmjs.org/@radix-ui/react-tabs/-/react-tabs-1.1.21.tgz 0ms (cache hit)
4136 http cache @radix-ui/react-switch@https://registry.npmjs.org/@radix-ui/react-switch/-/react-switch-1.3.7.tgz 1ms (cache hit)
4137 http cache @radix-ui/react-slot@https://registry.npmjs.org/@radix-ui/react-slot/-/react-slot-1.3.3.tgz 0ms (cache hit)
4138 http cache @radix-ui/react-slider@https://registry.npmjs.org/@radix-ui/react-slider/-/react-slider-1.4.7.tgz 0ms (cache hit)
4139 http cache @radix-ui/react-separator@https://registry.npmjs.org/@radix-ui/react-separator/-/react-separator-1.1.15.tgz 1ms (cache hit)
4140 http cache @radix-ui/react-select@https://registry.npmjs.org/@radix-ui/react-select/-/react-select-2.3.7.tgz 0ms (cache hit)
4141 http cache @radix-ui/react-scroll-area@https://registry.npmjs.org/@radix-ui/react-scroll-area/-/react-scroll-area-1.2.18.tgz 0ms (cache hit)
4142 http cache eslint-plugin-prettier@https://registry.npmjs.org/eslint-plugin-prettier/-/eslint-plugin-prettier-5.5.6.tgz 1ms (cache hit)
4143 http cache @radix-ui/react-radio-group@https://registry.npmjs.org/@radix-ui/react-radio-group/-/react-radio-group-1.4.7.tgz 0ms (cache hit)
4144 http cache @radix-ui/react-popover@https://registry.npmjs.org/@radix-ui/react-popover/-/react-popover-1.1.23.tgz 0ms (cache hit)
4145 http cache @radix-ui/react-progress@https://registry.npmjs.org/@radix-ui/react-progress/-/react-progress-1.1.16.tgz 0ms (cache hit)
4146 http cache @radix-ui/react-navigation-menu@https://registry.npmjs.org/@radix-ui/react-navigation-menu/-/react-navigation-menu-1.2.22.tgz 0ms (cache hit)
4147 http cache @radix-ui/react-menubar@https://registry.npmjs.org/@radix-ui/react-menubar/-/react-menubar-1.1.24.tgz 0ms (cache hit)
4148 http cache @radix-ui/react-label@https://registry.npmjs.org/@radix-ui/react-label/-/react-label-2.1.15.tgz 0ms (cache hit)
4149 http cache @radix-ui/react-hover-card@https://registry.npmjs.org/@radix-ui/react-hover-card/-/react-hover-card-1.1.23.tgz 0ms (cache hit)
4150 http cache @radix-ui/react-dropdown-menu@https://registry.npmjs.org/@radix-ui/react-dropdown-menu/-/react-dropdown-menu-2.1.24.tgz 0ms (cache hit)
4151 http cache @radix-ui/react-dialog@https://registry.npmjs.org/@radix-ui/react-dialog/-/react-dialog-1.1.23.tgz 0ms (cache hit)
4152 http cache @radix-ui/react-context-menu@https://registry.npmjs.org/@radix-ui/react-context-menu/-/react-context-menu-2.3.7.tgz 0ms (cache hit)
4153 http cache @radix-ui/react-collapsible@https://registry.npmjs.org/@radix-ui/react-collapsible/-/react-collapsible-1.1.20.tgz 0ms (cache hit)
4154 http cache @radix-ui/react-checkbox@https://registry.npmjs.org/@radix-ui/react-checkbox/-/react-checkbox-1.3.11.tgz 0ms (cache hit)
4155 http cache @radix-ui/react-avatar@https://registry.npmjs.org/@radix-ui/react-avatar/-/react-avatar-1.2.6.tgz 0ms (cache hit)
4156 http cache @radix-ui/react-aspect-ratio@https://registry.npmjs.org/@radix-ui/react-aspect-ratio/-/react-aspect-ratio-1.1.15.tgz 0ms (cache hit)
4157 http cache @radix-ui/react-alert-dialog@https://registry.npmjs.org/@radix-ui/react-alert-dialog/-/react-alert-dialog-1.1.23.tgz 0ms (cache hit)
4158 http cache @radix-ui/react-accordion@https://registry.npmjs.org/@radix-ui/react-accordion/-/react-accordion-1.2.20.tgz 0ms (cache hit)
4159 http cache @vitejs/plugin-react@https://registry.npmjs.org/@vitejs/plugin-react/-/plugin-react-5.2.0.tgz 0ms (cache hit)
4160 http cache @tanstack/react-start@https://registry.npmjs.org/@tanstack/react-start/-/react-start-1.168.32.tgz 0ms (cache hit)
4161 http cache vite-tsconfig-paths@https://registry.npmjs.org/vite-tsconfig-paths/-/vite-tsconfig-paths-6.1.1.tgz 0ms (cache hit)
4162 http cache @tailwindcss/vite@https://registry.npmjs.org/@tailwindcss/vite/-/vite-4.3.3.tgz 0ms (cache hit)
4163 http cache vite@https://registry.npmjs.org/vite/-/vite-8.1.5.tgz 0ms (cache hit)
4164 http cache @lovable.dev/vite-tanstack-config@https://registry.npmjs.org/@lovable.dev/vite-tanstack-config/-/vite-tanstack-config-2.23.0.tgz 0ms (cache hit)
4165 http cache react@https://registry.npmjs.org/react/-/react-19.3.0.tgz 0ms (cache hit)
4166 http cache react-hook-form@https://registry.npmjs.org/react-hook-form/-/react-hook-form-7.88.0.tgz 0ms (cache hit)
4167 http cache @hookform/resolvers@https://registry.npmjs.org/@hookform/resolvers/-/resolvers-5.9.1.tgz 0ms (cache hit)
4168 http cache react-dom@https://registry.npmjs.org/react-dom/-/react-dom-19.3.0.tgz 0ms (cache hit)
4169 http cache eslint-visitor-keys@https://registry.npmjs.org/eslint-visitor-keys/-/eslint-visitor-keys-5.0.1.tgz 0ms (cache hit)
4170 http cache balanced-match@https://registry.npmjs.org/balanced-match/-/balanced-match-4.0.4.tgz 0ms (cache hit)
4171 http cache brace-expansion@https://registry.npmjs.org/brace-expansion/-/brace-expansion-5.0.12.tgz 0ms (cache hit)
4172 http cache semver@https://registry.npmjs.org/semver/-/semver-7.8.5.tgz 0ms (cache hit)
4173 http cache minimatch@https://registry.npmjs.org/minimatch/-/minimatch-10.2.6.tgz 0ms (cache hit)
4174 http cache ignore@https://registry.npmjs.org/ignore/-/ignore-7.0.9.tgz 0ms (cache hit)
4175 http cache @emnapi/wasi-threads@https://registry.npmjs.org/@emnapi/wasi-threads/-/wasi-threads-2.0.1.tgz 0ms (cache hit)
4176 http cache @emnapi/runtime@https://registry.npmjs.org/@emnapi/runtime/-/runtime-2.0.0-alpha.3.tgz 0ms (cache hit)
4177 http cache @emnapi/core@https://registry.npmjs.org/@emnapi/core/-/core-2.0.0-alpha.3.tgz 0ms (cache hit)
4178 http cache react-is@https://registry.npmjs.org/react-is/-/react-is-16.13.1.tgz 0ms (cache hit)
4179 http cache @oxc-project/types@https://registry.npmjs.org/@oxc-project/types/-/types-0.142.0.tgz 0ms (cache hit)
4180 http cache @rolldown/pluginutils@https://registry.npmjs.org/@rolldown/pluginutils/-/pluginutils-1.0.1.tgz 0ms (cache hit)
4181 http cache srvx@https://registry.npmjs.org/srvx/-/srvx-1.0.5.tgz 1ms (cache hit)
4182 http cache rou3@https://registry.npmjs.org/rou3/-/rou3-0.9.2.tgz 1ms (cache hit)
4183 http cache json-schema-traverse@https://registry.npmjs.org/json-schema-traverse/-/json-schema-traverse-0.4.1.tgz 0ms (cache hit)
4184 http cache ajv@https://registry.npmjs.org/ajv/-/ajv-6.15.0.tgz 1ms (cache hit)
4185 http cache globals@https://registry.npmjs.org/globals/-/globals-14.0.0.tgz 0ms (cache hit)
4186 http cache eslint-visitor-keys@https://registry.npmjs.org/eslint-visitor-keys/-/eslint-visitor-keys-3.4.3.tgz 1ms (cache hit)
4187 http cache source-map@https://registry.npmjs.org/source-map/-/source-map-0.6.1.tgz 0ms (cache hit)
4188 http cache @esbuild/android-arm64@https://registry.npmjs.org/@esbuild/android-arm64/-/android-arm64-0.18.20.tgz 0ms (cache hit)
4189 http cache esbuild@https://registry.npmjs.org/esbuild/-/esbuild-0.18.20.tgz 0ms (cache hit)
4190 http cache zod@https://registry.npmjs.org/zod/-/zod-4.6.5.tgz 0ms (cache hit)
4191 http cache zod@https://registry.npmjs.org/zod/-/zod-4.6.5.tgz 0ms (cache hit)
4192 http cache @babel/code-frame@https://registry.npmjs.org/@babel/code-frame/-/code-frame-7.27.1.tgz 0ms (cache hit)
4193 http cache lightningcss-android-arm64@https://registry.npmjs.org/lightningcss-android-arm64/-/lightningcss-android-arm64-1.32.0.tgz 0ms (cache hit)
4194 http cache lightningcss@https://registry.npmjs.org/lightningcss/-/lightningcss-1.32.0.tgz 0ms (cache hit)
4195 http cache ocache@https://registry.npmjs.org/ocache/-/ocache-0.1.5.tgz 0ms (cache hit)
4196 http cache json-schema-traverse@https://registry.npmjs.org/json-schema-traverse/-/json-schema-traverse-0.4.1.tgz 0ms (cache hit)
4197 http cache ajv@https://registry.npmjs.org/ajv/-/ajv-6.15.0.tgz 0ms (cache hit)
4198 http cache chalk@https://registry.npmjs.org/chalk/-/chalk-4.1.2.tgz 0ms (cache hit)
4199 http cache @esbuild/android-arm64@https://registry.npmjs.org/@esbuild/android-arm64/-/android-arm64-0.25.12.tgz 0ms (cache hit)
4200 http cache esbuild@https://registry.npmjs.org/esbuild/-/esbuild-0.25.12.tgz 0ms (cache hit)
4201 http cache zod@https://registry.npmjs.org/zod/-/zod-4.6.5.tgz 0ms (cache hit)
4202 http cache @eslint/js@https://registry.npmjs.org/@eslint/js/-/js-9.39.5.tgz 0ms (cache hit)
4203 silly tarball no local data for electron-to-chromium@https://registry.npmjs.org/electron-to-chromium/-/electron-to-chromium-1.5.431.tgz. Extracting by manifest.
4204 http fetch POST 200 https://registry.npmjs.org/-/npm/v1/security/advisories/bulk 2930ms
4205 silly audit report {
4205 silly audit report   esbuild: [
4205 silly audit report     {
4205 silly audit report       id: 1102341,
4205 silly audit report       url: 'https://github.com/advisories/GHSA-67mh-4wv8-2f99',
4205 silly audit report       title: 'esbuild enables any website to send any requests to the development server and read the response',
4205 silly audit report       severity: 'moderate',
4205 silly audit report       vulnerable_versions: '<=0.24.2',
4205 silly audit report       cwe: [Array],
4205 silly audit report       cvss: [Object]
4205 silly audit report     }
4205 silly audit report   ]
4205 silly audit report }
4206 silly packumentCache corgi:https://registry.npmjs.org/esbuild cache-miss
4207 warn deprecated @esbuild-kit/esm-loader@2.6.5: Merged into tsx: https://tsx.hirok.io
4208 warn deprecated @esbuild-kit/core-utils@3.3.2: Merged into tsx: https://tsx.hirok.io
4209 http fetch GET 200 https://registry.npmjs.org/esbuild 11458ms (cache revalidated)
4210 silly packumentCache corgi:https://registry.npmjs.org/esbuild set size:889133 disposed:false
4211 silly packumentCache corgi:https://registry.npmjs.org/@esbuild-kit%2fcore-utils cache-miss
4212 http fetch GET 200 https://registry.npmjs.org/electron-to-chromium/-/electron-to-chromium-1.5.431.tgz 11922ms (cache miss)
4213 warn deprecated tsconfck@3.1.6: unmaintained
4214 http fetch GET 200 https://registry.npmjs.org/@esbuild-kit%2fcore-utils 1188ms (cache revalidated)
4215 silly packumentCache corgi:https://registry.npmjs.org/@esbuild-kit%2fcore-utils set size:50200 disposed:false
4216 silly packumentCache corgi:https://registry.npmjs.org/@esbuild-kit%2fesm-loader cache-miss
4217 http fetch GET 200 https://registry.npmjs.org/@esbuild-kit%2fesm-loader 798ms (cache revalidated)
4218 silly packumentCache corgi:https://registry.npmjs.org/@esbuild-kit%2fesm-loader set size:48382 disposed:false
4219 silly packumentCache corgi:https://registry.npmjs.org/drizzle-kit cache-miss
4220 http fetch GET 200 https://registry.npmjs.org/drizzle-kit 767ms (cache revalidated)
4221 silly packumentCache corgi:https://registry.npmjs.org/drizzle-kit set size:1241444 disposed:false
4222 warn deprecated recharts@2.15.4: 1.x and 2.x branches are no longer active. Bump to Recharts v3 to receive latest features and bugfixes. See https://github.com/recharts/recharts/wiki/3.0-migration-guide
4223 warn deprecated eslint@9.39.5: This version is no longer supported. Please see https://eslint.org/version-support for other options.
4224 info run esbuild@0.28.2 postinstall node_modules/esbuild node install.js
4225 info run esbuild@0.18.20 postinstall node_modules/@esbuild-kit/core-utils/node_modules/esbuild node install.js
4226 info run esbuild@0.25.12 postinstall node_modules/drizzle-kit/node_modules/esbuild node install.js
4227 info run esbuild@0.28.2 postinstall { code: 0, signal: null }
4228 info run esbuild@0.18.20 postinstall { code: 0, signal: null }
4229 info run esbuild@0.25.12 postinstall { code: 0, signal: null }
4230 silly ADD node_modules/has-flag
4231 silly ADD node_modules/color-name
4232 silly ADD node_modules/color-convert
4233 silly ADD node_modules/supports-color
4234 silly ADD node_modules/ansi-styles
4235 silly ADD node_modules/punycode
4236 silly ADD node_modules/uri-js
4237 silly ADD node_modules/fast-json-stable-stringify
4238 silly ADD node_modules/@oozcitak/url
4239 silly ADD node_modules/@oozcitak/util
4240 silly ADD node_modules/@oozcitak/infra
4241 silly ADD node_modules/@oozcitak/dom
4242 silly ADD node_modules/isexe
4243 silly ADD node_modules/tsconfck
4244 silly ADD node_modules/globrex
4245 silly ADD node_modules/nanoid
4246 silly ADD node_modules/@esbuild/android-arm64
4247 silly ADD node_modules/postcss
4248 silly ADD node_modules/esbuild
4249 silly ADD node_modules/d3-path
4250 silly ADD node_modules/d3-time-format
4251 silly ADD node_modules/d3-format
4252 silly ADD node_modules/d3-color
4253 silly ADD node_modules/internmap
4254 silly ADD node_modules/@types/d3-path
4255 silly ADD node_modules/@types/d3-color
4256 silly ADD node_modules/d3-timer
4257 silly ADD node_modules/d3-time
4258 silly ADD node_modules/d3-shape
4259 silly ADD node_modules/d3-scale
4260 silly ADD node_modules/d3-interpolate
4261 silly ADD node_modules/d3-ease
4262 silly ADD node_modules/d3-array
4263 silly ADD node_modules/@types/d3-timer
4264 silly ADD node_modules/@types/d3-time
4265 silly ADD node_modules/@types/d3-shape
4266 silly ADD node_modules/@types/d3-scale
4267 silly ADD node_modules/@types/d3-interpolate
4268 silly ADD node_modules/@types/d3-ease
4269 silly ADD node_modules/@types/d3-array
4270 silly ADD node_modules/detect-node-es
4271 silly ADD node_modules/escalade
4272 silly ADD node_modules/webpack-virtual-modules
4273 silly ADD node_modules/@typescript-eslint/tsconfig-utils
4274 silly ADD node_modules/@typescript-eslint/project-service
4275 silly ADD node_modules/@typescript-eslint/types
4276 silly ADD node_modules/ts-api-utils
4277 silly ADD node_modules/@typescript-eslint/visitor-keys
4278 silly ADD node_modules/@typescript-eslint/visitor-keys/node_modules/eslint-visitor-keys
4279 silly ADD node_modules/@typescript-eslint/type-utils
4280 silly ADD node_modules/@typescript-eslint/scope-manager
4281 silly ADD node_modules/@typescript-eslint/utils
4282 silly ADD node_modules/@typescript-eslint/typescript-estree
4283 silly ADD node_modules/@typescript-eslint/typescript-estree/node_modules/balanced-match
4284 silly ADD node_modules/@typescript-eslint/typescript-estree/node_modules/brace-expansion
4285 silly ADD node_modules/@typescript-eslint/typescript-estree/node_modules/semver
4286 silly ADD node_modules/@typescript-eslint/typescript-estree/node_modules/minimatch
4287 silly ADD node_modules/@typescript-eslint/parser
4288 silly ADD node_modules/@typescript-eslint/eslint-plugin
4289 silly ADD node_modules/@typescript-eslint/eslint-plugin/node_modules/ignore
4290 silly ADD node_modules/fdir
4291 silly ADD node_modules/@pkgr/core
4292 silly ADD node_modules/buffer-from
4293 silly ADD node_modules/shebang-regex
4294 silly ADD node_modules/@rolldown/binding-wasm32-wasi
4295 silly ADD node_modules/@rolldown/binding-wasm32-wasi/node_modules/@emnapi/wasi-threads
4296 silly ADD node_modules/@rolldown/binding-wasm32-wasi/node_modules/@emnapi/runtime
4297 silly ADD node_modules/@rolldown/binding-wasm32-wasi/node_modules/@emnapi/core
4298 silly ADD node_modules/@rolldown/binding-android-arm64
4299 silly ADD node_modules/decimal.js-light
4300 silly ADD node_modules/dom-helpers
4301 silly ADD node_modules/@babel/runtime
4302 silly ADD node_modules/object-assign
4303 silly ADD node_modules/loose-envify
4304 silly ADD node_modules/react-transition-group
4305 silly ADD node_modules/prop-types
4306 silly ADD node_modules/prop-types/node_modules/react-is
4307 silly ADD node_modules/fast-equals
4308 silly ADD node_modules/victory-vendor
4309 silly ADD node_modules/tiny-invariant
4310 silly ADD node_modules/recharts-scale
4311 silly ADD node_modules/react-smooth
4312 silly ADD node_modules/react-is
4313 silly ADD node_modules/lodash
4314 silly ADD node_modules/eventemitter3
4315 silly ADD node_modules/get-nonce
4316 silly ADD node_modules/use-sidecar
4317 silly ADD node_modules/use-callback-ref
4318 silly ADD node_modules/react-style-singleton
4319 silly ADD node_modules/react-remove-scroll-bar
4320 silly ADD node_modules/scheduler
4321 silly ADD node_modules/date-fns-jalali
4322 silly ADD node_modules/@tabby_ai/hijri-converter
4323 silly ADD node_modules/@date-fns/tz
4324 silly ADD node_modules/fast-diff
4325 silly ADD node_modules/callsites
4326 silly ADD node_modules/yocto-queue
4327 silly ADD node_modules/p-limit
4328 silly ADD node_modules/@tybys/wasm-util
4329 silly ADD node_modules/@emnapi/wasi-threads
4330 silly ADD node_modules/@emnapi/runtime
4331 silly ADD node_modules/@emnapi/core
4332 silly ADD node_modules/@napi-rs/wasm-runtime
4333 silly ADD node_modules/@oxc-project/types
4334 silly ADD node_modules/@oxc-parser/binding-android-arm64
4335 silly ADD node_modules/word-wrap
4336 silly ADD node_modules/fast-levenshtein
4337 silly ADD node_modules/deep-is
4338 silly ADD node_modules/ocache
4339 silly ADD node_modules/httpxy
4340 silly ADD node_modules/unstorage
4341 silly ADD node_modules/unenv
4342 silly ADD node_modules/rolldown
4343 silly ADD node_modules/rolldown/node_modules/@rolldown/pluginutils
4344 silly ADD node_modules/rolldown/node_modules/@oxc-project/types
4345 silly ADD node_modules/ohash
4346 silly ADD node_modules/ofetch
4347 silly ADD node_modules/nf3
4348 silly ADD node_modules/hookable
4349 silly ADD node_modules/h3
4350 silly ADD node_modules/h3/node_modules/srvx
4351 silly ADD node_modules/h3/node_modules/rou3
4352 silly ADD node_modules/env-runner
4353 silly ADD node_modules/db0
4354 silly ADD node_modules/crossws
4355 silly ADD node_modules/consola
4356 silly ADD node_modules/concat-map
4357 silly ADD node_modules/balanced-match
4358 silly ADD node_modules/brace-expansion
4359 silly ADD node_modules/yallist
4360 silly ADD node_modules/p-locate
4361 silly ADD node_modules/lightningcss-android-arm64
4362 silly ADD node_modules/detect-libc
4363 silly ADD node_modules/type-check
4364 silly ADD node_modules/prelude-ls
4365 silly ADD node_modules/shell-quote
4366 silly ADD node_modules/json-buffer
4367 silly ADD node_modules/argparse
4368 silly ADD node_modules/is-extglob
4369 silly ADD node_modules/resolve-from
4370 silly ADD node_modules/parent-module
4371 silly ADD node_modules/rou3
4372 silly ADD node_modules/resolve-pkg-maps
4373 silly ADD node_modules/keyv
4374 silly ADD node_modules/flatted
4375 silly ADD node_modules/path-exists
4376 silly ADD node_modules/locate-path
4377 silly ADD node_modules/flat-cache
4378 silly ADD node_modules/acorn-jsx
4379 silly ADD node_modules/acorn
4380 silly ADD node_modules/estraverse
4381 silly ADD node_modules/esrecurse
4382 silly ADD node_modules/synckit
4383 silly ADD node_modules/prettier-linter-helpers
4384 silly ADD node_modules/which
4385 silly ADD node_modules/shebang-command
4386 silly ADD node_modules/path-key
4387 silly ADD node_modules/require-from-string
4388 silly ADD node_modules/json-schema-traverse
4389 silly ADD node_modules/fast-uri
4390 silly ADD node_modules/@humanfs/types
4391 silly ADD node_modules/@humanfs/core
4392 silly ADD node_modules/ajv
4393 silly ADD node_modules/levn
4394 silly ADD node_modules/strip-json-comments
4395 silly ADD node_modules/js-yaml
4396 silly ADD node_modules/import-fresh
4397 silly ADD node_modules/@types/json-schema
4398 silly ADD node_modules/@eslint/object-schema
4399 silly ADD node_modules/optionator
4400 silly ADD node_modules/natural-compare
4401 silly ADD node_modules/minimatch
4402 silly ADD node_modules/lodash.merge
4403 silly ADD node_modules/json-stable-stringify-without-jsonify
4404 silly ADD node_modules/is-glob
4405 silly ADD node_modules/imurmurhash
4406 silly ADD node_modules/ignore
4407 silly ADD node_modules/glob-parent
4408 silly ADD node_modules/find-up
4409 silly ADD node_modules/file-entry-cache
4410 silly ADD node_modules/fast-deep-equal
4411 silly ADD node_modules/esutils
4412 silly ADD node_modules/esquery
4413 silly ADD node_modules/espree
4414 silly ADD node_modules/eslint-visitor-keys
4415 silly ADD node_modules/eslint-scope
4416 silly ADD node_modules/escape-string-regexp
4417 silly ADD node_modules/cross-spawn
4418 silly ADD node_modules/@types/estree
4419 silly ADD node_modules/@humanwhocodes/retry
4420 silly ADD node_modules/@humanwhocodes/module-importer
4421 silly ADD node_modules/@humanfs/node
4422 silly ADD node_modules/@eslint/plugin-kit
4423 silly ADD node_modules/@eslint/eslintrc
4424 silly ADD node_modules/@eslint/eslintrc/node_modules/json-schema-traverse
4425 silly ADD node_modules/@eslint/eslintrc/node_modules/ajv
4426 silly ADD node_modules/@eslint/eslintrc/node_modules/globals
4427 silly ADD node_modules/@eslint/core
4428 silly ADD node_modules/@eslint/config-helpers
4429 silly ADD node_modules/@eslint/config-array
4430 silly ADD node_modules/@eslint-community/regexpp
4431 silly ADD node_modules/@eslint-community/eslint-utils
4432 silly ADD node_modules/@eslint-community/eslint-utils/node_modules/eslint-visitor-keys
4433 silly ADD node_modules/tapable
4434 silly ADD node_modules/graceful-fs
4435 silly ADD node_modules/embla-carousel-reactive-utils
4436 silly ADD node_modules/embla-carousel
4437 silly ADD node_modules/source-map-support
4438 silly ADD node_modules/source-map-support/node_modules/source-map
4439 silly ADD node_modules/get-tsconfig
4440 silly ADD node_modules/@esbuild-kit/core-utils
4441 silly ADD node_modules/@esbuild-kit/core-utils/node_modules/@esbuild/android-arm64
4442 silly ADD node_modules/@esbuild-kit/core-utils/node_modules/esbuild
4443 silly ADD node_modules/tsx
4444 silly ADD node_modules/@esbuild-kit/esm-loader
4445 silly ADD node_modules/@drizzle-team/brocli
4446 silly ADD node_modules/ms
4447 silly ADD node_modules/readdirp
4448 silly ADD node_modules/update-browserslist-db
4449 silly ADD node_modules/node-releases
4450 silly ADD node_modules/electron-to-chromium
4451 silly ADD node_modules/caniuse-lite
4452 silly ADD node_modules/baseline-browser-mapping
4453 silly ADD node_modules/@types/babel__traverse
4454 silly ADD node_modules/@types/babel__template
4455 silly ADD node_modules/@types/babel__generator
4456 silly ADD node_modules/@babel/helper-plugin-utils
4457 silly ADD node_modules/react-refresh
4458 silly ADD node_modules/@types/babel__core
4459 silly ADD node_modules/@rolldown/pluginutils
4460 silly ADD node_modules/@babel/plugin-transform-react-jsx-source
4461 silly ADD node_modules/@babel/plugin-transform-react-jsx-self
4462 silly ADD node_modules/csstype
4463 silly ADD node_modules/undici-types
4464 silly ADD node_modules/h3-v2
4465 silly ADD node_modules/fetchdts
4466 silly ADD node_modules/xmlbuilder2
4467 silly ADD node_modules/vitefu
4468 silly ADD node_modules/ufo
4469 silly ADD node_modules/srvx
4470 silly ADD node_modules/source-map
4471 silly ADD node_modules/exsolve
4472 silly ADD node_modules/tinyglobby
4473 silly ADD node_modules/diff
4474 silly ADD node_modules/babel-dead-code-elimination
4475 silly ADD node_modules/ansis
4476 silly ADD node_modules/@tanstack/virtual-file-routes
4477 silly ADD node_modules/@babel/helper-string-parser
4478 silly ADD node_modules/@babel/helper-globals
4479 silly ADD node_modules/@babel/helper-module-imports
4480 silly ADD node_modules/lru-cache
4481 silly ADD node_modules/browserslist
4482 silly ADD node_modules/@babel/helper-validator-option
4483 silly ADD node_modules/@babel/compat-data
4484 silly ADD node_modules/jsesc
4485 silly ADD node_modules/picocolors
4486 silly ADD node_modules/js-tokens
4487 silly ADD node_modules/@babel/helper-validator-identifier
4488 silly ADD node_modules/semver
4489 silly ADD node_modules/json5
4490 silly ADD node_modules/gensync
4491 silly ADD node_modules/debug
4492 silly ADD node_modules/convert-source-map
4493 silly ADD node_modules/@babel/traverse
4494 silly ADD node_modules/@babel/parser
4495 silly ADD node_modules/@babel/helpers
4496 silly ADD node_modules/@babel/helper-module-transforms
4497 silly ADD node_modules/@babel/helper-compilation-targets
4498 silly ADD node_modules/@babel/generator
4499 silly ADD node_modules/@babel/code-frame
4500 silly ADD node_modules/unplugin
4501 silly ADD node_modules/chokidar
4502 silly ADD node_modules/@tanstack/router-generator
4503 silly ADD node_modules/@tanstack/router-generator/node_modules/zod
4504 silly ADD node_modules/@babel/types
4505 silly ADD node_modules/@babel/template
4506 silly ADD node_modules/@babel/core
4507 silly ADD node_modules/seroval-plugins
4508 silly ADD node_modules/seroval
4509 silly ADD node_modules/cookie-es
4510 silly ADD node_modules/use-sync-external-store
4511 silly ADD node_modules/@tanstack/store
4512 silly ADD node_modules/@tanstack/start-storage-context
4513 silly ADD node_modules/@tanstack/start-fn-stubs
4514 silly ADD node_modules/pathe
4515 silly ADD node_modules/@tanstack/start-server-core
4516 silly ADD node_modules/@tanstack/start-plugin-core
4517 silly ADD node_modules/@tanstack/start-plugin-core/node_modules/zod
4518 silly ADD node_modules/@tanstack/start-plugin-core/node_modules/@babel/code-frame
4519 silly ADD node_modules/@tanstack/start-client-core
4520 silly ADD node_modules/@tanstack/router-utils
4521 silly ADD node_modules/@tanstack/react-start-server
4522 silly ADD node_modules/@tanstack/react-start-rsc
4523 silly ADD node_modules/@tanstack/react-start-client
4524 silly ADD node_modules/isbot
4525 silly ADD node_modules/@tanstack/router-core
4526 silly ADD node_modules/@tanstack/react-store
4527 silly ADD node_modules/@tanstack/history
4528 silly ADD node_modules/@tanstack/query-core
4529 silly ADD node_modules/ws
4530 silly ADD node_modules/@tanstack/devtools-event-client
4531 silly ADD node_modules/picomatch
4532 silly ADD node_modules/oxc-parser
4533 silly ADD node_modules/launch-editor
4534 silly ADD node_modules/chalk
4535 silly ADD node_modules/@tanstack/devtools-event-bus
4536 silly ADD node_modules/@tanstack/devtools-client
4537 silly ADD node_modules/@tanstack/devtools-bundler-core
4538 silly ADD node_modules/@tailwindcss/oxide-android-arm64
4539 silly ADD node_modules/@jridgewell/resolve-uri
4540 silly ADD node_modules/@jridgewell/sourcemap-codec
4541 silly ADD node_modules/@jridgewell/trace-mapping
4542 silly ADD node_modules/@jridgewell/gen-mapping
4543 silly ADD node_modules/source-map-js
4544 silly ADD node_modules/magic-string
4545 silly ADD node_modules/jiti
4546 silly ADD node_modules/enhanced-resolve
4547 silly ADD node_modules/@jridgewell/remapping
4548 silly ADD node_modules/@tailwindcss/oxide
4549 silly ADD node_modules/@tailwindcss/node
4550 silly ADD node_modules/@tailwindcss/node/node_modules/lightningcss-android-arm64
4551 silly ADD node_modules/@tailwindcss/node/node_modules/lightningcss
4552 silly ADD node_modules/iceberg-js
4553 silly ADD node_modules/@supabase/phoenix
4554 silly ADD node_modules/tslib
4555 silly ADD node_modules/@supabase/storage-js
4556 silly ADD node_modules/@supabase/realtime-js
4557 silly ADD node_modules/@supabase/postgrest-js
4558 silly ADD node_modules/@supabase/functions-js
4559 silly ADD node_modules/@supabase/auth-js
4560 silly ADD node_modules/@radix-ui/number
4561 silly ADD node_modules/@floating-ui/utils
4562 silly ADD node_modules/@floating-ui/core
4563 silly ADD node_modules/@floating-ui/dom
4564 silly ADD node_modules/@radix-ui/rect
4565 silly ADD node_modules/@radix-ui/react-use-rect
4566 silly ADD node_modules/@radix-ui/react-arrow
4567 silly ADD node_modules/@floating-ui/react-dom
4568 silly ADD node_modules/@radix-ui/react-visually-hidden
4569 silly ADD node_modules/@radix-ui/react-use-previous
4570 silly ADD node_modules/@radix-ui/react-roving-focus
4571 silly ADD node_modules/@radix-ui/react-popper
4572 silly ADD node_modules/@radix-ui/react-use-effect-event
4573 silly ADD node_modules/react-remove-scroll
4574 silly ADD node_modules/aria-hidden
4575 silly ADD node_modules/@radix-ui/react-portal
4576 silly ADD node_modules/@radix-ui/react-focus-scope
4577 silly ADD node_modules/@radix-ui/react-focus-guards
4578 silly ADD node_modules/@radix-ui/react-dismissable-layer
4579 silly ADD node_modules/@radix-ui/react-menu
4580 silly ADD node_modules/@radix-ui/react-use-size
4581 silly ADD node_modules/@radix-ui/react-presence
4582 silly ADD node_modules/@radix-ui/react-use-layout-effect
4583 silly ADD node_modules/@radix-ui/react-use-is-hydrated
4584 silly ADD node_modules/@radix-ui/react-use-callback-ref
4585 silly ADD node_modules/@radix-ui/react-use-controllable-state
4586 silly ADD node_modules/@radix-ui/react-primitive
4587 silly ADD node_modules/@radix-ui/react-id
4588 silly ADD node_modules/@radix-ui/react-direction
4589 silly ADD node_modules/@radix-ui/react-context
4590 silly ADD node_modules/@radix-ui/react-compose-refs
4591 silly ADD node_modules/@radix-ui/react-collection
4592 silly ADD node_modules/@radix-ui/primitive
4593 silly ADD node_modules/lightningcss
4594 silly ADD node_modules/@tanstack/devtools-vite
4595 silly ADD node_modules/@standard-schema/utils
4596 silly ADD node_modules/zod
4597 silly ADD node_modules/vaul
4598 silly ADD node_modules/typescript-eslint
4599 silly ADD node_modules/typescript
4600 silly ADD node_modules/tw-animate-css
4601 silly ADD node_modules/tailwindcss
4602 silly ADD node_modules/tailwind-merge
4603 silly ADD node_modules/sonner
4604 silly ADD node_modules/recharts
4605 silly ADD node_modules/react-resizable-panels
4606 silly ADD node_modules/react-day-picker
4607 silly ADD node_modules/postgres
4608 silly ADD node_modules/nitro
4609 silly ADD node_modules/nitro/node_modules/ocache
4610 silly ADD node_modules/lucide-react
4611 silly ADD node_modules/input-otp
4612 silly ADD node_modules/globals
4613 silly ADD node_modules/eslint-plugin-react-refresh
4614 silly ADD node_modules/eslint-plugin-react-hooks
4615 silly ADD node_modules/prettier
4616 silly ADD node_modules/eslint-plugin-prettier
4617 silly ADD node_modules/eslint-config-prettier
4618 silly ADD node_modules/eslint
4619 silly ADD node_modules/eslint/node_modules/json-schema-traverse
4620 silly ADD node_modules/eslint/node_modules/ajv
4621 silly ADD node_modules/eslint/node_modules/chalk
4622 silly ADD node_modules/embla-carousel-react
4623 silly ADD node_modules/drizzle-orm
4624 silly ADD node_modules/drizzle-kit
4625 silly ADD node_modules/drizzle-kit/node_modules/@esbuild/android-arm64
4626 silly ADD node_modules/drizzle-kit/node_modules/esbuild
4627 silly ADD node_modules/date-fns
4628 silly ADD node_modules/cmdk
4629 silly ADD node_modules/clsx
4630 silly ADD node_modules/class-variance-authority
4631 silly ADD node_modules/@types/react-dom
4632 silly ADD node_modules/@types/react
4633 silly ADD node_modules/@types/node
4634 silly ADD node_modules/@tanstack/router-plugin
4635 silly ADD node_modules/@tanstack/router-plugin/node_modules/zod
4636 silly ADD node_modules/@tanstack/react-router
4637 silly ADD node_modules/@tanstack/react-query
4638 silly ADD node_modules/@supabase/supabase-js
4639 silly ADD node_modules/@radix-ui/react-tooltip
4640 silly ADD node_modules/@radix-ui/react-toggle-group
4641 silly ADD node_modules/@radix-ui/react-toggle
4642 silly ADD node_modules/@radix-ui/react-tabs
4643 silly ADD node_modules/@radix-ui/react-switch
4644 silly ADD node_modules/@radix-ui/react-slot
4645 silly ADD node_modules/@radix-ui/react-slider
4646 silly ADD node_modules/@radix-ui/react-separator
4647 silly ADD node_modules/@radix-ui/react-select
4648 silly ADD node_modules/@radix-ui/react-scroll-area
4649 silly ADD node_modules/@radix-ui/react-radio-group
4650 silly ADD node_modules/@radix-ui/react-progress
4651 silly ADD node_modules/@radix-ui/react-popover
4652 silly ADD node_modules/@radix-ui/react-navigation-menu
4653 silly ADD node_modules/@radix-ui/react-menubar
4654 silly ADD node_modules/@radix-ui/react-label
4655 silly ADD node_modules/@radix-ui/react-hover-card
4656 silly ADD node_modules/@radix-ui/react-dropdown-menu
4657 silly ADD node_modules/@radix-ui/react-dialog
4658 silly ADD node_modules/@radix-ui/react-context-menu
4659 silly ADD node_modules/@radix-ui/react-collapsible
4660 silly ADD node_modules/@radix-ui/react-checkbox
4661 silly ADD node_modules/@radix-ui/react-avatar
4662 silly ADD node_modules/@radix-ui/react-aspect-ratio
4663 silly ADD node_modules/@radix-ui/react-alert-dialog
4664 silly ADD node_modules/@radix-ui/react-accordion
4665 silly ADD node_modules/react-dom
4666 silly ADD node_modules/@tanstack/react-start
4667 silly ADD node_modules/@vitejs/plugin-react
4668 silly ADD node_modules/vite-tsconfig-paths
4669 silly ADD node_modules/@tailwindcss/vite
4670 silly ADD node_modules/vite
4671 silly ADD node_modules/@lovable.dev/vite-tanstack-config
4672 silly ADD node_modules/react
4673 silly ADD node_modules/react-hook-form
4674 silly ADD node_modules/@hookform/resolvers
4675 silly ADD node_modules/@eslint/js
4676 warn allow-scripts 3 packages have install scripts not yet covered by allowScripts:
4676 warn allow-scripts   esbuild@0.18.20 (postinstall: node install.js)
4676 warn allow-scripts   esbuild@0.28.2 (postinstall: node install.js)
4676 warn allow-scripts   esbuild@0.25.12 (postinstall: node install.js)
4676 warn allow-scripts
4676 warn allow-scripts Run `npm approve-scripts --allow-scripts-pending` to review, or `npm approve-scripts <pkg>` to allow.
4677 verbose cwd /data/data/com.termux/files/home/turma-correto
4678 verbose os Linux 5.4.210-android12-9-g5debd08bbf29-ab912
4679 verbose node v26.3.1
4680 verbose npm  v11.17.0
4681 verbose exit 0
4682 info ok
