0 verbose cli /data/data/com.termux/files/usr/bin/node /data/data/com.termux/files/usr/bin/npm
1 info using npm@11.17.0
2 info using node@v26.3.1
3 silly config load:file:/data/data/com.termux/files/usr/lib/node_modules/npm/npmrc
4 silly config load:file:/data/data/com.termux/files/home/byandry/turma-7th-year-analysis-main/.npmrc
5 silly config load:file:/data/data/com.termux/files/home/.npmrc
6 silly config load:file:/data/data/com.termux/files/usr/etc/npmrc
7 verbose title npm install
8 verbose argv "install"
9 verbose logfile logs-max:10 dir:/data/data/com.termux/files/home/.npm/_logs/2026-09-17T21_53_54_006Z-
10 verbose logfile /data/data/com.termux/files/home/.npm/_logs/2026-09-17T21_53_54_006Z-debug-0.log
11 silly logfile start cleaning logs, removing 1 files
12 silly logfile done cleaning log files
13 silly packumentCache heap:1106509824 maxSize:276627456 maxEntrySize:138313728
14 silly idealTree buildDeps
15 silly fetch manifest @hookform/resolvers@^5.2.2
16 silly packumentCache full:https://registry.npmjs.org/@hookform%2fresolvers cache-miss
17 http fetch GET 200 https://registry.npmjs.org/@hookform%2fresolvers 933ms (cache miss)
18 silly packumentCache full:https://registry.npmjs.org/@hookform%2fresolvers set size:undefined disposed:false
19 silly fetch manifest @sinclair/typebox@>=0.25.24
20 silly packumentCache full:https://registry.npmjs.org/@sinclair%2ftypebox cache-miss
21 http fetch GET 200 https://registry.npmjs.org/@sinclair%2ftypebox 369ms (cache miss)
22 silly packumentCache full:https://registry.npmjs.org/@sinclair%2ftypebox set size:undefined disposed:false
23 silly fetch manifest @standard-schema/spec@^1.0.0
24 silly packumentCache full:https://registry.npmjs.org/@standard-schema%2fspec cache-miss
25 http fetch GET 200 https://registry.npmjs.org/@standard-schema%2fspec 187ms (cache miss)
26 silly packumentCache full:https://registry.npmjs.org/@standard-schema%2fspec set size:undefined disposed:false
27 silly fetch manifest @typeschema/main@>=0.13.7
28 silly packumentCache full:https://registry.npmjs.org/@typeschema%2fmain cache-miss
29 http fetch GET 200 https://registry.npmjs.org/@typeschema%2fmain 491ms (cache miss)
30 silly packumentCache full:https://registry.npmjs.org/@typeschema%2fmain set size:undefined disposed:false
31 silly fetch manifest @typeschema/arktype@0.14.0
32 silly packumentCache full:https://registry.npmjs.org/@typeschema%2farktype cache-miss
33 http fetch GET 200 https://registry.npmjs.org/@typeschema%2farktype 761ms (cache miss)
34 silly packumentCache full:https://registry.npmjs.org/@typeschema%2farktype set size:undefined disposed:false
35 silly fetch manifest arktype@^2.0.0-rc.0
36 silly packumentCache full:https://registry.npmjs.org/arktype cache-miss
37 http fetch GET 200 https://registry.npmjs.org/arktype 184ms (cache miss)
38 silly packumentCache full:https://registry.npmjs.org/arktype set size:undefined disposed:false
39 silly fetch manifest @typeschema/class-validator@0.3.0
40 silly packumentCache full:https://registry.npmjs.org/@typeschema%2fclass-validator cache-miss
41 http fetch GET 200 https://registry.npmjs.org/@typeschema%2fclass-validator 739ms (cache miss)
42 silly packumentCache full:https://registry.npmjs.org/@typeschema%2fclass-validator set size:undefined disposed:false
43 silly fetch manifest class-validator@^0.14.1
44 silly packumentCache full:https://registry.npmjs.org/class-validator cache-miss
45 http fetch GET 200 https://registry.npmjs.org/class-validator 236ms (cache miss)
46 silly packumentCache full:https://registry.npmjs.org/class-validator set size:undefined disposed:false
47 silly fetch manifest @typeschema/deepkit@0.14.0
48 silly packumentCache full:https://registry.npmjs.org/@typeschema%2fdeepkit cache-miss
49 http fetch GET 200 https://registry.npmjs.org/@typeschema%2fdeepkit 488ms (cache miss)
50 silly packumentCache full:https://registry.npmjs.org/@typeschema%2fdeepkit set size:undefined disposed:false
51 silly fetch manifest @deepkit/type@^1.0.1-alpha.145
52 silly packumentCache full:https://registry.npmjs.org/@deepkit%2ftype cache-miss
53 http fetch GET 200 https://registry.npmjs.org/@deepkit%2ftype 747ms (cache miss)
54 silly packumentCache full:https://registry.npmjs.org/@deepkit%2ftype set size:undefined disposed:false
55 silly fetch manifest @deepkit/core@^1.0.1
56 silly packumentCache full:https://registry.npmjs.org/@deepkit%2fcore cache-miss
57 http fetch GET 200 https://registry.npmjs.org/@deepkit%2fcore 664ms (cache miss)
58 silly packumentCache full:https://registry.npmjs.org/@deepkit%2fcore set size:undefined disposed:false
59 silly fetch manifest @typeschema/effect@0.14.0
60 silly packumentCache full:https://registry.npmjs.org/@typeschema%2feffect cache-miss
61 http fetch GET 200 https://registry.npmjs.org/@typeschema%2feffect 664ms (cache miss)
62 silly packumentCache full:https://registry.npmjs.org/@typeschema%2feffect set size:undefined disposed:false
63 silly fetch manifest @effect/schema@^0.71.1
64 silly packumentCache full:https://registry.npmjs.org/@effect%2fschema cache-miss
65 http fetch GET 200 https://registry.npmjs.org/@effect%2fschema 377ms (cache miss)
66 silly packumentCache full:https://registry.npmjs.org/@effect%2fschema set size:undefined disposed:false
67 silly fetch manifest effect@^3.6.8
68 silly packumentCache full:https://registry.npmjs.org/effect cache-miss
69 http fetch GET 200 https://registry.npmjs.org/effect 722ms (cache miss)
70 silly packumentCache full:https://registry.npmjs.org/effect set size:undefined disposed:false
71 silly fetch manifest @typeschema/fastest-validator@0.2.0
72 silly packumentCache full:https://registry.npmjs.org/@typeschema%2ffastest-validator cache-miss
73 http fetch GET 200 https://registry.npmjs.org/@typeschema%2ffastest-validator 294ms (cache miss)
74 silly packumentCache full:https://registry.npmjs.org/@typeschema%2ffastest-validator set size:undefined disposed:false
75 silly fetch manifest fastest-validator@^1.19.0
76 silly packumentCache full:https://registry.npmjs.org/fastest-validator cache-miss
77 http fetch GET 200 https://registry.npmjs.org/fastest-validator 312ms (cache miss)
78 silly packumentCache full:https://registry.npmjs.org/fastest-validator set size:undefined disposed:false
79 silly fetch manifest @typeschema/function@0.14.0
80 silly packumentCache full:https://registry.npmjs.org/@typeschema%2ffunction cache-miss
81 http fetch GET 200 https://registry.npmjs.org/@typeschema%2ffunction 677ms (cache miss)
82 silly packumentCache full:https://registry.npmjs.org/@typeschema%2ffunction set size:undefined disposed:false
83 silly fetch manifest @typeschema/io-ts@0.14.0
84 silly packumentCache full:https://registry.npmjs.org/@typeschema%2fio-ts cache-miss
85 http fetch GET 200 https://registry.npmjs.org/@typeschema%2fio-ts 450ms (cache miss)
86 silly packumentCache full:https://registry.npmjs.org/@typeschema%2fio-ts set size:undefined disposed:false
87 silly fetch manifest fp-ts@^2.16.9
88 silly packumentCache full:https://registry.npmjs.org/fp-ts cache-miss
89 http fetch GET 200 https://registry.npmjs.org/fp-ts 365ms (cache miss)
90 silly packumentCache full:https://registry.npmjs.org/fp-ts set size:undefined disposed:false
91 silly fetch manifest io-ts@^2.2.21
92 silly packumentCache full:https://registry.npmjs.org/io-ts cache-miss
93 http fetch GET 200 https://registry.npmjs.org/io-ts 119ms (cache miss)
94 silly packumentCache full:https://registry.npmjs.org/io-ts set size:undefined disposed:false
95 silly fetch manifest @typeschema/joi@0.14.0
96 silly packumentCache full:https://registry.npmjs.org/@typeschema%2fjoi cache-miss
97 http fetch GET 200 https://registry.npmjs.org/@typeschema%2fjoi 471ms (cache miss)
98 silly packumentCache full:https://registry.npmjs.org/@typeschema%2fjoi set size:undefined disposed:false
99 silly fetch manifest joi@^17.13.3
100 silly packumentCache full:https://registry.npmjs.org/joi cache-miss
101 http fetch GET 200 https://registry.npmjs.org/joi 257ms (cache miss)
102 silly packumentCache full:https://registry.npmjs.org/joi set size:undefined disposed:false
103 silly fetch manifest joi-to-json@^4.3.0
104 silly packumentCache full:https://registry.npmjs.org/joi-to-json cache-miss
105 http fetch GET 200 https://registry.npmjs.org/joi-to-json 321ms (cache miss)
106 silly packumentCache full:https://registry.npmjs.org/joi-to-json set size:undefined disposed:false
107 silly fetch manifest @typeschema/json@0.14.0
108 silly packumentCache full:https://registry.npmjs.org/@typeschema%2fjson cache-miss
109 http fetch GET 200 https://registry.npmjs.org/@typeschema%2fjson 634ms (cache miss)
110 silly packumentCache full:https://registry.npmjs.org/@typeschema%2fjson set size:undefined disposed:false
111 silly fetch manifest ajv@^8.17.1
112 silly packumentCache full:https://registry.npmjs.org/ajv cache-miss
113 http fetch GET 200 https://registry.npmjs.org/ajv 195ms (cache miss)
114 silly packumentCache full:https://registry.npmjs.org/ajv set size:undefined disposed:false
115 silly fetch manifest json-schema-to-ts@^3.1.0
116 silly packumentCache full:https://registry.npmjs.org/json-schema-to-ts cache-miss
117 http fetch GET 200 https://registry.npmjs.org/json-schema-to-ts 480ms (cache miss)
118 silly packumentCache full:https://registry.npmjs.org/json-schema-to-ts set size:undefined disposed:false
119 silly fetch manifest @typeschema/ow@0.14.0
120 silly packumentCache full:https://registry.npmjs.org/@typeschema%2fow cache-miss
121 http fetch GET 200 https://registry.npmjs.org/@typeschema%2fow 641ms (cache miss)
122 silly packumentCache full:https://registry.npmjs.org/@typeschema%2fow set size:undefined disposed:false
123 silly fetch manifest ow@^0.28.2
124 silly packumentCache full:https://registry.npmjs.org/ow cache-miss
125 http fetch GET 200 https://registry.npmjs.org/ow 344ms (cache miss)
126 silly packumentCache full:https://registry.npmjs.org/ow set size:undefined disposed:false
127 silly fetch manifest @typeschema/runtypes@0.14.0
128 silly packumentCache full:https://registry.npmjs.org/@typeschema%2fruntypes cache-miss
129 http fetch GET 200 https://registry.npmjs.org/@typeschema%2fruntypes 451ms (cache miss)
130 silly packumentCache full:https://registry.npmjs.org/@typeschema%2fruntypes set size:undefined disposed:false
131 silly fetch manifest runtypes@^6.7.0
132 silly packumentCache full:https://registry.npmjs.org/runtypes cache-miss
133 http fetch GET 200 https://registry.npmjs.org/runtypes 341ms (cache miss)
134 silly packumentCache full:https://registry.npmjs.org/runtypes set size:undefined disposed:false
135 silly fetch manifest @typeschema/superstruct@0.14.0
136 silly packumentCache full:https://registry.npmjs.org/@typeschema%2fsuperstruct cache-miss
137 http fetch GET 200 https://registry.npmjs.org/@typeschema%2fsuperstruct 474ms (cache miss)
138 silly packumentCache full:https://registry.npmjs.org/@typeschema%2fsuperstruct set size:undefined disposed:false
139 silly fetch manifest superstruct@^2.0.2
140 silly packumentCache full:https://registry.npmjs.org/superstruct cache-miss
141 http fetch GET 200 https://registry.npmjs.org/superstruct 173ms (cache miss)
142 silly packumentCache full:https://registry.npmjs.org/superstruct set size:undefined disposed:false
143 silly fetch manifest @typeschema/suretype@0.2.0
144 silly packumentCache full:https://registry.npmjs.org/@typeschema%2fsuretype cache-miss
145 http fetch GET 200 https://registry.npmjs.org/@typeschema%2fsuretype 298ms (cache miss)
146 silly packumentCache full:https://registry.npmjs.org/@typeschema%2fsuretype set size:undefined disposed:false
147 silly fetch manifest suretype@^3.3.1
148 silly packumentCache full:https://registry.npmjs.org/suretype cache-miss
149 http fetch GET 200 https://registry.npmjs.org/suretype 334ms (cache miss)
150 silly packumentCache full:https://registry.npmjs.org/suretype set size:undefined disposed:false
151 silly fetch manifest @typeschema/typebox@0.14.0
152 silly packumentCache full:https://registry.npmjs.org/@typeschema%2ftypebox cache-miss
153 http fetch GET 200 https://registry.npmjs.org/@typeschema%2ftypebox 631ms (cache miss)
154 silly packumentCache full:https://registry.npmjs.org/@typeschema%2ftypebox set size:undefined disposed:false
155 silly fetch manifest @sinclair/typebox@^0.33.7
156 silly packumentCache full:https://registry.npmjs.org/@sinclair%2ftypebox cache-miss
157 http cache https://registry.npmjs.org/@sinclair%2ftypebox 196ms (cache hit)
158 silly packumentCache full:https://registry.npmjs.org/@sinclair%2ftypebox set size:1212785 disposed:false
159 silly fetch manifest @typeschema/valibot@0.14.0
160 silly packumentCache full:https://registry.npmjs.org/@typeschema%2fvalibot cache-miss
161 http fetch GET 200 https://registry.npmjs.org/@typeschema%2fvalibot 360ms (cache miss)
162 silly packumentCache full:https://registry.npmjs.org/@typeschema%2fvalibot set size:undefined disposed:false
163 silly fetch manifest @gcornut/valibot-json-schema@^0.37.0
164 silly packumentCache full:https://registry.npmjs.org/@gcornut%2fvalibot-json-schema cache-miss
165 http fetch GET 200 https://registry.npmjs.org/@gcornut%2fvalibot-json-schema 501ms (cache miss)
166 silly packumentCache full:https://registry.npmjs.org/@gcornut%2fvalibot-json-schema set size:undefined disposed:false
167 silly fetch manifest valibot@^0.39.0
168 silly packumentCache full:https://registry.npmjs.org/valibot cache-miss
169 http fetch GET 200 https://registry.npmjs.org/valibot 327ms (cache miss)
170 silly packumentCache full:https://registry.npmjs.org/valibot set size:undefined disposed:false
171 silly fetch manifest typescript@^5.8.3
172 silly packumentCache full:https://registry.npmjs.org/typescript cache-miss
173 http fetch GET 200 https://registry.npmjs.org/typescript 2583ms (cache updated)
174 silly packumentCache full:https://registry.npmjs.org/typescript set size:undefined disposed:false
175 silly fetch manifest @typeschema/valita@0.2.0
176 silly packumentCache full:https://registry.npmjs.org/@typeschema%2fvalita cache-miss
177 http fetch GET 200 https://registry.npmjs.org/@typeschema%2fvalita 696ms (cache miss)
178 silly packumentCache full:https://registry.npmjs.org/@typeschema%2fvalita set size:undefined disposed:false
179 silly fetch manifest @badrap/valita@^0.3.9
180 silly packumentCache full:https://registry.npmjs.org/@badrap%2fvalita cache-miss
181 http fetch GET 200 https://registry.npmjs.org/@badrap%2fvalita 677ms (cache miss)
182 silly packumentCache full:https://registry.npmjs.org/@badrap%2fvalita set size:undefined disposed:false
183 silly fetch manifest @typeschema/vine@0.2.0
184 silly packumentCache full:https://registry.npmjs.org/@typeschema%2fvine cache-miss
185 http fetch GET 200 https://registry.npmjs.org/@typeschema%2fvine 279ms (cache miss)
186 silly packumentCache full:https://registry.npmjs.org/@typeschema%2fvine set size:undefined disposed:false
187 silly fetch manifest @vinejs/vine@^2.1.0
188 silly packumentCache full:https://registry.npmjs.org/@vinejs%2fvine cache-miss
189 http fetch GET 200 https://registry.npmjs.org/@vinejs%2fvine 287ms (cache miss)
190 silly packumentCache full:https://registry.npmjs.org/@vinejs%2fvine set size:undefined disposed:false
191 silly fetch manifest @typeschema/yup@0.14.0
192 silly packumentCache full:https://registry.npmjs.org/@typeschema%2fyup cache-miss
193 http fetch GET 200 https://registry.npmjs.org/@typeschema%2fyup 631ms (cache miss)
194 silly packumentCache full:https://registry.npmjs.org/@typeschema%2fyup set size:undefined disposed:false
195 silly fetch manifest @sodaru/yup-to-json-schema@^2.0.1
196 silly packumentCache full:https://registry.npmjs.org/@sodaru%2fyup-to-json-schema cache-miss
197 http fetch GET 200 https://registry.npmjs.org/@sodaru%2fyup-to-json-schema 463ms (cache miss)
198 silly packumentCache full:https://registry.npmjs.org/@sodaru%2fyup-to-json-schema set size:undefined disposed:false
199 silly fetch manifest yup@^1.4.0
200 silly packumentCache full:https://registry.npmjs.org/yup cache-miss
201 http fetch GET 200 https://registry.npmjs.org/yup 142ms (cache miss)
202 silly packumentCache full:https://registry.npmjs.org/yup set size:undefined disposed:false
203 silly fetch manifest @typeschema/zod@0.14.0
204 silly packumentCache full:https://registry.npmjs.org/@typeschema%2fzod cache-miss
205 http fetch GET 200 https://registry.npmjs.org/@typeschema%2fzod 522ms (cache miss)
206 silly packumentCache full:https://registry.npmjs.org/@typeschema%2fzod set size:undefined disposed:false
207 silly fetch manifest zod@^3.25.76
208 silly packumentCache full:https://registry.npmjs.org/zod cache-miss
209 http fetch GET 200 https://registry.npmjs.org/zod 452ms (cache miss)
210 silly packumentCache full:https://registry.npmjs.org/zod set size:undefined disposed:false
211 silly fetch manifest zod-to-json-schema@^3.23.2
212 silly packumentCache full:https://registry.npmjs.org/zod-to-json-schema cache-miss
213 http fetch GET 200 https://registry.npmjs.org/zod-to-json-schema 542ms (cache miss)
214 silly packumentCache full:https://registry.npmjs.org/zod-to-json-schema set size:undefined disposed:false
215 silly fetch manifest ajv-errors@^3.0.0
216 silly packumentCache full:https://registry.npmjs.org/ajv-errors cache-miss
217 http fetch GET 200 https://registry.npmjs.org/ajv-errors 139ms (cache miss)
218 silly packumentCache full:https://registry.npmjs.org/ajv-errors set size:undefined disposed:false
219 silly fetch manifest ajv-formats@^2.1.1
220 silly packumentCache full:https://registry.npmjs.org/ajv-formats cache-miss
221 http fetch GET 200 https://registry.npmjs.org/ajv-formats 258ms (cache miss)
222 silly packumentCache full:https://registry.npmjs.org/ajv-formats set size:undefined disposed:false
223 silly fetch manifest ata-validator@^1.2.0
224 silly packumentCache full:https://registry.npmjs.org/ata-validator cache-miss
225 http fetch GET 200 https://registry.npmjs.org/ata-validator 337ms (cache miss)
226 silly packumentCache full:https://registry.npmjs.org/ata-validator set size:undefined disposed:false
227 silly fetch manifest yaml@^2.0.0
228 silly packumentCache full:https://registry.npmjs.org/yaml cache-miss
229 http fetch GET 200 https://registry.npmjs.org/yaml 193ms (cache updated)
230 silly packumentCache full:https://registry.npmjs.org/yaml set size:undefined disposed:false
231 silly fetch manifest class-transformer@>=0.4.0
232 silly packumentCache full:https://registry.npmjs.org/class-transformer cache-miss
233 http fetch GET 200 https://registry.npmjs.org/class-transformer 139ms (cache miss)
234 silly packumentCache full:https://registry.npmjs.org/class-transformer set size:undefined disposed:false
235 silly fetch manifest computed-types@^1.0.0
236 silly packumentCache full:https://registry.npmjs.org/computed-types cache-miss
237 http fetch GET 200 https://registry.npmjs.org/computed-types 317ms (cache miss)
238 silly packumentCache full:https://registry.npmjs.org/computed-types set size:undefined disposed:false
239 silly fetch manifest fluentvalidation-ts@^3.0.0
240 silly packumentCache full:https://registry.npmjs.org/fluentvalidation-ts cache-miss
241 http fetch GET 200 https://registry.npmjs.org/fluentvalidation-ts 319ms (cache miss)
242 silly packumentCache full:https://registry.npmjs.org/fluentvalidation-ts set size:undefined disposed:false
243 silly fetch manifest nope-validator@>=0.12.0
244 silly packumentCache full:https://registry.npmjs.org/nope-validator cache-miss
245 http fetch GET 200 https://registry.npmjs.org/nope-validator 321ms (cache miss)
246 silly packumentCache full:https://registry.npmjs.org/nope-validator set size:undefined disposed:false
247 silly fetch manifest react-hook-form@^7.71.2
248 silly packumentCache full:https://registry.npmjs.org/react-hook-form cache-miss
249 http fetch GET 200 https://registry.npmjs.org/react-hook-form 446ms (cache miss)
250 silly packumentCache full:https://registry.npmjs.org/react-hook-form set size:undefined disposed:false
251 silly fetch manifest react@^19.2.0
252 silly packumentCache full:https://registry.npmjs.org/react cache-miss
253 http fetch GET 200 https://registry.npmjs.org/react 660ms (cache updated)
254 silly packumentCache full:https://registry.npmjs.org/react set size:undefined disposed:false
255 silly fetch manifest typanion@^3.3.2
256 silly packumentCache full:https://registry.npmjs.org/typanion cache-miss
257 http fetch GET 200 https://registry.npmjs.org/typanion 303ms (cache miss)
258 silly packumentCache full:https://registry.npmjs.org/typanion set size:undefined disposed:false
259 silly fetch manifest vest@>=6.0.0
260 silly packumentCache full:https://registry.npmjs.org/vest cache-miss
261 http fetch GET 200 https://registry.npmjs.org/vest 322ms (cache miss)
262 silly packumentCache full:https://registry.npmjs.org/vest set size:undefined disposed:false
263 silly fetch manifest @radix-ui/react-accordion@^1.2.12
264 silly packumentCache full:https://registry.npmjs.org/@radix-ui%2freact-accordion cache-miss
265 http fetch GET 200 https://registry.npmjs.org/@radix-ui%2freact-accordion 200ms (cache miss)
266 silly packumentCache full:https://registry.npmjs.org/@radix-ui%2freact-accordion set size:undefined disposed:false
267 silly fetch manifest @types/react@^19.2.0
268 silly packumentCache full:https://registry.npmjs.org/@types%2freact cache-miss
269 http fetch GET 200 https://registry.npmjs.org/@types%2freact 291ms (cache updated)
270 silly packumentCache full:https://registry.npmjs.org/@types%2freact set size:undefined disposed:false
271 silly fetch manifest @types/react-dom@^19.2.0
272 silly packumentCache full:https://registry.npmjs.org/@types%2freact-dom cache-miss
273 http fetch GET 200 https://registry.npmjs.org/@types%2freact-dom 190ms (cache updated)
274 silly packumentCache full:https://registry.npmjs.org/@types%2freact-dom set size:undefined disposed:false
275 silly fetch manifest react-dom@^19.2.0
276 silly packumentCache full:https://registry.npmjs.org/react-dom cache-miss
277 http fetch GET 200 https://registry.npmjs.org/react-dom 580ms (cache updated)
278 silly packumentCache full:https://registry.npmjs.org/react-dom set size:undefined disposed:false
279 silly fetch manifest @radix-ui/react-alert-dialog@^1.1.15
280 silly packumentCache full:https://registry.npmjs.org/@radix-ui%2freact-alert-dialog cache-miss
281 http fetch GET 200 https://registry.npmjs.org/@radix-ui%2freact-alert-dialog 227ms (cache miss)
282 silly packumentCache full:https://registry.npmjs.org/@radix-ui%2freact-alert-dialog set size:undefined disposed:false
283 silly fetch manifest @radix-ui/react-aspect-ratio@^1.1.8
284 silly packumentCache full:https://registry.npmjs.org/@radix-ui%2freact-aspect-ratio cache-miss
285 http fetch GET 200 https://registry.npmjs.org/@radix-ui%2freact-aspect-ratio 171ms (cache miss)
286 silly packumentCache full:https://registry.npmjs.org/@radix-ui%2freact-aspect-ratio set size:undefined disposed:false
287 silly fetch manifest @radix-ui/react-avatar@^1.1.11
288 silly packumentCache full:https://registry.npmjs.org/@radix-ui%2freact-avatar cache-miss
289 http fetch GET 200 https://registry.npmjs.org/@radix-ui%2freact-avatar 364ms (cache miss)
290 silly packumentCache full:https://registry.npmjs.org/@radix-ui%2freact-avatar set size:undefined disposed:false
291 silly fetch manifest @radix-ui/react-checkbox@^1.3.3
292 silly packumentCache full:https://registry.npmjs.org/@radix-ui%2freact-checkbox cache-miss
293 http fetch GET 200 https://registry.npmjs.org/@radix-ui%2freact-checkbox 327ms (cache miss)
294 silly packumentCache full:https://registry.npmjs.org/@radix-ui%2freact-checkbox set size:undefined disposed:false
295 silly fetch manifest @radix-ui/react-collapsible@^1.1.12
296 silly packumentCache full:https://registry.npmjs.org/@radix-ui%2freact-collapsible cache-miss
297 http fetch GET 200 https://registry.npmjs.org/@radix-ui%2freact-collapsible 175ms (cache miss)
298 silly packumentCache full:https://registry.npmjs.org/@radix-ui%2freact-collapsible set size:undefined disposed:false
299 silly fetch manifest @radix-ui/react-context-menu@^2.2.16
300 silly packumentCache full:https://registry.npmjs.org/@radix-ui%2freact-context-menu cache-miss
301 http fetch GET 200 https://registry.npmjs.org/@radix-ui%2freact-context-menu 378ms (cache miss)
302 silly packumentCache full:https://registry.npmjs.org/@radix-ui%2freact-context-menu set size:undefined disposed:false
303 silly fetch manifest @radix-ui/react-dialog@^1.1.15
304 silly packumentCache full:https://registry.npmjs.org/@radix-ui%2freact-dialog cache-miss
305 http fetch GET 200 https://registry.npmjs.org/@radix-ui%2freact-dialog 202ms (cache miss)
306 silly packumentCache full:https://registry.npmjs.org/@radix-ui%2freact-dialog set size:undefined disposed:false
307 silly fetch manifest @radix-ui/react-dropdown-menu@^2.1.16
308 silly packumentCache full:https://registry.npmjs.org/@radix-ui%2freact-dropdown-menu cache-miss
309 http fetch GET 200 https://registry.npmjs.org/@radix-ui%2freact-dropdown-menu 217ms (cache miss)
310 silly packumentCache full:https://registry.npmjs.org/@radix-ui%2freact-dropdown-menu set size:undefined disposed:false
311 silly fetch manifest @radix-ui/react-hover-card@^1.1.15
312 silly packumentCache full:https://registry.npmjs.org/@radix-ui%2freact-hover-card cache-miss
313 http fetch GET 200 https://registry.npmjs.org/@radix-ui%2freact-hover-card 387ms (cache miss)
314 silly packumentCache full:https://registry.npmjs.org/@radix-ui%2freact-hover-card set size:undefined disposed:false
315 silly fetch manifest @radix-ui/react-label@^2.1.8
316 silly packumentCache full:https://registry.npmjs.org/@radix-ui%2freact-label cache-miss
317 http fetch GET 200 https://registry.npmjs.org/@radix-ui%2freact-label 163ms (cache miss)
318 silly packumentCache full:https://registry.npmjs.org/@radix-ui%2freact-label set size:undefined disposed:false
319 silly fetch manifest @radix-ui/react-menubar@^1.1.16
320 silly packumentCache full:https://registry.npmjs.org/@radix-ui%2freact-menubar cache-miss
321 http fetch GET 200 https://registry.npmjs.org/@radix-ui%2freact-menubar 230ms (cache miss)
322 silly packumentCache full:https://registry.npmjs.org/@radix-ui%2freact-menubar set size:undefined disposed:false
323 silly fetch manifest @radix-ui/react-navigation-menu@^1.2.14
324 silly packumentCache full:https://registry.npmjs.org/@radix-ui%2freact-navigation-menu cache-miss
325 http fetch GET 200 https://registry.npmjs.org/@radix-ui%2freact-navigation-menu 180ms (cache miss)
326 silly packumentCache full:https://registry.npmjs.org/@radix-ui%2freact-navigation-menu set size:undefined disposed:false
327 silly fetch manifest @radix-ui/react-popover@^1.1.15
328 silly packumentCache full:https://registry.npmjs.org/@radix-ui%2freact-popover cache-miss
329 http fetch GET 200 https://registry.npmjs.org/@radix-ui%2freact-popover 258ms (cache miss)
330 silly packumentCache full:https://registry.npmjs.org/@radix-ui%2freact-popover set size:undefined disposed:false
331 silly fetch manifest @radix-ui/react-progress@^1.1.8
332 silly packumentCache full:https://registry.npmjs.org/@radix-ui%2freact-progress cache-miss
333 http fetch GET 200 https://registry.npmjs.org/@radix-ui%2freact-progress 167ms (cache miss)
334 silly packumentCache full:https://registry.npmjs.org/@radix-ui%2freact-progress set size:undefined disposed:false
335 silly fetch manifest @radix-ui/react-radio-group@^1.3.8
336 silly packumentCache full:https://registry.npmjs.org/@radix-ui%2freact-radio-group cache-miss
337 http fetch GET 200 https://registry.npmjs.org/@radix-ui%2freact-radio-group 185ms (cache miss)
338 silly packumentCache full:https://registry.npmjs.org/@radix-ui%2freact-radio-group set size:undefined disposed:false
339 silly fetch manifest @radix-ui/react-scroll-area@^1.2.10
340 silly packumentCache full:https://registry.npmjs.org/@radix-ui%2freact-scroll-area cache-miss
341 http fetch GET 200 https://registry.npmjs.org/@radix-ui%2freact-scroll-area 409ms (cache miss)
342 silly packumentCache full:https://registry.npmjs.org/@radix-ui%2freact-scroll-area set size:undefined disposed:false
343 silly fetch manifest @radix-ui/react-select@^2.2.6
344 silly packumentCache full:https://registry.npmjs.org/@radix-ui%2freact-select cache-miss
345 http fetch GET 200 https://registry.npmjs.org/@radix-ui%2freact-select 219ms (cache miss)
346 silly packumentCache full:https://registry.npmjs.org/@radix-ui%2freact-select set size:undefined disposed:false
347 silly fetch manifest @radix-ui/react-separator@^1.1.8
348 silly packumentCache full:https://registry.npmjs.org/@radix-ui%2freact-separator cache-miss
349 http fetch GET 200 https://registry.npmjs.org/@radix-ui%2freact-separator 228ms (cache miss)
350 silly packumentCache full:https://registry.npmjs.org/@radix-ui%2freact-separator set size:undefined disposed:false
351 silly fetch manifest @radix-ui/react-slider@^1.3.6
352 silly packumentCache full:https://registry.npmjs.org/@radix-ui%2freact-slider cache-miss
353 http fetch GET 200 https://registry.npmjs.org/@radix-ui%2freact-slider 219ms (cache miss)
354 silly packumentCache full:https://registry.npmjs.org/@radix-ui%2freact-slider set size:undefined disposed:false
355 silly fetch manifest @radix-ui/react-slot@^1.2.4
356 silly packumentCache full:https://registry.npmjs.org/@radix-ui%2freact-slot cache-miss
357 http fetch GET 200 https://registry.npmjs.org/@radix-ui%2freact-slot 361ms (cache miss)
358 silly packumentCache full:https://registry.npmjs.org/@radix-ui%2freact-slot set size:undefined disposed:false
359 silly fetch manifest @radix-ui/react-switch@^1.2.6
360 silly packumentCache full:https://registry.npmjs.org/@radix-ui%2freact-switch cache-miss
361 http fetch GET 200 https://registry.npmjs.org/@radix-ui%2freact-switch 493ms (cache miss)
362 silly packumentCache full:https://registry.npmjs.org/@radix-ui%2freact-switch set size:undefined disposed:false
363 silly fetch manifest @radix-ui/react-tabs@^1.1.13
364 silly packumentCache full:https://registry.npmjs.org/@radix-ui%2freact-tabs cache-miss
365 http fetch GET 200 https://registry.npmjs.org/@radix-ui%2freact-tabs 240ms (cache miss)
366 silly packumentCache full:https://registry.npmjs.org/@radix-ui%2freact-tabs set size:undefined disposed:false
367 silly fetch manifest @radix-ui/react-toggle@^1.1.10
368 silly packumentCache full:https://registry.npmjs.org/@radix-ui%2freact-toggle cache-miss
369 http fetch GET 200 https://registry.npmjs.org/@radix-ui%2freact-toggle 272ms (cache miss)
370 silly packumentCache full:https://registry.npmjs.org/@radix-ui%2freact-toggle set size:undefined disposed:false
371 silly fetch manifest @radix-ui/react-toggle-group@^1.1.11
372 silly packumentCache full:https://registry.npmjs.org/@radix-ui%2freact-toggle-group cache-miss
373 http fetch GET 200 https://registry.npmjs.org/@radix-ui%2freact-toggle-group 408ms (cache miss)
374 silly packumentCache full:https://registry.npmjs.org/@radix-ui%2freact-toggle-group set size:undefined disposed:false
375 silly fetch manifest @radix-ui/react-tooltip@^1.2.8
376 silly packumentCache full:https://registry.npmjs.org/@radix-ui%2freact-tooltip cache-miss
377 http fetch GET 200 https://registry.npmjs.org/@radix-ui%2freact-tooltip 1753ms (cache miss)
378 silly packumentCache full:https://registry.npmjs.org/@radix-ui%2freact-tooltip set size:undefined disposed:false
379 silly fetch manifest @supabase/supabase-js@^2.116.0
380 silly packumentCache full:https://registry.npmjs.org/@supabase%2fsupabase-js cache-miss
381 http fetch GET 200 https://registry.npmjs.org/@supabase%2fsupabase-js 813ms (cache updated)
382 silly packumentCache full:https://registry.npmjs.org/@supabase%2fsupabase-js set size:undefined disposed:false
383 silly fetch manifest @opentelemetry/api@>=1.0.0
384 silly packumentCache full:https://registry.npmjs.org/@opentelemetry%2fapi cache-miss
385 http fetch GET 200 https://registry.npmjs.org/@opentelemetry%2fapi 215ms (cache revalidated)
386 silly packumentCache full:https://registry.npmjs.org/@opentelemetry%2fapi set size:272967 disposed:false
387 silly fetch manifest @tailwindcss/vite@^4.2.1
388 silly packumentCache full:https://registry.npmjs.org/@tailwindcss%2fvite cache-miss
389 http fetch GET 200 https://registry.npmjs.org/@tailwindcss%2fvite 265ms (cache miss)
390 silly packumentCache full:https://registry.npmjs.org/@tailwindcss%2fvite set size:undefined disposed:false
391 silly fetch manifest vite@8.1.5
392 silly packumentCache full:https://registry.npmjs.org/vite cache-miss
393 http fetch GET 200 https://registry.npmjs.org/vite 2327ms (cache miss)
394 silly packumentCache full:https://registry.npmjs.org/vite set size:undefined disposed:false
395 silly fetch manifest @types/node@^22.16.5
396 silly packumentCache full:https://registry.npmjs.org/@types%2fnode cache-miss
397 http fetch GET 200 https://registry.npmjs.org/@types%2fnode 930ms (cache updated)
398 silly packumentCache full:https://registry.npmjs.org/@types%2fnode set size:undefined disposed:false
399 silly fetch manifest @vitejs/devtools@^0.3.0
400 silly packumentCache full:https://registry.npmjs.org/@vitejs%2fdevtools cache-miss
401 http fetch GET 200 https://registry.npmjs.org/@vitejs%2fdevtools 135ms (cache miss)
402 silly packumentCache full:https://registry.npmjs.org/@vitejs%2fdevtools set size:undefined disposed:false
403 silly fetch manifest esbuild@^0.27.0 || ^0.28.0
404 silly packumentCache full:https://registry.npmjs.org/esbuild cache-miss
405 http fetch GET 200 https://registry.npmjs.org/esbuild 224ms (cache miss)
406 silly packumentCache full:https://registry.npmjs.org/esbuild set size:undefined disposed:false
407 silly fetch manifest jiti@>=1.21.0
408 silly packumentCache full:https://registry.npmjs.org/jiti cache-miss
409 http fetch GET 200 https://registry.npmjs.org/jiti 133ms (cache revalidated)
410 silly packumentCache full:https://registry.npmjs.org/jiti set size:387989 disposed:false
411 silly fetch manifest less@^4.0.0
412 silly packumentCache full:https://registry.npmjs.org/less cache-miss
413 http fetch GET 200 https://registry.npmjs.org/less 146ms (cache miss)
414 silly packumentCache full:https://registry.npmjs.org/less set size:undefined disposed:false
415 silly fetch manifest sass@^1.70.0
416 silly packumentCache full:https://registry.npmjs.org/sass cache-miss
417 http fetch GET 200 https://registry.npmjs.org/sass 175ms (cache updated)
418 silly packumentCache full:https://registry.npmjs.org/sass set size:undefined disposed:false
419 silly fetch manifest sass-embedded@^1.70.0
420 silly packumentCache full:https://registry.npmjs.org/sass-embedded cache-miss
421 http fetch GET 200 https://registry.npmjs.org/sass-embedded 153ms (cache miss)
422 silly packumentCache full:https://registry.npmjs.org/sass-embedded set size:undefined disposed:false
423 silly fetch manifest stylus@>=0.54.8
424 silly packumentCache full:https://registry.npmjs.org/stylus cache-miss
425 http fetch GET 200 https://registry.npmjs.org/stylus 142ms (cache miss)
426 silly packumentCache full:https://registry.npmjs.org/stylus set size:undefined disposed:false
427 silly fetch manifest sugarss@^5.0.0
428 silly packumentCache full:https://registry.npmjs.org/sugarss cache-miss
429 http fetch GET 200 https://registry.npmjs.org/sugarss 137ms (cache miss)
430 silly packumentCache full:https://registry.npmjs.org/sugarss set size:undefined disposed:false
431 silly fetch manifest postcss@^8.3.3
432 silly packumentCache full:https://registry.npmjs.org/postcss cache-miss
433 http fetch GET 200 https://registry.npmjs.org/postcss 149ms (cache revalidated)
434 silly packumentCache full:https://registry.npmjs.org/postcss set size:766699 disposed:false
435 silly fetch manifest terser@^5.16.0
436 silly packumentCache full:https://registry.npmjs.org/terser cache-miss
437 http fetch GET 200 https://registry.npmjs.org/terser 224ms (cache miss)
438 silly packumentCache full:https://registry.npmjs.org/terser set size:undefined disposed:false
439 silly fetch manifest tsx@^4.8.1
440 silly packumentCache full:https://registry.npmjs.org/tsx cache-miss
441 http fetch GET 200 https://registry.npmjs.org/tsx 124ms (cache revalidated)
442 silly packumentCache full:https://registry.npmjs.org/tsx set size:344351 disposed:false
443 silly fetch manifest yaml@^2.4.2
444 silly packumentCache full:https://registry.npmjs.org/yaml cache-miss
445 http cache https://registry.npmjs.org/yaml 30ms (cache hit)
446 silly packumentCache full:https://registry.npmjs.org/yaml set size:386415 disposed:false
447 silly fetch manifest @tanstack/react-query@^5.101.1
448 silly packumentCache full:https://registry.npmjs.org/@tanstack%2freact-query cache-miss
449 http fetch GET 200 https://registry.npmjs.org/@tanstack%2freact-query 224ms (cache miss)
450 silly packumentCache full:https://registry.npmjs.org/@tanstack%2freact-query set size:undefined disposed:false
451 silly fetch manifest @tanstack/react-router@1.170.18
452 silly packumentCache full:https://registry.npmjs.org/@tanstack%2freact-router cache-miss
453 http fetch GET 200 https://registry.npmjs.org/@tanstack%2freact-router 540ms (cache miss)
454 silly packumentCache full:https://registry.npmjs.org/@tanstack%2freact-router set size:undefined disposed:false
455 silly fetch manifest @tanstack/react-start@1.168.32
456 silly packumentCache full:https://registry.npmjs.org/@tanstack%2freact-start cache-miss
457 http fetch GET 200 https://registry.npmjs.org/@tanstack%2freact-start 274ms (cache miss)
458 silly packumentCache full:https://registry.npmjs.org/@tanstack%2freact-start set size:undefined disposed:false
459 silly fetch manifest @rsbuild/core@^2.0.0
460 silly packumentCache full:https://registry.npmjs.org/@rsbuild%2fcore cache-miss
461 http fetch GET 200 https://registry.npmjs.org/@rsbuild%2fcore 678ms (cache miss)
462 silly packumentCache full:https://registry.npmjs.org/@rsbuild%2fcore set size:undefined disposed:false
463 silly fetch manifest core-js@>= 3.0.0
464 silly packumentCache full:https://registry.npmjs.org/core-js cache-miss
465 http fetch GET 200 https://registry.npmjs.org/core-js 264ms (cache miss)
466 silly packumentCache full:https://registry.npmjs.org/core-js set size:undefined disposed:false
467 silly fetch manifest @tanstack/router-plugin@1.168.23
468 silly packumentCache full:https://registry.npmjs.org/@tanstack%2frouter-plugin cache-miss
469 http fetch GET 200 https://registry.npmjs.org/@tanstack%2frouter-plugin 401ms (cache miss)
470 silly packumentCache full:https://registry.npmjs.org/@tanstack%2frouter-plugin set size:undefined disposed:false
471 silly fetch manifest @rsbuild/core@>=1.0.2 || ^2.0.0
472 silly packumentCache full:https://registry.npmjs.org/@rsbuild%2fcore cache-miss
473 http cache https://registry.npmjs.org/@rsbuild%2fcore 29ms (cache hit)
474 silly packumentCache full:https://registry.npmjs.org/@rsbuild%2fcore set size:1484664 disposed:false
475 silly fetch manifest vite-plugin-solid@^2.11.10 || ^3.0.0-0
476 silly packumentCache full:https://registry.npmjs.org/vite-plugin-solid cache-miss
477 http fetch GET 200 https://registry.npmjs.org/vite-plugin-solid 157ms (cache miss)
478 silly packumentCache full:https://registry.npmjs.org/vite-plugin-solid set size:undefined disposed:false
479 silly fetch manifest @testing-library/jest-dom@^5.16.6 || ^5.17.0 || ^6.0.0 || ^7.0.0
480 silly packumentCache full:https://registry.npmjs.org/@testing-library%2fjest-dom cache-miss
481 http fetch GET 200 https://registry.npmjs.org/@testing-library%2fjest-dom 340ms (cache miss)
482 silly packumentCache full:https://registry.npmjs.org/@testing-library%2fjest-dom set size:undefined disposed:false
483 silly fetch manifest @testing-library/dom@>=10 <11
484 silly packumentCache full:https://registry.npmjs.org/@testing-library%2fdom cache-miss
485 http fetch GET 200 https://registry.npmjs.org/@testing-library%2fdom 193ms (cache miss)
486 silly packumentCache full:https://registry.npmjs.org/@testing-library%2fdom set size:undefined disposed:false
487 silly fetch manifest vitest@>= 0.32
488 silly packumentCache full:https://registry.npmjs.org/vitest cache-miss
489 http fetch GET 200 https://registry.npmjs.org/vitest 263ms (cache miss)
490 silly packumentCache full:https://registry.npmjs.org/vitest set size:undefined disposed:false
491 silly fetch manifest @edge-runtime/vm@*
492 silly packumentCache full:https://registry.npmjs.org/@edge-runtime%2fvm cache-miss
493 http fetch GET 200 https://registry.npmjs.org/@edge-runtime%2fvm 520ms (cache miss)
494 silly packumentCache full:https://registry.npmjs.org/@edge-runtime%2fvm set size:undefined disposed:false
495 silly fetch manifest @opentelemetry/api@^1.9.0
496 silly packumentCache full:https://registry.npmjs.org/@opentelemetry%2fapi cache-hit
497 silly fetch manifest @vitest/browser-playwright@5.0.1
498 silly packumentCache full:https://registry.npmjs.org/@vitest%2fbrowser-playwright cache-miss
499 http fetch GET 200 https://registry.npmjs.org/@vitest%2fbrowser-playwright 159ms (cache miss)
500 silly packumentCache full:https://registry.npmjs.org/@vitest%2fbrowser-playwright set size:undefined disposed:false
501 silly fetch manifest playwright@*
502 silly packumentCache full:https://registry.npmjs.org/playwright cache-miss
503 http fetch GET 200 https://registry.npmjs.org/playwright 1779ms (cache miss)
504 silly packumentCache full:https://registry.npmjs.org/playwright set size:undefined disposed:false
505 silly fetch manifest @vitest/browser-preview@5.0.1
506 silly packumentCache full:https://registry.npmjs.org/@vitest%2fbrowser-preview cache-miss
507 http fetch GET 200 https://registry.npmjs.org/@vitest%2fbrowser-preview 148ms (cache miss)
508 silly packumentCache full:https://registry.npmjs.org/@vitest%2fbrowser-preview set size:undefined disposed:false
509 silly fetch manifest @vitest/browser-webdriverio@^5.0.0-beta.5 || >=5.0.0
510 silly packumentCache full:https://registry.npmjs.org/@vitest%2fbrowser-webdriverio cache-miss
511 http fetch GET 200 https://registry.npmjs.org/@vitest%2fbrowser-webdriverio 135ms (cache miss)
512 silly packumentCache full:https://registry.npmjs.org/@vitest%2fbrowser-webdriverio set size:undefined disposed:false
513 silly fetch manifest webdriverio@*
514 silly packumentCache full:https://registry.npmjs.org/webdriverio cache-miss
515 http fetch GET 200 https://registry.npmjs.org/webdriverio 778ms (cache miss)
516 silly packumentCache full:https://registry.npmjs.org/webdriverio set size:undefined disposed:false
517 silly fetch manifest puppeteer-core@>=22.x <=24.x
518 silly packumentCache full:https://registry.npmjs.org/puppeteer-core cache-miss
519 http fetch GET 200 https://registry.npmjs.org/puppeteer-core 208ms (cache miss)
520 silly packumentCache full:https://registry.npmjs.org/puppeteer-core set size:undefined disposed:false
521 silly fetch manifest @vitest/coverage-istanbul@5.0.1
522 silly packumentCache full:https://registry.npmjs.org/@vitest%2fcoverage-istanbul cache-miss
523 http fetch GET 200 https://registry.npmjs.org/@vitest%2fcoverage-istanbul 342ms (cache miss)
524 silly packumentCache full:https://registry.npmjs.org/@vitest%2fcoverage-istanbul set size:undefined disposed:false
525 silly fetch manifest @vitest/coverage-v8@5.0.1
526 silly packumentCache full:https://registry.npmjs.org/@vitest%2fcoverage-v8 cache-miss
527 http fetch GET 200 https://registry.npmjs.org/@vitest%2fcoverage-v8 343ms (cache miss)
528 silly packumentCache full:https://registry.npmjs.org/@vitest%2fcoverage-v8 set size:undefined disposed:false
529 silly fetch manifest @vitest/browser@5.0.1
530 silly packumentCache full:https://registry.npmjs.org/@vitest%2fbrowser cache-miss
531 http fetch GET 200 https://registry.npmjs.org/@vitest%2fbrowser 210ms (cache miss)
532 silly packumentCache full:https://registry.npmjs.org/@vitest%2fbrowser set size:undefined disposed:false
533 silly fetch manifest @vitest/ui@5.0.1
534 silly packumentCache full:https://registry.npmjs.org/@vitest%2fui cache-miss
535 http fetch GET 200 https://registry.npmjs.org/@vitest%2fui 239ms (cache miss)
536 silly packumentCache full:https://registry.npmjs.org/@vitest%2fui set size:undefined disposed:false
537 silly fetch manifest happy-dom@*
538 silly packumentCache full:https://registry.npmjs.org/happy-dom cache-miss
539 http fetch GET 200 https://registry.npmjs.org/happy-dom 269ms (cache miss)
540 silly packumentCache full:https://registry.npmjs.org/happy-dom set size:undefined disposed:false
541 silly fetch manifest jsdom@*
542 silly packumentCache full:https://registry.npmjs.org/jsdom cache-miss
543 http fetch GET 200 https://registry.npmjs.org/jsdom 213ms (cache miss)
544 silly packumentCache full:https://registry.npmjs.org/jsdom set size:undefined disposed:false
545 silly fetch manifest canvas@^3.2.3
546 silly packumentCache full:https://registry.npmjs.org/canvas cache-miss
547 http fetch GET 200 https://registry.npmjs.org/canvas 140ms (cache miss)
548 silly packumentCache full:https://registry.npmjs.org/canvas set size:undefined disposed:false
549 silly fetch manifest solid-js@^1.7.2
550 silly packumentCache full:https://registry.npmjs.org/solid-js cache-miss
551 http fetch GET 200 https://registry.npmjs.org/solid-js 303ms (cache miss)
552 silly packumentCache full:https://registry.npmjs.org/solid-js set size:undefined disposed:false
553 silly fetch manifest webpack@>=5.92.0
554 silly packumentCache full:https://registry.npmjs.org/webpack cache-miss
555 http fetch GET 200 https://registry.npmjs.org/webpack 439ms (cache miss)
556 silly packumentCache full:https://registry.npmjs.org/webpack set size:undefined disposed:false
557 silly fetch manifest class-variance-authority@^0.7.1
558 silly packumentCache full:https://registry.npmjs.org/class-variance-authority cache-miss
559 http fetch GET 200 https://registry.npmjs.org/class-variance-authority 147ms (cache miss)
560 silly packumentCache full:https://registry.npmjs.org/class-variance-authority set size:undefined disposed:false
561 silly fetch manifest clsx@^2.1.1
562 silly packumentCache full:https://registry.npmjs.org/clsx cache-miss
563 http fetch GET 200 https://registry.npmjs.org/clsx 114ms (cache miss)
564 silly packumentCache full:https://registry.npmjs.org/clsx set size:undefined disposed:false
565 silly fetch manifest cmdk@^1.1.1
566 silly packumentCache full:https://registry.npmjs.org/cmdk cache-miss
567 http fetch GET 200 https://registry.npmjs.org/cmdk 110ms (cache miss)
568 silly packumentCache full:https://registry.npmjs.org/cmdk set size:undefined disposed:false
569 silly fetch manifest date-fns@^4.1.0
570 silly packumentCache full:https://registry.npmjs.org/date-fns cache-miss
571 http fetch GET 200 https://registry.npmjs.org/date-fns 730ms (cache miss)
572 silly packumentCache full:https://registry.npmjs.org/date-fns set size:undefined disposed:false
573 silly fetch manifest embla-carousel-react@^8.6.0
574 silly packumentCache full:https://registry.npmjs.org/embla-carousel-react cache-miss
575 http fetch GET 200 https://registry.npmjs.org/embla-carousel-react 141ms (cache miss)
576 silly packumentCache full:https://registry.npmjs.org/embla-carousel-react set size:undefined disposed:false
577 silly fetch manifest input-otp@^1.4.2
578 silly packumentCache full:https://registry.npmjs.org/input-otp cache-miss
579 http fetch GET 200 https://registry.npmjs.org/input-otp 336ms (cache miss)
580 silly packumentCache full:https://registry.npmjs.org/input-otp set size:undefined disposed:false
581 silly fetch manifest lucide-react@^0.575.0
582 silly packumentCache full:https://registry.npmjs.org/lucide-react cache-miss
583 http fetch GET 200 https://registry.npmjs.org/lucide-react 233ms (cache updated)
584 silly packumentCache full:https://registry.npmjs.org/lucide-react set size:undefined disposed:false
585 silly fetch manifest react-day-picker@^9.14.0
586 silly packumentCache full:https://registry.npmjs.org/react-day-picker cache-miss
587 http fetch GET 200 https://registry.npmjs.org/react-day-picker 205ms (cache miss)
588 silly packumentCache full:https://registry.npmjs.org/react-day-picker set size:undefined disposed:false
589 silly fetch manifest react-resizable-panels@^4.6.5
590 silly packumentCache full:https://registry.npmjs.org/react-resizable-panels cache-miss
591 http fetch GET 200 https://registry.npmjs.org/react-resizable-panels 156ms (cache miss)
592 silly packumentCache full:https://registry.npmjs.org/react-resizable-panels set size:undefined disposed:false
593 silly fetch manifest recharts@^2.15.4
594 silly packumentCache full:https://registry.npmjs.org/recharts cache-miss
595 http fetch GET 200 https://registry.npmjs.org/recharts 346ms (cache miss)
596 silly packumentCache full:https://registry.npmjs.org/recharts set size:undefined disposed:false
597 silly fetch manifest sonner@^2.0.7
598 silly packumentCache full:https://registry.npmjs.org/sonner cache-miss
599 http fetch GET 200 https://registry.npmjs.org/sonner 108ms (cache miss)
600 silly packumentCache full:https://registry.npmjs.org/sonner set size:undefined disposed:false
601 silly fetch manifest tailwind-merge@^3.5.0
602 silly packumentCache full:https://registry.npmjs.org/tailwind-merge cache-miss
603 http fetch GET 200 https://registry.npmjs.org/tailwind-merge 215ms (cache miss)
604 silly packumentCache full:https://registry.npmjs.org/tailwind-merge set size:undefined disposed:false
605 silly fetch manifest tailwindcss@^4.2.1
606 silly packumentCache full:https://registry.npmjs.org/tailwindcss cache-miss
607 http fetch GET 200 https://registry.npmjs.org/tailwindcss 622ms (cache updated)
608 silly packumentCache full:https://registry.npmjs.org/tailwindcss set size:undefined disposed:false
609 silly fetch manifest tw-animate-css@^1.3.4
610 silly packumentCache full:https://registry.npmjs.org/tw-animate-css cache-miss
611 http fetch GET 200 https://registry.npmjs.org/tw-animate-css 151ms (cache miss)
612 silly packumentCache full:https://registry.npmjs.org/tw-animate-css set size:undefined disposed:false
613 silly fetch manifest vaul@^1.1.2
614 silly packumentCache full:https://registry.npmjs.org/vaul cache-miss
615 http fetch GET 200 https://registry.npmjs.org/vaul 124ms (cache miss)
616 silly packumentCache full:https://registry.npmjs.org/vaul set size:undefined disposed:false
617 silly fetch manifest vite-tsconfig-paths@^6.0.2
618 silly packumentCache full:https://registry.npmjs.org/vite-tsconfig-paths cache-miss
619 http fetch GET 200 https://registry.npmjs.org/vite-tsconfig-paths 339ms (cache miss)
620 silly packumentCache full:https://registry.npmjs.org/vite-tsconfig-paths set size:undefined disposed:false
621 silly fetch manifest @eslint/js@^9.32.0
622 silly packumentCache full:https://registry.npmjs.org/@eslint%2fjs cache-miss
623 http fetch GET 200 https://registry.npmjs.org/@eslint%2fjs 141ms (cache miss)
624 silly packumentCache full:https://registry.npmjs.org/@eslint%2fjs set size:undefined disposed:false
625 silly fetch manifest @lovable.dev/vite-tanstack-config@^2.20.0
626 silly packumentCache full:https://registry.npmjs.org/@lovable.dev%2fvite-tanstack-config cache-miss
627 http fetch GET 200 https://registry.npmjs.org/@lovable.dev%2fvite-tanstack-config 370ms (cache miss)
628 silly packumentCache full:https://registry.npmjs.org/@lovable.dev%2fvite-tanstack-config set size:undefined disposed:false
629 silly fetch manifest @tanstack/router-generator@>=1.121.0 <1.166.45 || >=1.166.49
630 silly packumentCache full:https://registry.npmjs.org/@tanstack%2frouter-generator cache-miss
631 http fetch GET 200 https://registry.npmjs.org/@tanstack%2frouter-generator 570ms (cache miss)
632 silly packumentCache full:https://registry.npmjs.org/@tanstack%2frouter-generator set size:undefined disposed:false
633 silly fetch manifest @vitejs/plugin-react@^5.2.0
634 silly packumentCache full:https://registry.npmjs.org/@vitejs%2fplugin-react cache-miss
635 http fetch GET 200 https://registry.npmjs.org/@vitejs%2fplugin-react 132ms (cache miss)
636 silly packumentCache full:https://registry.npmjs.org/@vitejs%2fplugin-react set size:undefined disposed:false
637 silly fetch manifest nitro@3.0.260603-beta
638 silly packumentCache full:https://registry.npmjs.org/nitro cache-miss
639 http fetch GET 200 https://registry.npmjs.org/nitro 139ms (cache miss)
640 silly packumentCache full:https://registry.npmjs.org/nitro set size:undefined disposed:false
641 silly fetch manifest @vercel/queue@^0.2.0
642 silly packumentCache full:https://registry.npmjs.org/@vercel%2fqueue cache-miss
643 http fetch GET 200 https://registry.npmjs.org/@vercel%2fqueue 462ms (cache miss)
644 silly packumentCache full:https://registry.npmjs.org/@vercel%2fqueue set size:undefined disposed:false
645 silly fetch manifest dotenv@*
646 silly packumentCache full:https://registry.npmjs.org/dotenv cache-miss
647 http fetch GET 200 https://registry.npmjs.org/dotenv 122ms (cache updated)
648 silly packumentCache full:https://registry.npmjs.org/dotenv set size:undefined disposed:false
649 silly fetch manifest giget@*
650 silly packumentCache full:https://registry.npmjs.org/giget cache-miss
651 http fetch GET 200 https://registry.npmjs.org/giget 105ms (cache miss)
652 silly packumentCache full:https://registry.npmjs.org/giget set size:undefined disposed:false
653 silly fetch manifest rollup@^4.60.4
654 silly packumentCache full:https://registry.npmjs.org/rollup cache-miss
655 http fetch GET 200 https://registry.npmjs.org/rollup 649ms (cache miss)
656 silly packumentCache full:https://registry.npmjs.org/rollup set size:undefined disposed:false
657 silly fetch manifest xml2js@^0.6.2
658 silly packumentCache full:https://registry.npmjs.org/xml2js cache-miss
659 http fetch GET 200 https://registry.npmjs.org/xml2js 124ms (cache miss)
660 silly packumentCache full:https://registry.npmjs.org/xml2js set size:undefined disposed:false
661 silly fetch manifest zephyr-agent@^0.2.0
662 silly packumentCache full:https://registry.npmjs.org/zephyr-agent cache-miss
663 http fetch GET 200 https://registry.npmjs.org/zephyr-agent 320ms (cache miss)
664 silly packumentCache full:https://registry.npmjs.org/zephyr-agent set size:undefined disposed:false
665 silly fetch manifest https-proxy-agent@^7.0.6
666 silly packumentCache full:https://registry.npmjs.org/https-proxy-agent cache-miss
667 http fetch GET 200 https://registry.npmjs.org/https-proxy-agent 120ms (cache revalidated)
668 silly packumentCache full:https://registry.npmjs.org/https-proxy-agent set size:83792 disposed:false
669 silly fetch manifest drizzle-kit@^0.31.10
670 silly packumentCache full:https://registry.npmjs.org/drizzle-kit cache-miss
671 http fetch GET 200 https://registry.npmjs.org/drizzle-kit 218ms (cache miss)
672 silly packumentCache full:https://registry.npmjs.org/drizzle-kit set size:undefined disposed:false
673 silly fetch manifest drizzle-orm@^0.45.2
674 silly packumentCache full:https://registry.npmjs.org/drizzle-orm cache-miss
675 http fetch GET 200 https://registry.npmjs.org/drizzle-orm 5850ms (cache miss)
676 silly packumentCache full:https://registry.npmjs.org/drizzle-orm set size:undefined disposed:false
677 silly fetch manifest @aws-sdk/client-rds-data@>=3
678 silly packumentCache full:https://registry.npmjs.org/@aws-sdk%2fclient-rds-data cache-miss
679 http fetch GET 200 https://registry.npmjs.org/@aws-sdk%2fclient-rds-data 516ms (cache miss)
680 silly packumentCache full:https://registry.npmjs.org/@aws-sdk%2fclient-rds-data set size:undefined disposed:false
681 silly fetch manifest @cloudflare/workers-types@>=4
682 silly packumentCache full:https://registry.npmjs.org/@cloudflare%2fworkers-types cache-miss
683 http fetch GET 200 https://registry.npmjs.org/@cloudflare%2fworkers-types 206ms (cache miss)
684 silly packumentCache full:https://registry.npmjs.org/@cloudflare%2fworkers-types set size:undefined disposed:false
685 silly fetch manifest @electric-sql/pglite@>=0.2.0
686 silly packumentCache full:https://registry.npmjs.org/@electric-sql%2fpglite cache-miss
687 http fetch GET 200 https://registry.npmjs.org/@electric-sql%2fpglite 132ms (cache miss)
688 silly packumentCache full:https://registry.npmjs.org/@electric-sql%2fpglite set size:undefined disposed:false
689 silly fetch manifest @libsql/client@>=0.10.0
690 silly packumentCache full:https://registry.npmjs.org/@libsql%2fclient cache-miss
691 http fetch GET 200 https://registry.npmjs.org/@libsql%2fclient 320ms (cache miss)
692 silly packumentCache full:https://registry.npmjs.org/@libsql%2fclient set size:undefined disposed:false
693 silly fetch manifest @libsql/client-wasm@>=0.10.0
694 silly packumentCache full:https://registry.npmjs.org/@libsql%2fclient-wasm cache-miss
695 http fetch GET 200 https://registry.npmjs.org/@libsql%2fclient-wasm 318ms (cache miss)
696 silly packumentCache full:https://registry.npmjs.org/@libsql%2fclient-wasm set size:undefined disposed:false
697 silly fetch manifest @neondatabase/serverless@>=0.10.0
698 silly packumentCache full:https://registry.npmjs.org/@neondatabase%2fserverless cache-miss
699 http fetch GET 200 https://registry.npmjs.org/@neondatabase%2fserverless 341ms (cache miss)
700 silly packumentCache full:https://registry.npmjs.org/@neondatabase%2fserverless set size:undefined disposed:false
701 silly fetch manifest @op-engineering/op-sqlite@>=2
702 silly packumentCache full:https://registry.npmjs.org/@op-engineering%2fop-sqlite cache-miss
703 http fetch GET 200 https://registry.npmjs.org/@op-engineering%2fop-sqlite 530ms (cache miss)
704 silly packumentCache full:https://registry.npmjs.org/@op-engineering%2fop-sqlite set size:undefined disposed:false
705 silly fetch manifest @sqlite.org/sqlite-wasm@*
706 silly packumentCache full:https://registry.npmjs.org/@sqlite.org%2fsqlite-wasm cache-miss
707 http fetch GET 200 https://registry.npmjs.org/@sqlite.org%2fsqlite-wasm 288ms (cache miss)
708 silly packumentCache full:https://registry.npmjs.org/@sqlite.org%2fsqlite-wasm set size:undefined disposed:false
709 silly fetch manifest react-native@*
710 silly packumentCache full:https://registry.npmjs.org/react-native cache-miss
711 http fetch GET 200 https://registry.npmjs.org/react-native 778ms (cache miss)
712 silly packumentCache full:https://registry.npmjs.org/react-native set size:undefined disposed:false
713 silly fetch manifest @opentelemetry/api@^1.4.1
714 silly packumentCache full:https://registry.npmjs.org/@opentelemetry%2fapi cache-hit
715 silly fetch manifest @planetscale/database@>=1.13
716 silly packumentCache full:https://registry.npmjs.org/@planetscale%2fdatabase cache-miss
717 http fetch GET 200 https://registry.npmjs.org/@planetscale%2fdatabase 304ms (cache miss)
718 silly packumentCache full:https://registry.npmjs.org/@planetscale%2fdatabase set size:undefined disposed:false
719 silly fetch manifest @prisma/client@*
720 silly packumentCache full:https://registry.npmjs.org/@prisma%2fclient cache-miss
721 http fetch GET 200 https://registry.npmjs.org/@prisma%2fclient 2727ms (cache miss)
722 silly packumentCache full:https://registry.npmjs.org/@prisma%2fclient set size:undefined disposed:false
723 silly fetch manifest prisma@*
724 silly packumentCache full:https://registry.npmjs.org/prisma cache-miss
725 http fetch GET 200 https://registry.npmjs.org/prisma 1973ms (cache miss)
726 silly packumentCache full:https://registry.npmjs.org/prisma set size:undefined disposed:false
727 silly fetch manifest @tidbcloud/serverless@*
728 silly packumentCache full:https://registry.npmjs.org/@tidbcloud%2fserverless cache-miss
729 http fetch GET 200 https://registry.npmjs.org/@tidbcloud%2fserverless 520ms (cache miss)
730 silly packumentCache full:https://registry.npmjs.org/@tidbcloud%2fserverless set size:undefined disposed:false
731 silly fetch manifest @types/better-sqlite3@*
732 silly packumentCache full:https://registry.npmjs.org/@types%2fbetter-sqlite3 cache-miss
733 http fetch GET 200 https://registry.npmjs.org/@types%2fbetter-sqlite3 318ms (cache miss)
734 silly packumentCache full:https://registry.npmjs.org/@types%2fbetter-sqlite3 set size:undefined disposed:false
735 silly fetch manifest @types/pg@*
736 silly packumentCache full:https://registry.npmjs.org/@types%2fpg cache-miss
737 http fetch GET 200 https://registry.npmjs.org/@types%2fpg 135ms (cache miss)
738 silly packumentCache full:https://registry.npmjs.org/@types%2fpg set size:undefined disposed:false
739 silly fetch manifest @types/sql.js@*
740 silly packumentCache full:https://registry.npmjs.org/@types%2fsql.js cache-miss
741 http fetch GET 200 https://registry.npmjs.org/@types%2fsql.js 669ms (cache miss)
742 silly packumentCache full:https://registry.npmjs.org/@types%2fsql.js set size:undefined disposed:false
743 silly fetch manifest @upstash/redis@>=1.34.7
744 silly packumentCache full:https://registry.npmjs.org/@upstash%2fredis cache-miss
745 http fetch GET 200 https://registry.npmjs.org/@upstash%2fredis 648ms (cache miss)
746 silly packumentCache full:https://registry.npmjs.org/@upstash%2fredis set size:undefined disposed:false
747 silly fetch manifest @vercel/postgres@>=0.8.0
748 silly packumentCache full:https://registry.npmjs.org/@vercel%2fpostgres cache-miss
749 http fetch GET 200 https://registry.npmjs.org/@vercel%2fpostgres 700ms (cache miss)
750 silly packumentCache full:https://registry.npmjs.org/@vercel%2fpostgres set size:undefined disposed:false
751 silly fetch manifest @xata.io/client@*
752 silly packumentCache full:https://registry.npmjs.org/@xata.io%2fclient cache-miss
753 http fetch GET 200 https://registry.npmjs.org/@xata.io%2fclient 994ms (cache miss)
754 silly packumentCache full:https://registry.npmjs.org/@xata.io%2fclient set size:undefined disposed:false
755 silly fetch manifest better-sqlite3@>=7
756 silly packumentCache full:https://registry.npmjs.org/better-sqlite3 cache-miss
757 http fetch GET 200 https://registry.npmjs.org/better-sqlite3 206ms (cache revalidated)
758 silly packumentCache full:https://registry.npmjs.org/better-sqlite3 set size:393419 disposed:false
759 silly fetch manifest bun-types@*
760 silly packumentCache full:https://registry.npmjs.org/bun-types cache-miss
761 http fetch GET 200 https://registry.npmjs.org/bun-types 286ms (cache miss)
762 silly packumentCache full:https://registry.npmjs.org/bun-types set size:undefined disposed:false
763 silly fetch manifest expo-sqlite@>=14.0.0
764 silly packumentCache full:https://registry.npmjs.org/expo-sqlite cache-miss
765 http fetch GET 200 https://registry.npmjs.org/expo-sqlite 176ms (cache miss)
766 silly packumentCache full:https://registry.npmjs.org/expo-sqlite set size:undefined disposed:false
767 silly fetch manifest expo@*
768 silly packumentCache full:https://registry.npmjs.org/expo cache-miss
769 http fetch GET 200 https://registry.npmjs.org/expo 300ms (cache miss)
770 silly packumentCache full:https://registry.npmjs.org/expo set size:undefined disposed:false
771 silly fetch manifest @expo/metro-runtime@*
772 silly packumentCache full:https://registry.npmjs.org/@expo%2fmetro-runtime cache-miss
773 http fetch GET 200 https://registry.npmjs.org/@expo%2fmetro-runtime 312ms (cache miss)
774 silly packumentCache full:https://registry.npmjs.org/@expo%2fmetro-runtime set size:undefined disposed:false
775 silly fetch manifest react-native-web@*
776 silly packumentCache full:https://registry.npmjs.org/react-native-web cache-miss
777 http fetch GET 200 https://registry.npmjs.org/react-native-web 166ms (cache miss)
778 silly packumentCache full:https://registry.npmjs.org/react-native-web set size:undefined disposed:false
779 silly fetch manifest react-native-webview@*
780 silly packumentCache full:https://registry.npmjs.org/react-native-webview cache-miss
781 http fetch GET 200 https://registry.npmjs.org/react-native-webview 364ms (cache miss)
782 silly packumentCache full:https://registry.npmjs.org/react-native-webview set size:undefined disposed:false
783 silly fetch manifest gel@>=2
784 silly packumentCache full:https://registry.npmjs.org/gel cache-miss
785 http fetch GET 200 https://registry.npmjs.org/gel 141ms (cache miss)
786 silly packumentCache full:https://registry.npmjs.org/gel set size:undefined disposed:false
787 silly fetch manifest knex@*
788 silly packumentCache full:https://registry.npmjs.org/knex cache-miss
789 http fetch GET 200 https://registry.npmjs.org/knex 188ms (cache miss)
790 silly packumentCache full:https://registry.npmjs.org/knex set size:undefined disposed:false
791 silly fetch manifest pg-query-stream@^4.14.0
792 silly packumentCache full:https://registry.npmjs.org/pg-query-stream cache-miss
793 http fetch GET 200 https://registry.npmjs.org/pg-query-stream 138ms (cache miss)
794 silly packumentCache full:https://registry.npmjs.org/pg-query-stream set size:undefined disposed:false
795 silly fetch manifest pg@^8
796 silly packumentCache full:https://registry.npmjs.org/pg cache-miss
797 http fetch GET 200 https://registry.npmjs.org/pg 136ms (cache revalidated)
798 silly packumentCache full:https://registry.npmjs.org/pg set size:482398 disposed:false
799 silly fetch manifest pg-native@>=3.0.1
800 silly packumentCache full:https://registry.npmjs.org/pg-native cache-miss
801 http fetch GET 200 https://registry.npmjs.org/pg-native 123ms (cache revalidated)
802 silly packumentCache full:https://registry.npmjs.org/pg-native set size:94559 disposed:false
803 silly fetch manifest kysely@*
804 silly packumentCache full:https://registry.npmjs.org/kysely cache-miss
805 http fetch GET 200 https://registry.npmjs.org/kysely 177ms (cache miss)
806 silly packumentCache full:https://registry.npmjs.org/kysely set size:undefined disposed:false
807 silly fetch manifest mysql2@>=2
808 silly packumentCache full:https://registry.npmjs.org/mysql2 cache-miss
809 http fetch GET 200 https://registry.npmjs.org/mysql2 373ms (cache miss)
810 silly packumentCache full:https://registry.npmjs.org/mysql2 set size:undefined disposed:false
811 silly fetch manifest postgres@^3.4.9
812 silly packumentCache full:https://registry.npmjs.org/postgres cache-miss
813 http fetch GET 200 https://registry.npmjs.org/postgres 131ms (cache miss)
814 silly packumentCache full:https://registry.npmjs.org/postgres set size:undefined disposed:false
815 silly fetch manifest sql.js@>=1
816 silly packumentCache full:https://registry.npmjs.org/sql.js cache-miss
817 http fetch GET 200 https://registry.npmjs.org/sql.js 321ms (cache miss)
818 silly packumentCache full:https://registry.npmjs.org/sql.js set size:undefined disposed:false
819 silly fetch manifest sqlite3@>=5
820 silly packumentCache full:https://registry.npmjs.org/sqlite3 cache-miss
821 http fetch GET 200 https://registry.npmjs.org/sqlite3 134ms (cache miss)
822 silly packumentCache full:https://registry.npmjs.org/sqlite3 set size:undefined disposed:false
823 silly fetch manifest eslint@^9.32.0
824 silly packumentCache full:https://registry.npmjs.org/eslint cache-miss
825 http fetch GET 200 https://registry.npmjs.org/eslint 378ms (cache miss)
826 silly packumentCache full:https://registry.npmjs.org/eslint set size:undefined disposed:false
827 silly fetch manifest jiti@*
828 silly packumentCache full:https://registry.npmjs.org/jiti cache-hit
829 silly fetch manifest eslint-config-prettier@^10.1.1
830 silly packumentCache full:https://registry.npmjs.org/eslint-config-prettier cache-miss
831 http fetch GET 200 https://registry.npmjs.org/eslint-config-prettier 123ms (cache miss)
832 silly packumentCache full:https://registry.npmjs.org/eslint-config-prettier set size:undefined disposed:false
833 silly fetch manifest eslint-plugin-prettier@^5.2.6
834 silly packumentCache full:https://registry.npmjs.org/eslint-plugin-prettier cache-miss
835 http fetch GET 200 https://registry.npmjs.org/eslint-plugin-prettier 129ms (cache miss)
836 silly packumentCache full:https://registry.npmjs.org/eslint-plugin-prettier set size:undefined disposed:false
837 silly fetch manifest @types/eslint@>=8.0.0
838 silly packumentCache full:https://registry.npmjs.org/@types%2feslint cache-miss
839 http fetch GET 200 https://registry.npmjs.org/@types%2feslint 145ms (cache miss)
840 silly packumentCache full:https://registry.npmjs.org/@types%2feslint set size:undefined disposed:false
841 silly fetch manifest prettier@^3.7.3
842 silly packumentCache full:https://registry.npmjs.org/prettier cache-miss
843 http fetch GET 200 https://registry.npmjs.org/prettier 143ms (cache miss)
844 silly packumentCache full:https://registry.npmjs.org/prettier set size:undefined disposed:false
845 silly fetch manifest eslint-plugin-react-hooks@^5.2.0
846 silly packumentCache full:https://registry.npmjs.org/eslint-plugin-react-hooks cache-miss
847 http fetch GET 200 https://registry.npmjs.org/eslint-plugin-react-hooks 465ms (cache miss)
848 silly packumentCache full:https://registry.npmjs.org/eslint-plugin-react-hooks set size:undefined disposed:false
849 silly fetch manifest eslint-plugin-react-refresh@^0.4.20
850 silly packumentCache full:https://registry.npmjs.org/eslint-plugin-react-refresh cache-miss
851 http fetch GET 200 https://registry.npmjs.org/eslint-plugin-react-refresh 130ms (cache miss)
852 silly packumentCache full:https://registry.npmjs.org/eslint-plugin-react-refresh set size:undefined disposed:false
853 silly fetch manifest globals@^15.15.0
854 silly packumentCache full:https://registry.npmjs.org/globals cache-miss
855 http fetch GET 200 https://registry.npmjs.org/globals 142ms (cache miss)
856 silly packumentCache full:https://registry.npmjs.org/globals set size:undefined disposed:false
857 silly fetch manifest jiti@^2.7.0
858 silly packumentCache full:https://registry.npmjs.org/jiti cache-hit
859 silly fetch manifest typescript-eslint@^8.56.1
860 silly packumentCache full:https://registry.npmjs.org/typescript-eslint cache-miss
861 http fetch GET 200 https://registry.npmjs.org/typescript-eslint 385ms (cache miss)
862 silly packumentCache full:https://registry.npmjs.org/typescript-eslint set size:undefined disposed:false
863 silly placeDep ROOT @eslint/js@9.39.5 OK for:  want: ^9.32.0
864 silly placeDep ROOT @hookform/resolvers@5.9.1 OK for:  want: ^5.2.2
865 silly placeDep ROOT react-hook-form@7.88.0 OK for: @hookform/resolvers@5.9.1 want: ^7.55.0
866 silly placeDep ROOT react@19.3.0 OK for: react-hook-form@7.88.0 want: ^16.8.0 || ^17 || ^18 || ^19
867 silly placeDep ROOT @lovable.dev/vite-tanstack-config@2.23.0 OK for:  want: ^2.20.0
868 silly placeDep ROOT vite@8.1.5 OK for: @lovable.dev/vite-tanstack-config@2.23.0 want: >=5.0.0 <9.0.0
869 silly placeDep ROOT @tailwindcss/vite@4.3.3 OK for: @lovable.dev/vite-tanstack-config@2.23.0 want: >=4.0.0
870 silly placeDep ROOT vite-tsconfig-paths@6.1.1 OK for: @lovable.dev/vite-tanstack-config@2.23.0 want: >=6.0.0
871 silly placeDep ROOT @vitejs/plugin-react@5.2.0 OK for: @lovable.dev/vite-tanstack-config@2.23.0 want: >=4.0.0
872 silly placeDep ROOT @tanstack/react-start@1.168.32 OK for: @lovable.dev/vite-tanstack-config@2.23.0 want: >=1.100.0
873 silly placeDep ROOT react-dom@19.3.0 OK for: @tanstack/react-start@1.168.32 want: >=18.0.0 || >=19.0.0
874 silly placeDep ROOT @radix-ui/react-accordion@1.2.20 OK for:  want: ^1.2.12
875 silly placeDep ROOT @radix-ui/react-alert-dialog@1.1.23 OK for:  want: ^1.1.15
876 silly placeDep ROOT @radix-ui/react-aspect-ratio@1.1.15 OK for:  want: ^1.1.8
877 silly placeDep ROOT @radix-ui/react-avatar@1.2.6 OK for:  want: ^1.1.11
878 silly placeDep ROOT @radix-ui/react-checkbox@1.3.11 OK for:  want: ^1.3.3
879 silly placeDep ROOT @radix-ui/react-collapsible@1.1.20 OK for:  want: ^1.1.12
880 silly placeDep ROOT @radix-ui/react-context-menu@2.3.7 OK for:  want: ^2.2.16
881 silly placeDep ROOT @radix-ui/react-dialog@1.1.23 OK for:  want: ^1.1.15
882 silly placeDep ROOT @radix-ui/react-dropdown-menu@2.1.24 OK for:  want: ^2.1.16
883 silly placeDep ROOT @radix-ui/react-hover-card@1.1.23 OK for:  want: ^1.1.15
884 silly placeDep ROOT @radix-ui/react-label@2.1.15 OK for:  want: ^2.1.8
885 silly placeDep ROOT @radix-ui/react-menubar@1.1.24 OK for:  want: ^1.1.16
886 silly placeDep ROOT @radix-ui/react-navigation-menu@1.2.22 OK for:  want: ^1.2.14
887 silly placeDep ROOT @radix-ui/react-popover@1.1.23 OK for:  want: ^1.1.15
888 silly placeDep ROOT @radix-ui/react-progress@1.1.16 OK for:  want: ^1.1.8
889 silly placeDep ROOT @radix-ui/react-radio-group@1.4.7 OK for:  want: ^1.3.8
890 silly placeDep ROOT @radix-ui/react-scroll-area@1.2.18 OK for:  want: ^1.2.10
891 silly placeDep ROOT @radix-ui/react-select@2.3.7 OK for:  want: ^2.2.6
892 silly placeDep ROOT @radix-ui/react-separator@1.1.15 OK for:  want: ^1.1.8
893 silly placeDep ROOT @radix-ui/react-slider@1.4.7 OK for:  want: ^1.3.6
894 silly placeDep ROOT @radix-ui/react-slot@1.3.3 OK for:  want: ^1.2.4
895 silly placeDep ROOT @radix-ui/react-switch@1.3.7 OK for:  want: ^1.2.6
896 silly placeDep ROOT @radix-ui/react-tabs@1.1.21 OK for:  want: ^1.1.13
897 silly placeDep ROOT @radix-ui/react-toggle@1.1.18 OK for:  want: ^1.1.10
898 silly placeDep ROOT @radix-ui/react-toggle-group@1.1.19 OK for:  want: ^1.1.11
899 silly placeDep ROOT @radix-ui/react-tooltip@1.2.16 OK for:  want: ^1.2.8
900 silly placeDep ROOT @supabase/supabase-js@2.116.0 OK for:  want: ^2.116.0
901 silly placeDep ROOT @tanstack/react-query@5.103.1 OK for:  want: ^5.101.1
902 silly placeDep ROOT @tanstack/react-router@1.170.18 OK for:  want: 1.170.18
903 silly placeDep ROOT @tanstack/router-plugin@1.168.23 OK for:  want: 1.168.23
904 silly placeDep ROOT @types/node@22.20.3 OK for:  want: ^22.16.5
905 silly placeDep ROOT @types/react@19.3.0 OK for:  want: ^19.2.0
906 silly placeDep ROOT @types/react-dom@19.3.0 OK for:  want: ^19.2.0
907 silly placeDep ROOT class-variance-authority@0.7.1 OK for:  want: ^0.7.1
908 silly placeDep ROOT clsx@2.1.1 OK for:  want: ^2.1.1
909 silly placeDep ROOT cmdk@1.1.1 OK for:  want: ^1.1.1
910 silly placeDep ROOT date-fns@4.4.0 OK for:  want: ^4.1.0
911 silly placeDep ROOT drizzle-kit@0.31.10 OK for:  want: ^0.31.10
912 silly placeDep ROOT drizzle-orm@0.45.2 OK for:  want: ^0.45.2
913 silly placeDep ROOT embla-carousel-react@8.6.0 OK for:  want: ^8.6.0
914 silly placeDep ROOT eslint@9.39.5 OK for:  want: ^9.32.0
915 silly placeDep ROOT eslint-config-prettier@10.1.8 OK for:  want: ^10.1.1
916 silly placeDep ROOT eslint-plugin-prettier@5.5.6 OK for:  want: ^5.2.6
917 silly placeDep ROOT prettier@3.9.8 OK for: eslint-plugin-prettier@5.5.6 want: >=3.0.0
918 silly placeDep ROOT eslint-plugin-react-hooks@5.2.0 OK for:  want: ^5.2.0
919 silly placeDep ROOT eslint-plugin-react-refresh@0.4.26 OK for:  want: ^0.4.20
920 silly placeDep ROOT globals@15.15.0 OK for:  want: ^15.15.0
921 silly placeDep ROOT input-otp@1.5.0 OK for:  want: ^1.4.2
922 silly placeDep ROOT lucide-react@0.575.0 OK for:  want: ^0.575.0
923 silly placeDep ROOT nitro@3.0.260603-beta OK for:  want: 3.0.260603-beta
924 silly placeDep ROOT postgres@3.4.9 OK for:  want: ^3.4.9
925 silly placeDep ROOT react-day-picker@9.14.0 OK for:  want: ^9.14.0
926 silly placeDep ROOT react-resizable-panels@4.12.4 OK for:  want: ^4.6.5
927 silly placeDep ROOT recharts@2.15.4 OK for:  want: ^2.15.4
928 silly placeDep ROOT sonner@2.0.8 OK for:  want: ^2.0.7
929 silly placeDep ROOT tailwind-merge@3.7.0 OK for:  want: ^3.5.0
930 silly placeDep ROOT tailwindcss@4.3.3 OK for:  want: ^4.2.1
931 silly placeDep ROOT tw-animate-css@1.4.0 OK for:  want: ^1.3.4
932 silly placeDep ROOT typescript@5.9.3 OK for:  want: ^5.8.3
933 silly placeDep ROOT typescript-eslint@8.70.0 OK for:  want: ^8.56.1
934 silly placeDep ROOT vaul@1.1.2 OK for:  want: ^1.1.2
935 silly placeDep ROOT zod@3.25.76 OK for:  want: ^3.25.76
936 silly fetch manifest @standard-schema/utils@^0.3.0
937 silly packumentCache full:https://registry.npmjs.org/@standard-schema%2futils cache-miss
938 silly fetch manifest lightningcss@^1.30.0
939 silly packumentCache full:https://registry.npmjs.org/lightningcss cache-miss
940 silly fetch manifest @tanstack/devtools-vite@^0.8.1
941 silly packumentCache full:https://registry.npmjs.org/@tanstack%2fdevtools-vite cache-miss
942 silly fetch manifest pathe@^2.0.3
943 silly packumentCache full:https://registry.npmjs.org/pathe cache-miss
944 silly fetch manifest @tanstack/router-utils@1.162.2
945 silly packumentCache full:https://registry.npmjs.org/@tanstack%2frouter-utils cache-miss
946 silly fetch manifest @tanstack/react-start-rsc@0.1.31
947 silly packumentCache full:https://registry.npmjs.org/@tanstack%2freact-start-rsc cache-miss
948 silly fetch manifest @tanstack/start-client-core@1.170.14
949 silly packumentCache full:https://registry.npmjs.org/@tanstack%2fstart-client-core cache-miss
950 http fetch GET 200 https://registry.npmjs.org/pathe 496ms (cache miss)
951 silly packumentCache full:https://registry.npmjs.org/pathe set size:undefined disposed:false
952 silly fetch manifest @tanstack/start-plugin-core@1.171.24
953 silly packumentCache full:https://registry.npmjs.org/@tanstack%2fstart-plugin-core cache-miss
954 http fetch GET 200 https://registry.npmjs.org/lightningcss 538ms (cache miss)
955 silly packumentCache full:https://registry.npmjs.org/lightningcss set size:undefined disposed:false
956 silly fetch manifest @tanstack/start-server-core@1.169.17
957 silly packumentCache full:https://registry.npmjs.org/@tanstack%2fstart-server-core cache-miss
958 http fetch GET 200 https://registry.npmjs.org/@standard-schema%2futils 668ms (cache miss)
959 silly packumentCache full:https://registry.npmjs.org/@standard-schema%2futils set size:undefined disposed:false
960 silly fetch manifest @tanstack/react-start-client@1.168.16
961 silly packumentCache full:https://registry.npmjs.org/@tanstack%2freact-start-client cache-miss
962 http fetch GET 200 https://registry.npmjs.org/@tanstack%2fdevtools-vite 668ms (cache miss)
963 silly packumentCache full:https://registry.npmjs.org/@tanstack%2fdevtools-vite set size:undefined disposed:false
964 silly fetch manifest @tanstack/react-start-server@1.167.22
965 silly packumentCache full:https://registry.npmjs.org/@tanstack%2freact-start-server cache-miss
966 http fetch GET 200 https://registry.npmjs.org/@tanstack%2frouter-utils 947ms (cache miss)
967 silly packumentCache full:https://registry.npmjs.org/@tanstack%2frouter-utils set size:undefined disposed:false
968 silly fetch manifest scheduler@^0.28.0
969 silly packumentCache full:https://registry.npmjs.org/scheduler cache-miss
970 http fetch GET 200 https://registry.npmjs.org/@tanstack%2freact-start-rsc 973ms (cache miss)
971 silly packumentCache full:https://registry.npmjs.org/@tanstack%2freact-start-rsc set size:undefined disposed:false
972 silly fetch manifest @babel/core@^7.29.0
973 silly packumentCache full:https://registry.npmjs.org/@babel%2fcore cache-miss
974 http fetch GET 200 https://registry.npmjs.org/@tanstack%2fstart-client-core 1082ms (cache miss)
975 silly packumentCache full:https://registry.npmjs.org/@tanstack%2fstart-client-core set size:undefined disposed:false
976 silly fetch manifest react-refresh@^0.18.0
977 silly packumentCache full:https://registry.npmjs.org/react-refresh cache-miss
978 http fetch GET 200 https://registry.npmjs.org/@babel%2fcore 519ms (cache updated)
979 silly packumentCache full:https://registry.npmjs.org/@babel%2fcore set size:undefined disposed:false
980 silly fetch manifest @types/babel__core@^7.20.5
981 silly packumentCache full:https://registry.npmjs.org/@types%2fbabel__core cache-miss
982 http fetch GET 200 https://registry.npmjs.org/@tanstack%2fstart-server-core 1065ms (cache miss)
983 silly packumentCache full:https://registry.npmjs.org/@tanstack%2fstart-server-core set size:undefined disposed:false
984 silly fetch manifest @rolldown/pluginutils@1.0.0-rc.3
985 silly packumentCache full:https://registry.npmjs.org/@rolldown%2fpluginutils cache-miss
986 http fetch GET 200 https://registry.npmjs.org/@tanstack%2freact-start-client 1038ms (cache miss)
987 silly packumentCache full:https://registry.npmjs.org/@tanstack%2freact-start-client set size:undefined disposed:false
988 silly fetch manifest @babel/plugin-transform-react-jsx-self@^7.27.1
989 silly packumentCache full:https://registry.npmjs.org/@babel%2fplugin-transform-react-jsx-self cache-miss
990 http fetch GET 200 https://registry.npmjs.org/@tanstack%2fstart-plugin-core 1345ms (cache miss)
991 silly packumentCache full:https://registry.npmjs.org/@tanstack%2fstart-plugin-core set size:undefined disposed:false
992 silly fetch manifest @babel/plugin-transform-react-jsx-source@^7.27.1
993 silly packumentCache full:https://registry.npmjs.org/@babel%2fplugin-transform-react-jsx-source cache-miss
994 http fetch GET 200 https://registry.npmjs.org/@types%2fbabel__core 464ms (cache miss)
995 silly packumentCache full:https://registry.npmjs.org/@types%2fbabel__core set size:undefined disposed:false
996 silly fetch manifest debug@^4.1.1
997 silly packumentCache full:https://registry.npmjs.org/debug cache-miss
998 http fetch GET 200 https://registry.npmjs.org/@tanstack%2freact-start-server 1373ms (cache miss)
999 silly packumentCache full:https://registry.npmjs.org/@tanstack%2freact-start-server set size:undefined disposed:false
1000 silly fetch manifest globrex@^0.1.2
1001 silly packumentCache full:https://registry.npmjs.org/globrex cache-miss
1002 http fetch GET 200 https://registry.npmjs.org/@rolldown%2fpluginutils 477ms (cache miss)
1003 silly packumentCache full:https://registry.npmjs.org/@rolldown%2fpluginutils set size:undefined disposed:false
1004 silly fetch manifest tsconfck@^3.0.3
1005 silly packumentCache full:https://registry.npmjs.org/tsconfck cache-miss
1006 http fetch GET 200 https://registry.npmjs.org/@babel%2fplugin-transform-react-jsx-self 367ms (cache miss)
1007 silly packumentCache full:https://registry.npmjs.org/@babel%2fplugin-transform-react-jsx-self set size:undefined disposed:false
1008 silly fetch manifest tailwindcss@4.3.3
1009 silly packumentCache full:https://registry.npmjs.org/tailwindcss cache-miss
1010 http cache https://registry.npmjs.org/tailwindcss 190ms (cache hit)
1011 silly packumentCache full:https://registry.npmjs.org/tailwindcss set size:10879261 disposed:false
1012 silly fetch manifest @tailwindcss/node@4.3.3
1013 silly packumentCache full:https://registry.npmjs.org/@tailwindcss%2fnode cache-miss
1014 http fetch GET 200 https://registry.npmjs.org/globrex 845ms (cache miss)
1015 silly packumentCache full:https://registry.npmjs.org/globrex set size:undefined disposed:false
1016 silly fetch manifest @tailwindcss/oxide@4.3.3
1017 silly packumentCache full:https://registry.npmjs.org/@tailwindcss%2foxide cache-miss
1018 http fetch GET 200 https://registry.npmjs.org/debug 942ms (cache revalidated)
1019 silly packumentCache full:https://registry.npmjs.org/debug set size:195840 disposed:false
1020 silly fetch manifest postcss@^8.5.17
1021 silly packumentCache full:https://registry.npmjs.org/postcss cache-hit
1022 silly fetch manifest rolldown@1.2.1
1023 silly packumentCache full:https://registry.npmjs.org/rolldown cache-miss
1024 http fetch GET 200 https://registry.npmjs.org/tsconfck 855ms (cache miss)
1025 silly packumentCache full:https://registry.npmjs.org/tsconfck set size:undefined disposed:false
1026 silly fetch manifest picomatch@^4.0.5
1027 silly packumentCache full:https://registry.npmjs.org/picomatch cache-miss
1028 http fetch GET 200 https://registry.npmjs.org/@babel%2fplugin-transform-react-jsx-source 1122ms (cache miss)
1029 silly packumentCache full:https://registry.npmjs.org/@babel%2fplugin-transform-react-jsx-source set size:undefined disposed:false
1030 silly fetch manifest tinyglobby@^0.2.17
1031 silly packumentCache full:https://registry.npmjs.org/tinyglobby cache-miss
1032 http fetch GET 200 https://registry.npmjs.org/picomatch 172ms (cache revalidated)
1033 silly packumentCache full:https://registry.npmjs.org/picomatch set size:134451 disposed:false
1034 silly fetch manifest lightningcss@^1.32.0
1035 silly packumentCache full:https://registry.npmjs.org/lightningcss cache-miss
1036 http fetch GET 200 https://registry.npmjs.org/tinyglobby 159ms (cache revalidated)
1037 silly packumentCache full:https://registry.npmjs.org/tinyglobby set size:54291 disposed:false
1038 silly fetch manifest fsevents@~2.3.3
1039 silly packumentCache full:https://registry.npmjs.org/fsevents cache-miss
1040 http cache https://registry.npmjs.org/lightningcss 67ms (cache hit)
1041 silly packumentCache full:https://registry.npmjs.org/lightningcss set size:191065 disposed:false
1042 silly fetch manifest @radix-ui/react-id@1.1.4
1043 silly packumentCache full:https://registry.npmjs.org/@radix-ui%2freact-id cache-miss
1044 http fetch GET 200 https://registry.npmjs.org/fsevents 190ms (cache revalidated)
1045 silly packumentCache full:https://registry.npmjs.org/fsevents set size:182472 disposed:false
1046 silly fetch manifest @radix-ui/primitive@1.1.7
1047 silly packumentCache full:https://registry.npmjs.org/@radix-ui%2fprimitive cache-miss
1048 http fetch GET 200 https://registry.npmjs.org/scheduler 2534ms (cache updated)
1049 silly packumentCache full:https://registry.npmjs.org/scheduler set size:undefined disposed:false
1050 silly fetch manifest @radix-ui/react-context@1.2.2
1051 silly packumentCache full:https://registry.npmjs.org/@radix-ui%2freact-context cache-miss
1052 http fetch GET 200 https://registry.npmjs.org/@tailwindcss%2fnode 924ms (cache miss)
1053 silly packumentCache full:https://registry.npmjs.org/@tailwindcss%2fnode set size:undefined disposed:false
1054 silly fetch manifest @radix-ui/react-direction@1.1.4
1055 silly packumentCache full:https://registry.npmjs.org/@radix-ui%2freact-direction cache-miss
1056 http fetch GET 200 https://registry.npmjs.org/@radix-ui%2freact-id 678ms (cache miss)
1057 silly packumentCache full:https://registry.npmjs.org/@radix-ui%2freact-id set size:undefined disposed:false
1058 silly fetch manifest @radix-ui/react-primitive@2.1.10
1059 silly packumentCache full:https://registry.npmjs.org/@radix-ui%2freact-primitive cache-miss
1060 http fetch GET 200 https://registry.npmjs.org/@radix-ui%2fprimitive 552ms (cache miss)
1061 silly packumentCache full:https://registry.npmjs.org/@radix-ui%2fprimitive set size:undefined disposed:false
1062 silly fetch manifest @radix-ui/react-collection@1.1.15
1063 silly packumentCache full:https://registry.npmjs.org/@radix-ui%2freact-collection cache-miss
1064 http fetch GET 200 https://registry.npmjs.org/react-refresh 2963ms (cache miss)
1065 silly packumentCache full:https://registry.npmjs.org/react-refresh set size:undefined disposed:false
1066 silly fetch manifest @radix-ui/react-collapsible@1.1.20
1067 silly packumentCache full:https://registry.npmjs.org/@radix-ui%2freact-collapsible cache-miss
1068 http fetch GET 200 https://registry.npmjs.org/@radix-ui%2freact-context 753ms (cache miss)
1069 silly packumentCache full:https://registry.npmjs.org/@radix-ui%2freact-context set size:undefined disposed:false
1070 silly fetch manifest @radix-ui/react-compose-refs@1.1.5
1071 silly packumentCache full:https://registry.npmjs.org/@radix-ui%2freact-compose-refs cache-miss
1072 http fetch GET 200 https://registry.npmjs.org/@radix-ui%2freact-direction 556ms (cache miss)
1073 silly packumentCache full:https://registry.npmjs.org/@radix-ui%2freact-direction set size:undefined disposed:false
1074 silly fetch manifest @radix-ui/react-use-controllable-state@1.2.6
1075 silly packumentCache full:https://registry.npmjs.org/@radix-ui%2freact-use-controllable-state cache-miss
1076 http cache https://registry.npmjs.org/@radix-ui%2freact-collapsible 134ms (cache hit)
1077 silly packumentCache full:https://registry.npmjs.org/@radix-ui%2freact-collapsible set size:972152 disposed:false
1078 silly fetch manifest @radix-ui/react-dialog@1.1.23
1079 silly packumentCache full:https://registry.npmjs.org/@radix-ui%2freact-dialog cache-miss
1080 http cache https://registry.npmjs.org/@radix-ui%2freact-dialog 84ms (cache hit)
1081 silly packumentCache full:https://registry.npmjs.org/@radix-ui%2freact-dialog set size:1257294 disposed:false
1082 silly fetch manifest @radix-ui/react-primitive@2.1.10
1083 silly packumentCache full:https://registry.npmjs.org/@radix-ui%2freact-primitive cache-miss
1084 http fetch GET 200 https://registry.npmjs.org/rolldown 1745ms (cache miss)
1085 silly packumentCache full:https://registry.npmjs.org/rolldown set size:undefined disposed:false
1086 silly fetch manifest @radix-ui/react-compose-refs@1.1.5
1087 silly packumentCache full:https://registry.npmjs.org/@radix-ui%2freact-compose-refs cache-miss
1088 http fetch GET 200 https://registry.npmjs.org/@radix-ui%2freact-primitive 906ms (cache miss)
1089 silly packumentCache full:https://registry.npmjs.org/@radix-ui%2freact-primitive set size:undefined disposed:false
1090 silly fetch manifest @radix-ui/react-use-is-hydrated@0.1.3
1091 silly packumentCache full:https://registry.npmjs.org/@radix-ui%2freact-use-is-hydrated cache-miss
1092 http fetch GET 200 https://registry.npmjs.org/@radix-ui%2freact-compose-refs 490ms (cache miss)
1093 silly packumentCache full:https://registry.npmjs.org/@radix-ui%2freact-compose-refs set size:undefined disposed:false
1094 silly fetch manifest @radix-ui/react-use-callback-ref@1.1.4
1095 silly packumentCache full:https://registry.npmjs.org/@radix-ui%2freact-use-callback-ref cache-miss
1096 http fetch GET 200 https://registry.npmjs.org/@radix-ui%2freact-collection 1016ms (cache miss)
1097 silly packumentCache full:https://registry.npmjs.org/@radix-ui%2freact-collection set size:undefined disposed:false
1098 silly fetch manifest @radix-ui/react-use-layout-effect@1.1.4
1099 silly packumentCache full:https://registry.npmjs.org/@radix-ui%2freact-use-layout-effect cache-miss
1100 http fetch GET 200 https://registry.npmjs.org/@radix-ui%2freact-use-controllable-state 580ms (cache miss)
1101 silly packumentCache full:https://registry.npmjs.org/@radix-ui%2freact-use-controllable-state set size:undefined disposed:false
1102 silly fetch manifest @radix-ui/react-presence@1.1.10
1103 silly packumentCache full:https://registry.npmjs.org/@radix-ui%2freact-presence cache-miss
1104 http cache https://registry.npmjs.org/@radix-ui%2freact-primitive 406ms (cache hit)
1105 silly packumentCache full:https://registry.npmjs.org/@radix-ui%2freact-primitive set size:724066 disposed:false
1106 silly fetch manifest @radix-ui/react-use-size@1.1.4
1107 silly packumentCache full:https://registry.npmjs.org/@radix-ui%2freact-use-size cache-miss
1108 http cache https://registry.npmjs.org/@radix-ui%2freact-compose-refs 274ms (cache hit)
1109 silly packumentCache full:https://registry.npmjs.org/@radix-ui%2freact-compose-refs set size:252692 disposed:false
1110 silly fetch manifest @radix-ui/react-presence@1.1.10
1111 silly packumentCache full:https://registry.npmjs.org/@radix-ui%2freact-presence cache-miss
1112 http fetch GET 200 https://registry.npmjs.org/@radix-ui%2freact-use-is-hydrated 276ms (cache miss)
1113 silly packumentCache full:https://registry.npmjs.org/@radix-ui%2freact-use-is-hydrated set size:undefined disposed:false
1114 silly fetch manifest @radix-ui/react-use-layout-effect@1.1.4
1115 silly packumentCache full:https://registry.npmjs.org/@radix-ui%2freact-use-layout-effect cache-miss
1116 http fetch GET 200 https://registry.npmjs.org/@radix-ui%2freact-use-layout-effect 192ms (cache miss)
1117 silly packumentCache full:https://registry.npmjs.org/@radix-ui%2freact-use-layout-effect set size:undefined disposed:false
1118 silly fetch manifest @radix-ui/react-menu@2.1.24
1119 silly packumentCache full:https://registry.npmjs.org/@radix-ui%2freact-menu cache-miss
1120 http fetch GET 200 https://registry.npmjs.org/@tailwindcss%2foxide 2342ms (cache miss)
1121 silly packumentCache full:https://registry.npmjs.org/@tailwindcss%2foxide set size:undefined disposed:false
1122 silly fetch manifest aria-hidden@^1.2.4
1123 silly packumentCache full:https://registry.npmjs.org/aria-hidden cache-miss
1124 http fetch GET 200 https://registry.npmjs.org/@radix-ui%2freact-use-layout-effect 329ms (cache miss)
1125 silly packumentCache full:https://registry.npmjs.org/@radix-ui%2freact-use-layout-effect set size:undefined disposed:false
1126 silly fetch manifest react-remove-scroll@^2.7.2
1127 silly packumentCache full:https://registry.npmjs.org/react-remove-scroll cache-miss
1128 http fetch GET 200 https://registry.npmjs.org/@radix-ui%2freact-presence 480ms (cache miss)
1129 silly packumentCache full:https://registry.npmjs.org/@radix-ui%2freact-presence set size:undefined disposed:false
1130 silly fetch manifest @radix-ui/react-slot@1.3.3
1131 silly packumentCache full:https://registry.npmjs.org/@radix-ui%2freact-slot cache-miss
1132 http fetch GET 200 https://registry.npmjs.org/@radix-ui%2freact-use-callback-ref 610ms (cache miss)
1133 silly packumentCache full:https://registry.npmjs.org/@radix-ui%2freact-use-callback-ref set size:undefined disposed:false
1134 silly fetch manifest @radix-ui/react-portal@1.1.17
1135 silly packumentCache full:https://registry.npmjs.org/@radix-ui%2freact-portal cache-miss
1136 http fetch GET 200 https://registry.npmjs.org/@radix-ui%2freact-use-size 482ms (cache miss)
1137 silly packumentCache full:https://registry.npmjs.org/@radix-ui%2freact-use-size set size:undefined disposed:false
1138 silly fetch manifest @radix-ui/react-focus-scope@1.1.16
1139 silly packumentCache full:https://registry.npmjs.org/@radix-ui%2freact-focus-scope cache-miss
1140 http fetch GET 200 https://registry.npmjs.org/aria-hidden 222ms (cache miss)
1141 silly packumentCache full:https://registry.npmjs.org/aria-hidden set size:undefined disposed:false
1142 silly fetch manifest @radix-ui/react-focus-guards@1.1.6
1143 silly packumentCache full:https://registry.npmjs.org/@radix-ui%2freact-focus-guards cache-miss
1144 http fetch GET 200 https://registry.npmjs.org/@radix-ui%2freact-presence 514ms (cache miss)
1145 silly packumentCache full:https://registry.npmjs.org/@radix-ui%2freact-presence set size:undefined disposed:false
1146 silly fetch manifest @radix-ui/react-dismissable-layer@1.1.19
1147 silly packumentCache full:https://registry.npmjs.org/@radix-ui%2freact-dismissable-layer cache-miss
1148 http cache https://registry.npmjs.org/@radix-ui%2freact-slot 166ms (cache hit)
1149 silly packumentCache full:https://registry.npmjs.org/@radix-ui%2freact-slot set size:495625 disposed:false
1150 silly fetch manifest @radix-ui/react-menu@2.1.24
1151 silly packumentCache full:https://registry.npmjs.org/@radix-ui%2freact-menu cache-miss
1152 http fetch GET 200 https://registry.npmjs.org/react-remove-scroll 262ms (cache miss)
1153 silly packumentCache full:https://registry.npmjs.org/react-remove-scroll set size:undefined disposed:false
1154 silly fetch manifest @radix-ui/react-popper@1.3.7
1155 silly packumentCache full:https://registry.npmjs.org/@radix-ui%2freact-popper cache-miss
1156 http fetch GET 200 https://registry.npmjs.org/@radix-ui%2freact-portal 305ms (cache miss)
1157 silly packumentCache full:https://registry.npmjs.org/@radix-ui%2freact-portal set size:undefined disposed:false
1158 silly fetch manifest @radix-ui/react-dismissable-layer@1.1.19
1159 silly packumentCache full:https://registry.npmjs.org/@radix-ui%2freact-dismissable-layer cache-miss
1160 http fetch GET 200 https://registry.npmjs.org/@radix-ui%2freact-focus-scope 295ms (cache miss)
1161 silly packumentCache full:https://registry.npmjs.org/@radix-ui%2freact-focus-scope set size:undefined disposed:false
1162 silly fetch manifest @radix-ui/react-menu@2.1.24
1163 silly packumentCache full:https://registry.npmjs.org/@radix-ui%2freact-menu cache-miss
1164 http fetch GET 200 https://registry.npmjs.org/@radix-ui%2freact-menu 813ms (cache miss)
1165 silly packumentCache full:https://registry.npmjs.org/@radix-ui%2freact-menu set size:undefined disposed:false
1166 silly fetch manifest @radix-ui/react-roving-focus@1.1.19
1167 silly packumentCache full:https://registry.npmjs.org/@radix-ui%2freact-roving-focus cache-miss
1168 http fetch GET 200 https://registry.npmjs.org/@radix-ui%2freact-focus-guards 529ms (cache miss)
1169 silly packumentCache full:https://registry.npmjs.org/@radix-ui%2freact-focus-guards set size:undefined disposed:false
1170 silly fetch manifest @radix-ui/react-use-previous@1.1.4
1171 silly packumentCache full:https://registry.npmjs.org/@radix-ui%2freact-use-previous cache-miss
1172 http fetch GET 200 https://registry.npmjs.org/@radix-ui%2freact-dismissable-layer 544ms (cache miss)
1173 silly packumentCache full:https://registry.npmjs.org/@radix-ui%2freact-dismissable-layer set size:undefined disposed:false
1174 silly fetch manifest @radix-ui/react-visually-hidden@1.2.11
1175 silly packumentCache full:https://registry.npmjs.org/@radix-ui%2freact-visually-hidden cache-miss
1176 http fetch GET 200 https://registry.npmjs.org/@radix-ui%2freact-popper 541ms (cache miss)
1177 silly packumentCache full:https://registry.npmjs.org/@radix-ui%2freact-popper set size:undefined disposed:false
1178 silly fetch manifest @radix-ui/react-roving-focus@1.1.19
1179 silly packumentCache full:https://registry.npmjs.org/@radix-ui%2freact-roving-focus cache-miss
1180 http fetch GET 200 https://registry.npmjs.org/@radix-ui%2freact-dismissable-layer 551ms (cache miss)
1181 silly packumentCache full:https://registry.npmjs.org/@radix-ui%2freact-dismissable-layer set size:undefined disposed:false
1182 silly fetch manifest @radix-ui/number@1.1.3
1183 silly packumentCache full:https://registry.npmjs.org/@radix-ui%2fnumber cache-miss
1184 http fetch GET 200 https://registry.npmjs.org/@radix-ui%2freact-menu 830ms (cache miss)
1185 silly packumentCache full:https://registry.npmjs.org/@radix-ui%2freact-menu set size:undefined disposed:false
1186 silly fetch manifest @radix-ui/number@1.1.3
1187 silly packumentCache full:https://registry.npmjs.org/@radix-ui%2fnumber cache-miss
1188 http fetch GET 200 https://registry.npmjs.org/@radix-ui%2freact-use-previous 456ms (cache miss)
1189 silly packumentCache full:https://registry.npmjs.org/@radix-ui%2freact-use-previous set size:undefined disposed:false
1190 silly fetch manifest @radix-ui/react-visually-hidden@1.2.11
1191 silly packumentCache full:https://registry.npmjs.org/@radix-ui%2freact-visually-hidden cache-miss
1192 http fetch GET 200 https://registry.npmjs.org/@radix-ui%2freact-menu 763ms (cache miss)
1193 silly packumentCache full:https://registry.npmjs.org/@radix-ui%2freact-menu set size:undefined disposed:false
1194 silly fetch manifest @radix-ui/number@1.1.3
1195 silly packumentCache full:https://registry.npmjs.org/@radix-ui%2fnumber cache-miss
1196 http fetch GET 200 https://registry.npmjs.org/@radix-ui%2freact-roving-focus 691ms (cache miss)
1197 silly packumentCache full:https://registry.npmjs.org/@radix-ui%2freact-roving-focus set size:undefined disposed:false
1198 silly fetch manifest @radix-ui/react-visually-hidden@1.2.11
1199 silly packumentCache full:https://registry.npmjs.org/@radix-ui%2freact-visually-hidden cache-miss
1200 http fetch GET 200 https://registry.npmjs.org/@radix-ui%2fnumber 417ms (cache miss)
1201 silly packumentCache full:https://registry.npmjs.org/@radix-ui%2fnumber set size:undefined disposed:false
1202 silly fetch manifest @supabase/auth-js@2.116.0
1203 silly packumentCache full:https://registry.npmjs.org/@supabase%2fauth-js cache-miss
1204 http fetch GET 200 https://registry.npmjs.org/@radix-ui%2freact-visually-hidden 689ms (cache miss)
1205 silly packumentCache full:https://registry.npmjs.org/@radix-ui%2freact-visually-hidden set size:undefined disposed:false
1206 silly fetch manifest @supabase/storage-js@2.116.0
1207 silly packumentCache full:https://registry.npmjs.org/@supabase%2fstorage-js cache-miss
1208 http fetch GET 200 https://registry.npmjs.org/@radix-ui%2fnumber 431ms (cache miss)
1209 silly packumentCache full:https://registry.npmjs.org/@radix-ui%2fnumber set size:undefined disposed:false
1210 silly fetch manifest @supabase/realtime-js@2.116.0
1211 silly packumentCache full:https://registry.npmjs.org/@supabase%2frealtime-js cache-miss
1212 http fetch GET 200 https://registry.npmjs.org/@radix-ui%2fnumber 314ms (cache miss)
1213 silly packumentCache full:https://registry.npmjs.org/@radix-ui%2fnumber set size:undefined disposed:false
1214 silly fetch manifest @supabase/functions-js@2.116.0
1215 silly packumentCache full:https://registry.npmjs.org/@supabase%2ffunctions-js cache-miss
1216 http fetch GET 200 https://registry.npmjs.org/@radix-ui%2freact-roving-focus 760ms (cache miss)
1217 silly packumentCache full:https://registry.npmjs.org/@radix-ui%2freact-roving-focus set size:undefined disposed:false
1218 silly fetch manifest @supabase/postgrest-js@2.116.0
1219 silly packumentCache full:https://registry.npmjs.org/@supabase%2fpostgrest-js cache-miss
1220 http fetch GET 200 https://registry.npmjs.org/@radix-ui%2freact-visually-hidden 539ms (cache miss)
1221 silly packumentCache full:https://registry.npmjs.org/@radix-ui%2freact-visually-hidden set size:undefined disposed:false
1222 silly fetch manifest @tanstack/query-core@5.103.1
1223 silly packumentCache full:https://registry.npmjs.org/@tanstack%2fquery-core cache-miss
1224 http fetch GET 200 https://registry.npmjs.org/@radix-ui%2freact-visually-hidden 417ms (cache miss)
1225 silly packumentCache full:https://registry.npmjs.org/@radix-ui%2freact-visually-hidden set size:undefined disposed:false
1226 silly fetch manifest isbot@^5.1.22
1227 silly packumentCache full:https://registry.npmjs.org/isbot cache-miss
1228 http fetch GET 200 https://registry.npmjs.org/@supabase%2ffunctions-js 440ms (cache updated)
1229 silly packumentCache full:https://registry.npmjs.org/@supabase%2ffunctions-js set size:undefined disposed:false
1230 silly fetch manifest @tanstack/history@1.162.0
1231 silly packumentCache full:https://registry.npmjs.org/@tanstack%2fhistory cache-miss
1232 http fetch GET 200 https://registry.npmjs.org/@supabase%2fstorage-js 630ms (cache updated)
1233 silly packumentCache full:https://registry.npmjs.org/@supabase%2fstorage-js set size:undefined disposed:false
1234 silly fetch manifest @tanstack/react-store@^0.9.3
1235 silly packumentCache full:https://registry.npmjs.org/@tanstack%2freact-store cache-miss
1236 http fetch GET 200 https://registry.npmjs.org/isbot 394ms (cache miss)
1237 silly packumentCache full:https://registry.npmjs.org/isbot set size:undefined disposed:false
1238 silly fetch manifest @tanstack/router-core@1.171.15
1239 silly packumentCache full:https://registry.npmjs.org/@tanstack%2frouter-core cache-miss
1240 http fetch GET 200 https://registry.npmjs.org/@supabase%2frealtime-js 722ms (cache updated)
1241 silly packumentCache full:https://registry.npmjs.org/@supabase%2frealtime-js set size:undefined disposed:false
1242 silly fetch manifest zod@^4.4.3
1243 silly packumentCache full:https://registry.npmjs.org/zod cache-miss
1244 http fetch GET 200 https://registry.npmjs.org/@supabase%2fauth-js 954ms (cache updated)
1245 silly packumentCache full:https://registry.npmjs.org/@supabase%2fauth-js set size:undefined disposed:false
1246 silly fetch manifest chokidar@^5.0.0
1247 silly packumentCache full:https://registry.npmjs.org/chokidar cache-miss
1248 http fetch GET 200 https://registry.npmjs.org/@tanstack%2fquery-core 725ms (cache miss)
1249 silly packumentCache full:https://registry.npmjs.org/@tanstack%2fquery-core set size:undefined disposed:false
1250 silly fetch manifest unplugin@^3.0.0
1251 silly packumentCache full:https://registry.npmjs.org/unplugin cache-miss
1252 http cache https://registry.npmjs.org/zod 227ms (cache hit)
1253 silly packumentCache full:https://registry.npmjs.org/zod set size:4166672 disposed:false
1254 silly fetch manifest @babel/core@^7.28.5
1255 silly packumentCache full:https://registry.npmjs.org/@babel%2fcore cache-miss
1256 http fetch GET 200 https://registry.npmjs.org/@supabase%2fpostgrest-js 1233ms (cache updated)
1257 silly packumentCache full:https://registry.npmjs.org/@supabase%2fpostgrest-js set size:undefined disposed:false
1258 silly fetch manifest @babel/types@^7.28.5
1259 silly packumentCache full:https://registry.npmjs.org/@babel%2ftypes cache-miss
1260 http fetch GET 200 https://registry.npmjs.org/chokidar 627ms (cache revalidated)
1261 silly packumentCache full:https://registry.npmjs.org/chokidar set size:255902 disposed:false
1262 silly fetch manifest @babel/template@^7.27.2
1263 silly packumentCache full:https://registry.npmjs.org/@babel%2ftemplate cache-miss
1264 http cache https://registry.npmjs.org/@babel%2fcore 320ms (cache hit)
1265 silly packumentCache full:https://registry.npmjs.org/@babel%2fcore set size:792733 disposed:false
1266 silly fetch manifest @tanstack/router-core@1.171.15
1267 silly packumentCache full:https://registry.npmjs.org/@tanstack%2frouter-core cache-miss
1268 http fetch GET 200 https://registry.npmjs.org/@tanstack%2freact-store 991ms (cache miss)
1269 silly packumentCache full:https://registry.npmjs.org/@tanstack%2freact-store set size:undefined disposed:false
1270 silly fetch manifest @tanstack/router-generator@1.167.21
1271 silly packumentCache full:https://registry.npmjs.org/@tanstack%2frouter-generator cache-miss
1272 http fetch GET 200 https://registry.npmjs.org/unplugin 722ms (cache miss)
1273 silly packumentCache full:https://registry.npmjs.org/unplugin set size:undefined disposed:false
1274 silly fetch manifest undici-types@~6.21.0
1275 silly packumentCache full:https://registry.npmjs.org/undici-types cache-miss
1276 http fetch GET 200 https://registry.npmjs.org/@tanstack%2fhistory 1198ms (cache miss)
1277 silly packumentCache full:https://registry.npmjs.org/@tanstack%2fhistory set size:undefined disposed:false
1278 silly fetch manifest csstype@^3.2.2
1279 silly packumentCache full:https://registry.npmjs.org/csstype cache-miss
1280 http cache https://registry.npmjs.org/@tanstack%2frouter-generator 155ms (cache hit)
1281 silly packumentCache full:https://registry.npmjs.org/@tanstack%2frouter-generator set size:1839393 disposed:false
1282 silly fetch manifest @radix-ui/react-id@^1.1.0
1283 silly packumentCache full:https://registry.npmjs.org/@radix-ui%2freact-id cache-miss
1284 http cache https://registry.npmjs.org/@radix-ui%2freact-id 45ms (cache hit)
1285 silly packumentCache full:https://registry.npmjs.org/@radix-ui%2freact-id set size:358699 disposed:false
1286 silly fetch manifest @radix-ui/react-primitive@^2.0.2
1287 silly packumentCache full:https://registry.npmjs.org/@radix-ui%2freact-primitive cache-hit
1288 silly fetch manifest @radix-ui/react-compose-refs@^1.1.1
1289 silly packumentCache full:https://registry.npmjs.org/@radix-ui%2freact-compose-refs cache-hit
1290 silly fetch manifest tsx@^4.21.0
1291 silly packumentCache full:https://registry.npmjs.org/tsx cache-hit
1292 silly fetch manifest esbuild@^0.25.4
1293 silly packumentCache full:https://registry.npmjs.org/esbuild cache-miss
1294 http fetch GET 200 https://registry.npmjs.org/undici-types 282ms (cache revalidated)
1295 silly packumentCache full:https://registry.npmjs.org/undici-types set size:258898 disposed:false
1296 silly fetch manifest @drizzle-team/brocli@^0.10.2
1297 silly packumentCache full:https://registry.npmjs.org/@drizzle-team%2fbrocli cache-miss
1298 http fetch GET 200 https://registry.npmjs.org/@babel%2ftemplate 477ms (cache revalidated)
1299 silly packumentCache full:https://registry.npmjs.org/@babel%2ftemplate set size:237074 disposed:false
1300 silly fetch manifest @esbuild-kit/esm-loader@^2.5.5
1301 silly packumentCache full:https://registry.npmjs.org/@esbuild-kit%2fesm-loader cache-miss
1302 http fetch GET 200 https://registry.npmjs.org/@babel%2ftypes 563ms (cache updated)
1303 silly packumentCache full:https://registry.npmjs.org/@babel%2ftypes set size:undefined disposed:false
1304 silly fetch manifest embla-carousel@8.6.0
1305 silly packumentCache full:https://registry.npmjs.org/embla-carousel cache-miss
1306 http fetch GET 200 https://registry.npmjs.org/csstype 343ms (cache revalidated)
1307 silly packumentCache full:https://registry.npmjs.org/csstype set size:274189 disposed:false
1308 silly fetch manifest embla-carousel-reactive-utils@8.6.0
1309 silly packumentCache full:https://registry.npmjs.org/embla-carousel-reactive-utils cache-miss
1310 http fetch GET 200 https://registry.npmjs.org/@tanstack%2frouter-core 1471ms (cache miss)
1311 silly packumentCache full:https://registry.npmjs.org/@tanstack%2frouter-core set size:undefined disposed:false
1312 silly fetch manifest ajv@^6.14.0
1313 silly packumentCache full:https://registry.npmjs.org/ajv cache-miss
1314 http cache https://registry.npmjs.org/esbuild 293ms (cache hit)
1315 silly packumentCache full:https://registry.npmjs.org/esbuild set size:1264676 disposed:false
1316 silly fetch manifest chalk@^4.0.0
1317 silly packumentCache full:https://registry.npmjs.org/chalk cache-miss
1318 http fetch GET 200 https://registry.npmjs.org/@drizzle-team%2fbrocli 343ms (cache miss)
1319 silly packumentCache full:https://registry.npmjs.org/@drizzle-team%2fbrocli set size:undefined disposed:false
1320 silly fetch manifest debug@^4.3.2
1321 silly packumentCache full:https://registry.npmjs.org/debug cache-hit
1322 silly fetch manifest espree@^10.4.0
1323 silly packumentCache full:https://registry.npmjs.org/espree cache-miss
1324 http fetch GET 200 https://registry.npmjs.org/@esbuild-kit%2fesm-loader 335ms (cache miss)
1325 silly packumentCache full:https://registry.npmjs.org/@esbuild-kit%2fesm-loader set size:undefined disposed:false
1326 silly fetch manifest ignore@^5.2.0
1327 silly packumentCache full:https://registry.npmjs.org/ignore cache-miss
1328 http fetch GET 200 https://registry.npmjs.org/embla-carousel-reactive-utils 294ms (cache miss)
1329 silly packumentCache full:https://registry.npmjs.org/embla-carousel-reactive-utils set size:undefined disposed:false
1330 silly fetch manifest esquery@^1.5.0
1331 silly packumentCache full:https://registry.npmjs.org/esquery cache-miss
1332 http cache https://registry.npmjs.org/ajv 186ms (cache hit)
1333 silly packumentCache full:https://registry.npmjs.org/ajv set size:1142658 disposed:false
1334 silly fetch manifest esutils@^2.0.2
1335 silly packumentCache full:https://registry.npmjs.org/esutils cache-miss
1336 http fetch GET 200 https://registry.npmjs.org/chalk 248ms (cache revalidated)
1337 silly packumentCache full:https://registry.npmjs.org/chalk set size:134775 disposed:false
1338 silly fetch manifest find-up@^5.0.0
1339 silly packumentCache full:https://registry.npmjs.org/find-up cache-miss
1340 http fetch GET 200 https://registry.npmjs.org/@tanstack%2frouter-core 1002ms (cache miss)
1341 silly packumentCache full:https://registry.npmjs.org/@tanstack%2frouter-core set size:undefined disposed:false
1342 silly fetch manifest is-glob@^4.0.0
1343 silly packumentCache full:https://registry.npmjs.org/is-glob cache-miss
1344 http fetch GET 200 https://registry.npmjs.org/esutils 215ms (cache revalidated)
1345 silly packumentCache full:https://registry.npmjs.org/esutils set size:29522 disposed:false
1346 silly fetch manifest minimatch@^3.1.5
1347 silly packumentCache full:https://registry.npmjs.org/minimatch cache-miss
1348 http fetch GET 200 https://registry.npmjs.org/esquery 323ms (cache miss)
1349 silly packumentCache full:https://registry.npmjs.org/esquery set size:undefined disposed:false
1350 silly fetch manifest optionator@^0.9.3
1351 silly packumentCache full:https://registry.npmjs.org/optionator cache-miss
1352 http fetch GET 200 https://registry.npmjs.org/espree 384ms (cache miss)
1353 silly packumentCache full:https://registry.npmjs.org/espree set size:undefined disposed:false
1354 silly fetch manifest cross-spawn@^7.0.6
1355 silly packumentCache full:https://registry.npmjs.org/cross-spawn cache-miss
1356 http fetch GET 200 https://registry.npmjs.org/embla-carousel 717ms (cache miss)
1357 silly packumentCache full:https://registry.npmjs.org/embla-carousel set size:undefined disposed:false
1358 silly fetch manifest glob-parent@^6.0.2
1359 silly packumentCache full:https://registry.npmjs.org/glob-parent cache-miss
1360 http fetch GET 200 https://registry.npmjs.org/find-up 275ms (cache revalidated)
1361 silly packumentCache full:https://registry.npmjs.org/find-up set size:42620 disposed:false
1362 silly fetch manifest imurmurhash@^0.1.4
1363 silly packumentCache full:https://registry.npmjs.org/imurmurhash cache-miss
1364 http fetch GET 200 https://registry.npmjs.org/ignore 495ms (cache updated)
1365 silly packumentCache full:https://registry.npmjs.org/ignore set size:undefined disposed:false
1366 silly fetch manifest @eslint/core@^0.17.0
1367 silly packumentCache full:https://registry.npmjs.org/@eslint%2fcore cache-miss
1368 http fetch GET 200 https://registry.npmjs.org/is-glob 251ms (cache revalidated)
1369 silly packumentCache full:https://registry.npmjs.org/is-glob set size:40530 disposed:false
1370 silly fetch manifest eslint-scope@^8.4.0
1371 silly packumentCache full:https://registry.npmjs.org/eslint-scope cache-miss
1372 http fetch GET 200 https://registry.npmjs.org/minimatch 223ms (cache revalidated)
1373 silly packumentCache full:https://registry.npmjs.org/minimatch set size:377924 disposed:false
1374 silly fetch manifest lodash.merge@^4.6.2
1375 silly packumentCache full:https://registry.npmjs.org/lodash.merge cache-miss
1376 http fetch GET 200 https://registry.npmjs.org/optionator 253ms (cache miss)
1377 silly packumentCache full:https://registry.npmjs.org/optionator set size:undefined disposed:false
1378 silly fetch manifest @humanfs/node@^0.16.6
1379 silly packumentCache full:https://registry.npmjs.org/@humanfs%2fnode cache-miss
1380 http fetch GET 200 https://registry.npmjs.org/cross-spawn 248ms (cache revalidated)
1381 silly packumentCache full:https://registry.npmjs.org/cross-spawn set size:109066 disposed:false
1382 silly fetch manifest @types/estree@^1.0.6
1383 silly packumentCache full:https://registry.npmjs.org/@types%2festree cache-miss
1384 http fetch GET 200 https://registry.npmjs.org/@eslint%2fcore 178ms (cache miss)
1385 silly packumentCache full:https://registry.npmjs.org/@eslint%2fcore set size:undefined disposed:false
1386 silly fetch manifest fast-deep-equal@^3.1.3
1387 silly packumentCache full:https://registry.npmjs.org/fast-deep-equal cache-miss
1388 http fetch GET 200 https://registry.npmjs.org/glob-parent 252ms (cache revalidated)
1389 silly packumentCache full:https://registry.npmjs.org/glob-parent set size:42445 disposed:false
1390 silly fetch manifest natural-compare@^1.4.0
1391 silly packumentCache full:https://registry.npmjs.org/natural-compare cache-miss
1392 http fetch GET 200 https://registry.npmjs.org/imurmurhash 258ms (cache revalidated)
1393 silly packumentCache full:https://registry.npmjs.org/imurmurhash set size:35819 disposed:false
1394 silly fetch manifest @eslint/eslintrc@^3.3.6
1395 silly packumentCache full:https://registry.npmjs.org/@eslint%2feslintrc cache-miss
1396 http fetch GET 200 https://registry.npmjs.org/lodash.merge 154ms (cache miss)
1397 silly packumentCache full:https://registry.npmjs.org/lodash.merge set size:undefined disposed:false
1398 silly fetch manifest file-entry-cache@^8.0.0
1399 silly packumentCache full:https://registry.npmjs.org/file-entry-cache cache-miss
1400 http fetch GET 200 https://registry.npmjs.org/eslint-scope 209ms (cache miss)
1401 silly packumentCache full:https://registry.npmjs.org/eslint-scope set size:undefined disposed:false
1402 silly fetch manifest @eslint/plugin-kit@^0.4.1
1403 silly packumentCache full:https://registry.npmjs.org/@eslint%2fplugin-kit cache-miss
1404 http fetch GET 200 https://registry.npmjs.org/@humanfs%2fnode 218ms (cache miss)
1405 silly packumentCache full:https://registry.npmjs.org/@humanfs%2fnode set size:undefined disposed:false
1406 silly fetch manifest eslint-visitor-keys@^4.2.1
1407 silly packumentCache full:https://registry.npmjs.org/eslint-visitor-keys cache-miss
1408 http fetch GET 200 https://registry.npmjs.org/natural-compare 166ms (cache miss)
1409 silly packumentCache full:https://registry.npmjs.org/natural-compare set size:undefined disposed:false
1410 silly fetch manifest @eslint/config-array@^0.21.2
1411 silly packumentCache full:https://registry.npmjs.org/@eslint%2fconfig-array cache-miss
1412 http fetch GET 200 https://registry.npmjs.org/@types%2festree 241ms (cache miss)
1413 silly packumentCache full:https://registry.npmjs.org/@types%2festree set size:undefined disposed:false
1414 silly fetch manifest @humanwhocodes/retry@^0.4.2
1415 silly packumentCache full:https://registry.npmjs.org/@humanwhocodes%2fretry cache-miss
1416 http fetch GET 200 https://registry.npmjs.org/fast-deep-equal 305ms (cache revalidated)
1417 silly packumentCache full:https://registry.npmjs.org/fast-deep-equal set size:48634 disposed:false
1418 silly fetch manifest escape-string-regexp@^4.0.0
1419 silly packumentCache full:https://registry.npmjs.org/escape-string-regexp cache-miss
1420 http fetch GET 200 https://registry.npmjs.org/file-entry-cache 271ms (cache miss)
1421 silly packumentCache full:https://registry.npmjs.org/file-entry-cache set size:undefined disposed:false
1422 silly fetch manifest @eslint/config-helpers@^0.4.2
1423 silly packumentCache full:https://registry.npmjs.org/@eslint%2fconfig-helpers cache-miss
1424 http fetch GET 200 https://registry.npmjs.org/@eslint%2fplugin-kit 273ms (cache miss)
1425 silly packumentCache full:https://registry.npmjs.org/@eslint%2fplugin-kit set size:undefined disposed:false
1426 silly fetch manifest @eslint-community/regexpp@^4.12.1
1427 silly packumentCache full:https://registry.npmjs.org/@eslint-community%2fregexpp cache-miss
1428 http fetch GET 200 https://registry.npmjs.org/@eslint%2feslintrc 333ms (cache miss)
1429 silly packumentCache full:https://registry.npmjs.org/@eslint%2feslintrc set size:undefined disposed:false
1430 silly fetch manifest @eslint-community/eslint-utils@^4.8.0
1431 silly packumentCache full:https://registry.npmjs.org/@eslint-community%2feslint-utils cache-miss
1432 http fetch GET 200 https://registry.npmjs.org/eslint-visitor-keys 247ms (cache miss)
1433 silly packumentCache full:https://registry.npmjs.org/eslint-visitor-keys set size:undefined disposed:false
1434 silly fetch manifest @humanwhocodes/module-importer@^1.0.1
1435 silly packumentCache full:https://registry.npmjs.org/@humanwhocodes%2fmodule-importer cache-miss
1436 http fetch GET 200 https://registry.npmjs.org/@eslint%2fconfig-array 238ms (cache miss)
1437 silly packumentCache full:https://registry.npmjs.org/@eslint%2fconfig-array set size:undefined disposed:false
1438 silly fetch manifest json-stable-stringify-without-jsonify@^1.0.1
1439 silly packumentCache full:https://registry.npmjs.org/json-stable-stringify-without-jsonify cache-miss
1440 http fetch GET 200 https://registry.npmjs.org/@humanwhocodes%2fretry 238ms (cache miss)
1441 silly packumentCache full:https://registry.npmjs.org/@humanwhocodes%2fretry set size:undefined disposed:false
1442 silly fetch manifest prettier-linter-helpers@^1.0.1
1443 silly packumentCache full:https://registry.npmjs.org/prettier-linter-helpers cache-miss
1444 http fetch GET 200 https://registry.npmjs.org/escape-string-regexp 154ms (cache miss)
1445 silly packumentCache full:https://registry.npmjs.org/escape-string-regexp set size:undefined disposed:false
1446 silly fetch manifest synckit@^0.11.13
1447 silly packumentCache full:https://registry.npmjs.org/synckit cache-miss
1448 http fetch GET 200 https://registry.npmjs.org/@eslint%2fconfig-helpers 150ms (cache miss)
1449 silly packumentCache full:https://registry.npmjs.org/@eslint%2fconfig-helpers set size:undefined disposed:false
1450 silly fetch manifest h3@^2.0.1-rc.22
1451 silly packumentCache full:https://registry.npmjs.org/h3 cache-miss
1452 http fetch GET 200 https://registry.npmjs.org/json-stable-stringify-without-jsonify 95ms (cache miss)
1453 silly packumentCache full:https://registry.npmjs.org/json-stable-stringify-without-jsonify set size:undefined disposed:false
1454 silly fetch manifest db0@^0.3.4
1455 silly packumentCache full:https://registry.npmjs.org/db0 cache-miss
1456 http fetch GET 200 https://registry.npmjs.org/@humanwhocodes%2fmodule-importer 142ms (cache miss)
1457 silly packumentCache full:https://registry.npmjs.org/@humanwhocodes%2fmodule-importer set size:undefined disposed:false
1458 silly fetch manifest nf3@^0.3.17
1459 silly packumentCache full:https://registry.npmjs.org/nf3 cache-miss
1460 http fetch GET 200 https://registry.npmjs.org/@eslint-community%2feslint-utils 170ms (cache miss)
1461 silly packumentCache full:https://registry.npmjs.org/@eslint-community%2feslint-utils set size:undefined disposed:false
1462 silly fetch manifest srvx@^0.11.16
1463 silly packumentCache full:https://registry.npmjs.org/srvx cache-miss
1464 http fetch GET 200 https://registry.npmjs.org/prettier-linter-helpers 137ms (cache miss)
1465 silly packumentCache full:https://registry.npmjs.org/prettier-linter-helpers set size:undefined disposed:false
1466 silly fetch manifest ohash@^2.0.11
1467 silly packumentCache full:https://registry.npmjs.org/ohash cache-miss
1468 http fetch GET 200 https://registry.npmjs.org/synckit 141ms (cache miss)
1469 silly packumentCache full:https://registry.npmjs.org/synckit set size:undefined disposed:false
1470 silly fetch manifest unenv@^2.0.0-rc.24
1471 silly packumentCache full:https://registry.npmjs.org/unenv cache-miss
1472 http fetch GET 200 https://registry.npmjs.org/@eslint-community%2fregexpp 330ms (cache miss)
1473 silly packumentCache full:https://registry.npmjs.org/@eslint-community%2fregexpp set size:undefined disposed:false
1474 silly fetch manifest ocache@^0.1.4
1475 silly packumentCache full:https://registry.npmjs.org/ocache cache-miss
1476 http fetch GET 200 https://registry.npmjs.org/ohash 124ms (cache miss)
1477 silly packumentCache full:https://registry.npmjs.org/ohash set size:undefined disposed:false
1478 silly fetch manifest ofetch@^2.0.0-alpha.3
1479 silly packumentCache full:https://registry.npmjs.org/ofetch cache-miss
1480 http fetch GET 200 https://registry.npmjs.org/srvx 167ms (cache miss)
1481 silly packumentCache full:https://registry.npmjs.org/srvx set size:undefined disposed:false
1482 silly fetch manifest consola@^3.4.2
1483 silly packumentCache full:https://registry.npmjs.org/consola cache-miss
1484 http fetch GET 200 https://registry.npmjs.org/unenv 170ms (cache miss)
1485 silly packumentCache full:https://registry.npmjs.org/unenv set size:undefined disposed:false
1486 silly fetch manifest crossws@^0.4.5
1487 silly packumentCache full:https://registry.npmjs.org/crossws cache-miss
1488 http fetch GET 200 https://registry.npmjs.org/db0 334ms (cache miss)
1489 silly packumentCache full:https://registry.npmjs.org/db0 set size:undefined disposed:false
1490 silly fetch manifest hookable@^6.1.1
1491 silly packumentCache full:https://registry.npmjs.org/hookable cache-miss
1492 http fetch GET 200 https://registry.npmjs.org/h3 401ms (cache miss)
1493 silly packumentCache full:https://registry.npmjs.org/h3 set size:undefined disposed:false
1494 silly fetch manifest unstorage@^2.0.0-alpha.7
1495 silly packumentCache full:https://registry.npmjs.org/unstorage cache-miss
1496 http fetch GET 200 https://registry.npmjs.org/nf3 401ms (cache miss)
1497 silly packumentCache full:https://registry.npmjs.org/nf3 set size:undefined disposed:false
1498 silly fetch manifest env-runner@^0.1.9
1499 silly packumentCache full:https://registry.npmjs.org/env-runner cache-miss
1500 http fetch GET 200 https://registry.npmjs.org/consola 214ms (cache miss)
1501 silly packumentCache full:https://registry.npmjs.org/consola set size:undefined disposed:false
1502 silly fetch manifest @date-fns/tz@^1.4.1
1503 silly packumentCache full:https://registry.npmjs.org/@date-fns%2ftz cache-miss
1504 http fetch GET 200 https://registry.npmjs.org/ocache 324ms (cache miss)
1505 silly packumentCache full:https://registry.npmjs.org/ocache set size:undefined disposed:false
1506 silly fetch manifest date-fns-jalali@4.1.0-0
1507 silly packumentCache full:https://registry.npmjs.org/date-fns-jalali cache-miss
1508 http fetch GET 200 https://registry.npmjs.org/ofetch 316ms (cache miss)
1509 silly packumentCache full:https://registry.npmjs.org/ofetch set size:undefined disposed:false
1510 silly fetch manifest @tabby_ai/hijri-converter@1.0.5
1511 silly packumentCache full:https://registry.npmjs.org/@tabby_ai%2fhijri-converter cache-miss
1512 http fetch GET 200 https://registry.npmjs.org/crossws 289ms (cache miss)
1513 silly packumentCache full:https://registry.npmjs.org/crossws set size:undefined disposed:false
1514 silly fetch manifest lodash@^4.17.21
1515 silly packumentCache full:https://registry.npmjs.org/lodash cache-miss
1516 http fetch GET 200 https://registry.npmjs.org/@date-fns%2ftz 140ms (cache miss)
1517 silly packumentCache full:https://registry.npmjs.org/@date-fns%2ftz set size:undefined disposed:false
1518 silly fetch manifest react-is@^18.3.1
1519 silly packumentCache full:https://registry.npmjs.org/react-is cache-miss
1520 http fetch GET 200 https://registry.npmjs.org/hookable 302ms (cache miss)
1521 silly packumentCache full:https://registry.npmjs.org/hookable set size:undefined disposed:false
1522 silly fetch manifest react-smooth@^4.0.4
1523 silly packumentCache full:https://registry.npmjs.org/react-smooth cache-miss
1524 http fetch GET 200 https://registry.npmjs.org/unstorage 335ms (cache miss)
1525 silly packumentCache full:https://registry.npmjs.org/unstorage set size:undefined disposed:false
1526 silly fetch manifest eventemitter3@^4.0.1
1527 silly packumentCache full:https://registry.npmjs.org/eventemitter3 cache-miss
1528 http fetch GET 200 https://registry.npmjs.org/lodash 220ms (cache updated)
1529 silly packumentCache full:https://registry.npmjs.org/lodash set size:undefined disposed:false
1530 silly fetch manifest recharts-scale@^0.4.4
1531 silly packumentCache full:https://registry.npmjs.org/recharts-scale cache-miss
1532 http fetch GET 200 https://registry.npmjs.org/env-runner 453ms (cache miss)
1533 silly packumentCache full:https://registry.npmjs.org/env-runner set size:undefined disposed:false
1534 silly fetch manifest tiny-invariant@^1.3.1
1535 silly packumentCache full:https://registry.npmjs.org/tiny-invariant cache-miss
1536 http fetch GET 200 https://registry.npmjs.org/react-smooth 250ms (cache miss)
1537 silly packumentCache full:https://registry.npmjs.org/react-smooth set size:undefined disposed:false
1538 silly fetch manifest victory-vendor@^36.6.8
1539 silly packumentCache full:https://registry.npmjs.org/victory-vendor cache-miss
1540 http fetch GET 200 https://registry.npmjs.org/eventemitter3 214ms (cache miss)
1541 silly packumentCache full:https://registry.npmjs.org/eventemitter3 set size:undefined disposed:false
1542 silly fetch manifest @typescript-eslint/utils@8.70.0
1543 silly packumentCache full:https://registry.npmjs.org/@typescript-eslint%2futils cache-miss
1544 http fetch GET 200 https://registry.npmjs.org/recharts-scale 172ms (cache miss)
1545 silly packumentCache full:https://registry.npmjs.org/recharts-scale set size:undefined disposed:false
1546 silly fetch manifest @typescript-eslint/parser@8.70.0
1547 silly packumentCache full:https://registry.npmjs.org/@typescript-eslint%2fparser cache-miss
1548 http fetch GET 200 https://registry.npmjs.org/@tabby_ai%2fhijri-converter 540ms (cache miss)
1549 silly packumentCache full:https://registry.npmjs.org/@tabby_ai%2fhijri-converter set size:undefined disposed:false
1550 silly fetch manifest @typescript-eslint/eslint-plugin@8.70.0
1551 silly packumentCache full:https://registry.npmjs.org/@typescript-eslint%2feslint-plugin cache-miss
1552 http fetch GET 200 https://registry.npmjs.org/tiny-invariant 186ms (cache revalidated)
1553 silly packumentCache full:https://registry.npmjs.org/tiny-invariant set size:98310 disposed:false
1554 silly fetch manifest @typescript-eslint/typescript-estree@8.70.0
1555 silly packumentCache full:https://registry.npmjs.org/@typescript-eslint%2ftypescript-estree cache-miss
1556 http fetch GET 200 https://registry.npmjs.org/victory-vendor 185ms (cache miss)
1557 silly packumentCache full:https://registry.npmjs.org/victory-vendor set size:undefined disposed:false
1558 http fetch GET 200 https://registry.npmjs.org/date-fns-jalali 993ms (cache miss)
1559 silly packumentCache full:https://registry.npmjs.org/date-fns-jalali set size:undefined disposed:false
1560 http fetch GET 200 https://registry.npmjs.org/react-is 1692ms (cache miss)
1561 silly packumentCache full:https://registry.npmjs.org/react-is set size:undefined disposed:false
1562 http fetch GET 200 https://registry.npmjs.org/@typescript-eslint%2futils 2150ms (cache miss)
1563 silly packumentCache full:https://registry.npmjs.org/@typescript-eslint%2futils set size:undefined disposed:false
1564 http fetch GET 200 https://registry.npmjs.org/@typescript-eslint%2fparser 3088ms (cache miss)
1565 silly packumentCache full:https://registry.npmjs.org/@typescript-eslint%2fparser set size:undefined disposed:false
1566 http fetch GET 200 https://registry.npmjs.org/@typescript-eslint%2feslint-plugin 3761ms (cache miss)
1567 silly packumentCache full:https://registry.npmjs.org/@typescript-eslint%2feslint-plugin set size:undefined disposed:false
1568 http fetch GET 200 https://registry.npmjs.org/@typescript-eslint%2ftypescript-estree 4578ms (cache miss)
1569 silly packumentCache full:https://registry.npmjs.org/@typescript-eslint%2ftypescript-estree set size:undefined disposed:false
1570 silly placeDep ROOT @standard-schema/utils@0.3.0 OK for: @hookform/resolvers@5.9.1 want: ^0.3.0
1571 silly fetch manifest vite@>=5.0.0 <9.0.0
1572 silly packumentCache full:https://registry.npmjs.org/vite cache-miss
1573 http cache https://registry.npmjs.org/vite 590ms (cache hit)
1574 silly packumentCache full:https://registry.npmjs.org/vite set size:38945461 disposed:false
1575 silly fetch manifest @types/node@^20.19.0 || >=22.12.0
1576 silly packumentCache full:https://registry.npmjs.org/@types%2fnode cache-miss
1577 http cache https://registry.npmjs.org/@types%2fnode 191ms (cache hit)
1578 silly packumentCache full:https://registry.npmjs.org/@types%2fnode set size:11136519 disposed:false
1579 silly fetch manifest @vitejs/devtools@^0.7.1
1580 silly packumentCache full:https://registry.npmjs.org/@vitejs%2fdevtools cache-miss
1581 http cache https://registry.npmjs.org/@vitejs%2fdevtools 59ms (cache hit)
1582 silly packumentCache full:https://registry.npmjs.org/@vitejs%2fdevtools set size:324785 disposed:false
1583 silly fetch manifest @vitejs/devtools-oxc@^0.7.5
1584 silly packumentCache full:https://registry.npmjs.org/@vitejs%2fdevtools-oxc cache-miss
1585 http fetch GET 200 https://registry.npmjs.org/@vitejs%2fdevtools-oxc 135ms (cache miss)
1586 silly packumentCache full:https://registry.npmjs.org/@vitejs%2fdevtools-oxc set size:undefined disposed:false
1587 silly fetch manifest @vitejs/devtools-rolldown@^0.7.5
1588 silly packumentCache full:https://registry.npmjs.org/@vitejs%2fdevtools-rolldown cache-miss
1589 http fetch GET 200 https://registry.npmjs.org/@vitejs%2fdevtools-rolldown 136ms (cache miss)
1590 silly packumentCache full:https://registry.npmjs.org/@vitejs%2fdevtools-rolldown set size:undefined disposed:false
1591 silly fetch manifest @vitejs/devtools-vite@^0.7.5
1592 silly packumentCache full:https://registry.npmjs.org/@vitejs%2fdevtools-vite cache-miss
1593 http fetch GET 200 https://registry.npmjs.org/@vitejs%2fdevtools-vite 157ms (cache miss)
1594 silly packumentCache full:https://registry.npmjs.org/@vitejs%2fdevtools-vite set size:undefined disposed:false
1595 silly fetch manifest @vitejs/devtools-vitest@^0.7.5
1596 silly packumentCache full:https://registry.npmjs.org/@vitejs%2fdevtools-vitest cache-miss
1597 http fetch GET 200 https://registry.npmjs.org/@vitejs%2fdevtools-vitest 123ms (cache miss)
1598 silly packumentCache full:https://registry.npmjs.org/@vitejs%2fdevtools-vitest set size:undefined disposed:false
1599 silly fetch manifest vitest@*
1600 silly packumentCache full:https://registry.npmjs.org/vitest cache-miss
1601 http cache https://registry.npmjs.org/vitest 73ms (cache hit)
1602 silly packumentCache full:https://registry.npmjs.org/vitest set size:2263798 disposed:false
1603 silly placeDep ROOT @tanstack/devtools-vite@0.8.5 OK for: @lovable.dev/vite-tanstack-config@2.23.0 want: ^0.8.1
1604 silly placeDep ROOT lightningcss@1.33.0 OK for: @lovable.dev/vite-tanstack-config@2.23.0 want: ^1.30.0
1605 silly fetch manifest chalk@^5.6.2
1606 silly packumentCache full:https://registry.npmjs.org/chalk cache-hit
1607 silly fetch manifest @tanstack/devtools-client@0.0.8
1608 silly packumentCache full:https://registry.npmjs.org/@tanstack%2fdevtools-client cache-miss
1609 silly fetch manifest @tanstack/devtools-event-bus@0.4.3
1610 silly packumentCache full:https://registry.npmjs.org/@tanstack%2fdevtools-event-bus cache-miss
1611 silly fetch manifest @tanstack/devtools-bundler-core@0.1.3
1612 silly packumentCache full:https://registry.npmjs.org/@tanstack%2fdevtools-bundler-core cache-miss
1613 silly fetch manifest detect-libc@^2.0.3
1614 silly packumentCache full:https://registry.npmjs.org/detect-libc cache-miss
1615 silly fetch manifest lightningcss-darwin-x64@1.33.0
1616 silly packumentCache full:https://registry.npmjs.org/lightningcss-darwin-x64 cache-miss
1617 silly fetch manifest lightningcss-linux-x64-gnu@1.33.0
1618 silly packumentCache full:https://registry.npmjs.org/lightningcss-linux-x64-gnu cache-miss
1619 silly fetch manifest lightningcss-win32-x64-msvc@1.33.0
1620 silly packumentCache full:https://registry.npmjs.org/lightningcss-win32-x64-msvc cache-miss
1621 http fetch GET 200 https://registry.npmjs.org/lightningcss-darwin-x64 121ms (cache miss)
1622 silly packumentCache full:https://registry.npmjs.org/lightningcss-darwin-x64 set size:undefined disposed:false
1623 silly fetch manifest lightningcss-win32-arm64-msvc@1.33.0
1624 silly packumentCache full:https://registry.npmjs.org/lightningcss-win32-arm64-msvc cache-miss
1625 http fetch GET 200 https://registry.npmjs.org/detect-libc 159ms (cache revalidated)
1626 silly packumentCache full:https://registry.npmjs.org/detect-libc set size:47861 disposed:false
1627 silly fetch manifest lightningcss-darwin-arm64@1.33.0
1628 silly packumentCache full:https://registry.npmjs.org/lightningcss-darwin-arm64 cache-miss
1629 http fetch GET 200 https://registry.npmjs.org/lightningcss-win32-x64-msvc 168ms (cache miss)
1630 silly packumentCache full:https://registry.npmjs.org/lightningcss-win32-x64-msvc set size:undefined disposed:false
1631 silly fetch manifest lightningcss-linux-arm64-gnu@1.33.0
1632 silly packumentCache full:https://registry.npmjs.org/lightningcss-linux-arm64-gnu cache-miss
1633 http fetch GET 200 https://registry.npmjs.org/lightningcss-linux-x64-gnu 204ms (cache miss)
1634 silly packumentCache full:https://registry.npmjs.org/lightningcss-linux-x64-gnu set size:undefined disposed:false
1635 silly fetch manifest lightningcss-linux-arm-gnueabihf@1.33.0
1636 silly packumentCache full:https://registry.npmjs.org/lightningcss-linux-arm-gnueabihf cache-miss
1637 http fetch GET 200 https://registry.npmjs.org/lightningcss-win32-arm64-msvc 157ms (cache miss)
1638 silly packumentCache full:https://registry.npmjs.org/lightningcss-win32-arm64-msvc set size:undefined disposed:false
1639 silly fetch manifest lightningcss-linux-arm64-musl@1.33.0
1640 silly packumentCache full:https://registry.npmjs.org/lightningcss-linux-arm64-musl cache-miss
1641 http fetch GET 200 https://registry.npmjs.org/lightningcss-darwin-arm64 158ms (cache miss)
1642 silly packumentCache full:https://registry.npmjs.org/lightningcss-darwin-arm64 set size:undefined disposed:false
1643 silly fetch manifest lightningcss-linux-x64-musl@1.33.0
1644 silly packumentCache full:https://registry.npmjs.org/lightningcss-linux-x64-musl cache-miss
1645 http fetch GET 200 https://registry.npmjs.org/lightningcss-linux-arm64-gnu 156ms (cache miss)
1646 silly packumentCache full:https://registry.npmjs.org/lightningcss-linux-arm64-gnu set size:undefined disposed:false
1647 silly fetch manifest lightningcss-freebsd-x64@1.33.0
1648 silly packumentCache full:https://registry.npmjs.org/lightningcss-freebsd-x64 cache-miss
1649 http fetch GET 200 https://registry.npmjs.org/lightningcss-linux-arm-gnueabihf 152ms (cache miss)
1650 silly packumentCache full:https://registry.npmjs.org/lightningcss-linux-arm-gnueabihf set size:undefined disposed:false
1651 silly fetch manifest lightningcss-android-arm64@1.33.0
1652 silly packumentCache full:https://registry.npmjs.org/lightningcss-android-arm64 cache-miss
1653 http fetch GET 200 https://registry.npmjs.org/lightningcss-linux-arm64-musl 132ms (cache miss)
1654 silly packumentCache full:https://registry.npmjs.org/lightningcss-linux-arm64-musl set size:undefined disposed:false
1655 http fetch GET 200 https://registry.npmjs.org/lightningcss-freebsd-x64 94ms (cache miss)
1656 silly packumentCache full:https://registry.npmjs.org/lightningcss-freebsd-x64 set size:undefined disposed:false
1657 http fetch GET 200 https://registry.npmjs.org/lightningcss-linux-x64-musl 126ms (cache miss)
1658 silly packumentCache full:https://registry.npmjs.org/lightningcss-linux-x64-musl set size:undefined disposed:false
1659 http fetch GET 200 https://registry.npmjs.org/lightningcss-android-arm64 125ms (cache miss)
1660 silly packumentCache full:https://registry.npmjs.org/lightningcss-android-arm64 set size:undefined disposed:false
1661 http fetch GET 200 https://registry.npmjs.org/@tanstack%2fdevtools-client 627ms (cache miss)
1662 silly packumentCache full:https://registry.npmjs.org/@tanstack%2fdevtools-client set size:undefined disposed:false
1663 http fetch GET 200 https://registry.npmjs.org/@tanstack%2fdevtools-event-bus 673ms (cache miss)
1664 silly packumentCache full:https://registry.npmjs.org/@tanstack%2fdevtools-event-bus set size:undefined disposed:false
1665 http fetch GET 200 https://registry.npmjs.org/@tanstack%2fdevtools-bundler-core 712ms (cache miss)
1666 silly packumentCache full:https://registry.npmjs.org/@tanstack%2fdevtools-bundler-core set size:undefined disposed:false
1667 silly fetch manifest @types/react@*
1668 silly packumentCache full:https://registry.npmjs.org/@types%2freact cache-miss
1669 http cache https://registry.npmjs.org/@types%2freact 61ms (cache hit)
1670 silly packumentCache full:https://registry.npmjs.org/@types%2freact set size:2642161 disposed:false
1671 silly fetch manifest react@^16.8 || ^17.0 || ^18.0 || ^19.0 || ^19.0.0-rc
1672 silly packumentCache full:https://registry.npmjs.org/react cache-miss
1673 http cache https://registry.npmjs.org/react 113ms (cache hit)
1674 silly packumentCache full:https://registry.npmjs.org/react set size:6992208 disposed:false
1675 silly fetch manifest @types/react-dom@*
1676 silly packumentCache full:https://registry.npmjs.org/@types%2freact-dom cache-miss
1677 http cache https://registry.npmjs.org/@types%2freact-dom 25ms (cache hit)
1678 silly packumentCache full:https://registry.npmjs.org/@types%2freact-dom set size:444872 disposed:false
1679 silly fetch manifest react-dom@^16.8 || ^17.0 || ^18.0 || ^19.0 || ^19.0.0-rc
1680 silly packumentCache full:https://registry.npmjs.org/react-dom cache-miss
1681 http cache https://registry.npmjs.org/react-dom 182ms (cache hit)
1682 silly packumentCache full:https://registry.npmjs.org/react-dom set size:9417009 disposed:false
1683 silly placeDep ROOT @radix-ui/primitive@1.1.7 OK for: @radix-ui/react-accordion@1.2.20 want: 1.1.7
1684 silly placeDep ROOT @radix-ui/react-collection@1.1.15 OK for: @radix-ui/react-accordion@1.2.20 want: 1.1.15
1685 silly placeDep ROOT @radix-ui/react-compose-refs@1.1.5 OK for: @radix-ui/react-accordion@1.2.20 want: 1.1.5
1686 silly placeDep ROOT @radix-ui/react-context@1.2.2 OK for: @radix-ui/react-accordion@1.2.20 want: 1.2.2
1687 silly placeDep ROOT @radix-ui/react-direction@1.1.4 OK for: @radix-ui/react-accordion@1.2.20 want: 1.1.4
1688 silly placeDep ROOT @radix-ui/react-id@1.1.4 OK for: @radix-ui/react-accordion@1.2.20 want: 1.1.4
1689 silly placeDep ROOT @radix-ui/react-primitive@2.1.10 OK for: @radix-ui/react-accordion@1.2.20 want: 2.1.10
1690 silly placeDep ROOT @radix-ui/react-use-controllable-state@1.2.6 OK for: @radix-ui/react-accordion@1.2.20 want: 1.2.6
1691 silly fetch manifest @radix-ui/react-use-effect-event@0.0.5
1692 silly packumentCache full:https://registry.npmjs.org/@radix-ui%2freact-use-effect-event cache-miss
1693 http fetch GET 200 https://registry.npmjs.org/@radix-ui%2freact-use-effect-event 134ms (cache miss)
1694 silly packumentCache full:https://registry.npmjs.org/@radix-ui%2freact-use-effect-event set size:undefined disposed:false
1695 silly placeDep ROOT @radix-ui/react-use-callback-ref@1.1.4 OK for: @radix-ui/react-avatar@1.2.6 want: 1.1.4
1696 silly placeDep ROOT @radix-ui/react-use-is-hydrated@0.1.3 OK for: @radix-ui/react-avatar@1.2.6 want: 0.1.3
1697 silly placeDep ROOT @radix-ui/react-use-layout-effect@1.1.4 OK for: @radix-ui/react-avatar@1.2.6 want: 1.1.4
1698 silly placeDep ROOT @radix-ui/react-presence@1.1.10 OK for: @radix-ui/react-checkbox@1.3.11 want: 1.1.10
1699 silly placeDep ROOT @radix-ui/react-use-size@1.1.4 OK for: @radix-ui/react-checkbox@1.3.11 want: 1.1.4
1700 silly placeDep ROOT @radix-ui/react-menu@2.1.24 OK for: @radix-ui/react-context-menu@2.3.7 want: 2.1.24
1701 silly placeDep ROOT @radix-ui/react-dismissable-layer@1.1.19 OK for: @radix-ui/react-dialog@1.1.23 want: 1.1.19
1702 silly placeDep ROOT @radix-ui/react-focus-guards@1.1.6 OK for: @radix-ui/react-dialog@1.1.23 want: 1.1.6
1703 silly placeDep ROOT @radix-ui/react-focus-scope@1.1.16 OK for: @radix-ui/react-dialog@1.1.23 want: 1.1.16
1704 silly placeDep ROOT @radix-ui/react-portal@1.1.17 OK for: @radix-ui/react-dialog@1.1.23 want: 1.1.17
1705 silly placeDep ROOT aria-hidden@1.2.6 OK for: @radix-ui/react-dialog@1.1.23 want: ^1.2.4
1706 silly placeDep ROOT react-remove-scroll@2.7.2 OK for: @radix-ui/react-dialog@1.1.23 want: ^2.7.2
1707 silly fetch manifest tslib@^2.0.0
1708 silly packumentCache full:https://registry.npmjs.org/tslib cache-miss
1709 silly fetch manifest react-remove-scroll-bar@^2.3.7
1710 silly packumentCache full:https://registry.npmjs.org/react-remove-scroll-bar cache-miss
1711 silly fetch manifest react-style-singleton@^2.2.3
1712 silly packumentCache full:https://registry.npmjs.org/react-style-singleton cache-miss
1713 silly fetch manifest tslib@^2.1.0
1714 silly packumentCache full:https://registry.npmjs.org/tslib cache-miss
1715 silly fetch manifest use-callback-ref@^1.3.3
1716 silly packumentCache full:https://registry.npmjs.org/use-callback-ref cache-miss
1717 silly fetch manifest use-sidecar@^1.1.3
1718 silly packumentCache full:https://registry.npmjs.org/use-sidecar cache-miss
1719 http fetch GET 200 https://registry.npmjs.org/use-sidecar 132ms (cache miss)
1720 silly packumentCache full:https://registry.npmjs.org/use-sidecar set size:undefined disposed:false
1721 http fetch GET 200 https://registry.npmjs.org/react-remove-scroll-bar 149ms (cache miss)
1722 silly packumentCache full:https://registry.npmjs.org/react-remove-scroll-bar set size:undefined disposed:false
1723 http fetch GET 200 https://registry.npmjs.org/tslib 154ms (cache revalidated)
1724 silly packumentCache full:https://registry.npmjs.org/tslib set size:108843 disposed:false
1725 http fetch GET 200 https://registry.npmjs.org/tslib 172ms (cache revalidated)
1726 silly packumentCache full:https://registry.npmjs.org/tslib set size:108843 disposed:false
1727 silly packumentCache full:https://registry.npmjs.org/tslib dispose
1728 http fetch GET 200 https://registry.npmjs.org/react-style-singleton 179ms (cache miss)
1729 silly packumentCache full:https://registry.npmjs.org/react-style-singleton set size:undefined disposed:false
1730 http fetch GET 200 https://registry.npmjs.org/use-callback-ref 183ms (cache miss)
1731 silly packumentCache full:https://registry.npmjs.org/use-callback-ref set size:undefined disposed:false
1732 silly placeDep ROOT @radix-ui/react-use-effect-event@0.0.5 OK for: @radix-ui/react-dismissable-layer@1.1.19 want: 0.0.5
1733 silly placeDep ROOT @radix-ui/react-popper@1.3.7 OK for: @radix-ui/react-hover-card@1.1.23 want: 1.3.7
1734 silly fetch manifest @radix-ui/rect@1.1.3
1735 silly packumentCache full:https://registry.npmjs.org/@radix-ui%2frect cache-miss
1736 silly fetch manifest @radix-ui/react-arrow@1.1.15
1737 silly packumentCache full:https://registry.npmjs.org/@radix-ui%2freact-arrow cache-miss
1738 silly fetch manifest @floating-ui/react-dom@^2.0.0
1739 silly packumentCache full:https://registry.npmjs.org/@floating-ui%2freact-dom cache-miss
1740 silly fetch manifest @radix-ui/react-use-rect@1.1.4
1741 silly packumentCache full:https://registry.npmjs.org/@radix-ui%2freact-use-rect cache-miss
1742 http fetch GET 200 https://registry.npmjs.org/@floating-ui%2freact-dom 119ms (cache miss)
1743 silly packumentCache full:https://registry.npmjs.org/@floating-ui%2freact-dom set size:undefined disposed:false
1744 http fetch GET 200 https://registry.npmjs.org/@radix-ui%2frect 183ms (cache miss)
1745 silly packumentCache full:https://registry.npmjs.org/@radix-ui%2frect set size:undefined disposed:false
1746 http fetch GET 200 https://registry.npmjs.org/@radix-ui%2freact-use-rect 193ms (cache miss)
1747 silly packumentCache full:https://registry.npmjs.org/@radix-ui%2freact-use-rect set size:undefined disposed:false
1748 http fetch GET 200 https://registry.npmjs.org/@radix-ui%2freact-arrow 230ms (cache miss)
1749 silly packumentCache full:https://registry.npmjs.org/@radix-ui%2freact-arrow set size:undefined disposed:false
1750 silly placeDep ROOT @radix-ui/react-roving-focus@1.1.19 OK for: @radix-ui/react-menu@2.1.24 want: 1.1.19
1751 silly placeDep ROOT @radix-ui/react-use-previous@1.1.4 OK for: @radix-ui/react-navigation-menu@1.2.22 want: 1.1.4
1752 silly placeDep ROOT @radix-ui/react-visually-hidden@1.2.11 OK for: @radix-ui/react-navigation-menu@1.2.22 want: 1.2.11
1753 silly placeDep ROOT @floating-ui/react-dom@2.1.9 OK for: @radix-ui/react-popper@1.3.7 want: ^2.0.0
1754 silly placeDep ROOT @radix-ui/react-arrow@1.1.15 OK for: @radix-ui/react-popper@1.3.7 want: 1.1.15
1755 silly placeDep ROOT @radix-ui/react-use-rect@1.1.4 OK for: @radix-ui/react-popper@1.3.7 want: 1.1.4
1756 silly placeDep ROOT @radix-ui/rect@1.1.3 OK for: @radix-ui/react-popper@1.3.7 want: 1.1.3
1757 silly fetch manifest @floating-ui/dom@^1.8.0
1758 silly packumentCache full:https://registry.npmjs.org/@floating-ui%2fdom cache-miss
1759 http fetch GET 200 https://registry.npmjs.org/@floating-ui%2fdom 276ms (cache miss)
1760 silly packumentCache full:https://registry.npmjs.org/@floating-ui%2fdom set size:undefined disposed:false
1761 silly placeDep ROOT @floating-ui/dom@1.8.0 OK for: @floating-ui/react-dom@2.1.9 want: ^1.8.0
1762 silly fetch manifest @floating-ui/core@^1.8.0
1763 silly packumentCache full:https://registry.npmjs.org/@floating-ui%2fcore cache-miss
1764 silly fetch manifest @floating-ui/utils@^0.2.12
1765 silly packumentCache full:https://registry.npmjs.org/@floating-ui%2futils cache-miss
1766 http fetch GET 200 https://registry.npmjs.org/@floating-ui%2futils 100ms (cache miss)
1767 silly packumentCache full:https://registry.npmjs.org/@floating-ui%2futils set size:undefined disposed:false
1768 http fetch GET 200 https://registry.npmjs.org/@floating-ui%2fcore 326ms (cache miss)
1769 silly packumentCache full:https://registry.npmjs.org/@floating-ui%2fcore set size:undefined disposed:false
1770 silly placeDep ROOT @floating-ui/core@1.8.0 OK for: @floating-ui/dom@1.8.0 want: ^1.8.0
1771 silly placeDep ROOT @floating-ui/utils@0.2.12 OK for: @floating-ui/dom@1.8.0 want: ^0.2.12
1772 silly placeDep ROOT @radix-ui/number@1.1.3 OK for: @radix-ui/react-scroll-area@1.2.18 want: 1.1.3
1773 silly placeDep ROOT @supabase/auth-js@2.116.0 OK for: @supabase/supabase-js@2.116.0 want: 2.116.0
1774 silly placeDep ROOT @supabase/functions-js@2.116.0 OK for: @supabase/supabase-js@2.116.0 want: 2.116.0
1775 silly placeDep ROOT @supabase/postgrest-js@2.116.0 OK for: @supabase/supabase-js@2.116.0 want: 2.116.0
1776 silly placeDep ROOT @supabase/realtime-js@2.116.0 OK for: @supabase/supabase-js@2.116.0 want: 2.116.0
1777 silly placeDep ROOT @supabase/storage-js@2.116.0 OK for: @supabase/supabase-js@2.116.0 want: 2.116.0
1778 silly fetch manifest tslib@2.8.1
1779 silly packumentCache full:https://registry.npmjs.org/tslib cache-hit
1780 silly fetch manifest tslib@2.8.1
1781 silly packumentCache full:https://registry.npmjs.org/tslib cache-hit
1782 silly fetch manifest tslib@2.8.1
1783 silly packumentCache full:https://registry.npmjs.org/tslib cache-hit
1784 silly fetch manifest tslib@2.8.1
1785 silly packumentCache full:https://registry.npmjs.org/tslib cache-hit
1786 silly fetch manifest @supabase/phoenix@0.4.5
1787 silly packumentCache full:https://registry.npmjs.org/@supabase%2fphoenix cache-miss
1788 silly fetch manifest tslib@2.8.1
1789 silly packumentCache full:https://registry.npmjs.org/tslib cache-hit
1790 silly fetch manifest iceberg-js@^0.8.1
1791 silly packumentCache full:https://registry.npmjs.org/iceberg-js cache-miss
1792 http fetch GET 200 https://registry.npmjs.org/iceberg-js 132ms (cache revalidated)
1793 silly packumentCache full:https://registry.npmjs.org/iceberg-js set size:44071 disposed:false
1794 http fetch GET 200 https://registry.npmjs.org/@supabase%2fphoenix 146ms (cache revalidated)
1795 silly packumentCache full:https://registry.npmjs.org/@supabase%2fphoenix set size:32329 disposed:false
1796 silly placeDep ROOT tslib@2.8.1 OK for: @supabase/auth-js@2.116.0 want: 2.8.1
1797 silly placeDep ROOT @supabase/phoenix@0.4.5 OK for: @supabase/realtime-js@2.116.0 want: 0.4.5
1798 silly placeDep ROOT iceberg-js@0.8.1 OK for: @supabase/storage-js@2.116.0 want: ^0.8.1
1799 silly placeDep ROOT @tailwindcss/node@4.3.3 OK for: @tailwindcss/vite@4.3.3 want: 4.3.3
1800 silly placeDep ROOT @tailwindcss/oxide@4.3.3 OK for: @tailwindcss/vite@4.3.3 want: 4.3.3
1801 silly fetch manifest lightningcss@1.32.0
1802 silly packumentCache full:https://registry.npmjs.org/lightningcss cache-hit
1803 silly fetch manifest magic-string@^0.30.21
1804 silly packumentCache full:https://registry.npmjs.org/magic-string cache-miss
1805 silly fetch manifest source-map-js@^1.2.1
1806 silly packumentCache full:https://registry.npmjs.org/source-map-js cache-miss
1807 silly fetch manifest enhanced-resolve@^5.24.1
1808 silly packumentCache full:https://registry.npmjs.org/enhanced-resolve cache-miss
1809 silly fetch manifest @jridgewell/remapping@^2.3.5
1810 silly packumentCache full:https://registry.npmjs.org/@jridgewell%2fremapping cache-miss
1811 silly fetch manifest @tailwindcss/oxide-darwin-x64@4.3.3
1812 silly packumentCache full:https://registry.npmjs.org/@tailwindcss%2foxide-darwin-x64 cache-miss
1813 silly fetch manifest @tailwindcss/oxide-freebsd-x64@4.3.3
1814 silly packumentCache full:https://registry.npmjs.org/@tailwindcss%2foxide-freebsd-x64 cache-miss
1815 silly fetch manifest @tailwindcss/oxide-wasm32-wasi@4.3.3
1816 silly packumentCache full:https://registry.npmjs.org/@tailwindcss%2foxide-wasm32-wasi cache-miss
1817 http fetch GET 200 https://registry.npmjs.org/source-map-js 166ms (cache revalidated)
1818 silly packumentCache full:https://registry.npmjs.org/source-map-js set size:62640 disposed:false
1819 silly fetch manifest @tailwindcss/oxide-darwin-arm64@4.3.3
1820 silly packumentCache full:https://registry.npmjs.org/@tailwindcss%2foxide-darwin-arm64 cache-miss
1821 http fetch GET 200 https://registry.npmjs.org/@jridgewell%2fremapping 183ms (cache revalidated)
1822 silly packumentCache full:https://registry.npmjs.org/@jridgewell%2fremapping set size:23809 disposed:false
1823 silly fetch manifest @tailwindcss/oxide-android-arm64@4.3.3
1824 silly packumentCache full:https://registry.npmjs.org/@tailwindcss%2foxide-android-arm64 cache-miss
1825 http fetch GET 200 https://registry.npmjs.org/magic-string 261ms (cache miss)
1826 silly packumentCache full:https://registry.npmjs.org/magic-string set size:undefined disposed:false
1827 silly fetch manifest @tailwindcss/oxide-linux-x64-gnu@4.3.3
1828 silly packumentCache full:https://registry.npmjs.org/@tailwindcss%2foxide-linux-x64-gnu cache-miss
1829 http fetch GET 200 https://registry.npmjs.org/enhanced-resolve 305ms (cache miss)
1830 silly packumentCache full:https://registry.npmjs.org/enhanced-resolve set size:undefined disposed:false
1831 silly fetch manifest @tailwindcss/oxide-linux-x64-musl@4.3.3
1832 silly packumentCache full:https://registry.npmjs.org/@tailwindcss%2foxide-linux-x64-musl cache-miss
1833 http fetch GET 200 https://registry.npmjs.org/@tailwindcss%2foxide-wasm32-wasi 539ms (cache miss)
1834 silly packumentCache full:https://registry.npmjs.org/@tailwindcss%2foxide-wasm32-wasi set size:undefined disposed:false
1835 silly fetch manifest @tailwindcss/oxide-win32-x64-msvc@4.3.3
1836 silly packumentCache full:https://registry.npmjs.org/@tailwindcss%2foxide-win32-x64-msvc cache-miss
1837 http fetch GET 200 https://registry.npmjs.org/@tailwindcss%2foxide-android-arm64 595ms (cache miss)
1838 silly packumentCache full:https://registry.npmjs.org/@tailwindcss%2foxide-android-arm64 set size:undefined disposed:false
1839 silly fetch manifest @tailwindcss/oxide-linux-arm64-gnu@4.3.3
1840 silly packumentCache full:https://registry.npmjs.org/@tailwindcss%2foxide-linux-arm64-gnu cache-miss
1841 http fetch GET 200 https://registry.npmjs.org/@tailwindcss%2foxide-freebsd-x64 959ms (cache miss)
1842 silly packumentCache full:https://registry.npmjs.org/@tailwindcss%2foxide-freebsd-x64 set size:undefined disposed:false
1843 silly fetch manifest @tailwindcss/oxide-linux-arm64-musl@4.3.3
1844 silly packumentCache full:https://registry.npmjs.org/@tailwindcss%2foxide-linux-arm64-musl cache-miss
1845 http fetch GET 200 https://registry.npmjs.org/@tailwindcss%2foxide-darwin-x64 1167ms (cache miss)
1846 silly packumentCache full:https://registry.npmjs.org/@tailwindcss%2foxide-darwin-x64 set size:undefined disposed:false
1847 silly fetch manifest @tailwindcss/oxide-win32-arm64-msvc@4.3.3
1848 silly packumentCache full:https://registry.npmjs.org/@tailwindcss%2foxide-win32-arm64-msvc cache-miss
1849 http fetch GET 200 https://registry.npmjs.org/@tailwindcss%2foxide-darwin-arm64 1204ms (cache miss)
1850 silly packumentCache full:https://registry.npmjs.org/@tailwindcss%2foxide-darwin-arm64 set size:undefined disposed:false
1851 silly fetch manifest @tailwindcss/oxide-linux-arm-gnueabihf@4.3.3
1852 silly packumentCache full:https://registry.npmjs.org/@tailwindcss%2foxide-linux-arm-gnueabihf cache-miss
1853 http fetch GET 200 https://registry.npmjs.org/@tailwindcss%2foxide-linux-x64-gnu 1351ms (cache miss)
1854 silly packumentCache full:https://registry.npmjs.org/@tailwindcss%2foxide-linux-x64-gnu set size:undefined disposed:false
1855 http fetch GET 200 https://registry.npmjs.org/@tailwindcss%2foxide-linux-x64-musl 1491ms (cache miss)
1856 silly packumentCache full:https://registry.npmjs.org/@tailwindcss%2foxide-linux-x64-musl set size:undefined disposed:false
1857 http fetch GET 200 https://registry.npmjs.org/@tailwindcss%2foxide-win32-x64-msvc 1467ms (cache miss)
1858 silly packumentCache full:https://registry.npmjs.org/@tailwindcss%2foxide-win32-x64-msvc set size:undefined disposed:false
1859 http fetch GET 200 https://registry.npmjs.org/@tailwindcss%2foxide-win32-arm64-msvc 917ms (cache miss)
1860 silly packumentCache full:https://registry.npmjs.org/@tailwindcss%2foxide-win32-arm64-msvc set size:undefined disposed:false
1861 http fetch GET 200 https://registry.npmjs.org/@tailwindcss%2foxide-linux-arm64-gnu 1443ms (cache miss)
1862 silly packumentCache full:https://registry.npmjs.org/@tailwindcss%2foxide-linux-arm64-gnu set size:undefined disposed:false
1863 http fetch GET 200 https://registry.npmjs.org/@tailwindcss%2foxide-linux-arm64-musl 1300ms (cache miss)
1864 silly packumentCache full:https://registry.npmjs.org/@tailwindcss%2foxide-linux-arm64-musl set size:undefined disposed:false
1865 http fetch GET 200 https://registry.npmjs.org/@tailwindcss%2foxide-linux-arm-gnueabihf 1112ms (cache miss)
1866 silly packumentCache full:https://registry.npmjs.org/@tailwindcss%2foxide-linux-arm-gnueabihf set size:undefined disposed:false
1867 silly placeDep ROOT @jridgewell/remapping@2.3.5 OK for: @tailwindcss/node@4.3.3 want: ^2.3.5
1868 silly placeDep ROOT enhanced-resolve@5.25.1 OK for: @tailwindcss/node@4.3.3 want: ^5.24.1
1869 silly placeDep ROOT jiti@2.7.0 OK for: @tailwindcss/node@4.3.3 want: ^2.7.0
1870 silly placeDep node_modules/@tailwindcss/node lightningcss@1.32.0 OK for: @tailwindcss/node@4.3.3 want: 1.32.0
1871 silly placeDep ROOT magic-string@0.30.21 OK for: @tailwindcss/node@4.3.3 want: ^0.30.21
1872 silly placeDep ROOT source-map-js@1.2.1 OK for: @tailwindcss/node@4.3.3 want: ^1.2.1
1873 silly fetch manifest @jridgewell/gen-mapping@^0.3.5
1874 silly packumentCache full:https://registry.npmjs.org/@jridgewell%2fgen-mapping cache-miss
1875 silly fetch manifest @jridgewell/trace-mapping@^0.3.24
1876 silly packumentCache full:https://registry.npmjs.org/@jridgewell%2ftrace-mapping cache-miss
1877 silly fetch manifest tapable@^2.3.3
1878 silly packumentCache full:https://registry.npmjs.org/tapable cache-miss
1879 silly fetch manifest graceful-fs@^4.2.4
1880 silly packumentCache full:https://registry.npmjs.org/graceful-fs cache-miss
1881 silly fetch manifest lightningcss-darwin-x64@1.32.0
1882 silly packumentCache full:https://registry.npmjs.org/lightningcss-darwin-x64 cache-miss
1883 silly fetch manifest lightningcss-freebsd-x64@1.32.0
1884 silly packumentCache full:https://registry.npmjs.org/lightningcss-freebsd-x64 cache-miss
1885 silly fetch manifest lightningcss-darwin-arm64@1.32.0
1886 silly packumentCache full:https://registry.npmjs.org/lightningcss-darwin-arm64 cache-miss
1887 http cache https://registry.npmjs.org/lightningcss-darwin-x64 39ms (cache hit)
1888 silly packumentCache full:https://registry.npmjs.org/lightningcss-darwin-x64 set size:80374 disposed:false
1889 silly fetch manifest lightningcss-android-arm64@1.32.0
1890 silly packumentCache full:https://registry.npmjs.org/lightningcss-android-arm64 cache-miss
1891 http cache https://registry.npmjs.org/lightningcss-darwin-arm64 44ms (cache hit)
1892 silly packumentCache full:https://registry.npmjs.org/lightningcss-darwin-arm64 set size:80970 disposed:false
1893 silly fetch manifest lightningcss-linux-x64-gnu@1.32.0
1894 silly packumentCache full:https://registry.npmjs.org/lightningcss-linux-x64-gnu cache-miss
1895 http cache https://registry.npmjs.org/lightningcss-freebsd-x64 58ms (cache hit)
1896 silly packumentCache full:https://registry.npmjs.org/lightningcss-freebsd-x64 set size:44564 disposed:false
1897 silly fetch manifest lightningcss-linux-x64-musl@1.32.0
1898 silly packumentCache full:https://registry.npmjs.org/lightningcss-linux-x64-musl cache-miss
1899 http cache https://registry.npmjs.org/lightningcss-android-arm64 61ms (cache hit)
1900 silly packumentCache full:https://registry.npmjs.org/lightningcss-android-arm64 set size:9371 disposed:false
1901 silly fetch manifest lightningcss-win32-x64-msvc@1.32.0
1902 silly packumentCache full:https://registry.npmjs.org/lightningcss-win32-x64-msvc cache-miss
1903 http cache https://registry.npmjs.org/lightningcss-linux-x64-gnu 59ms (cache hit)
1904 silly packumentCache full:https://registry.npmjs.org/lightningcss-linux-x64-gnu set size:81819 disposed:false
1905 silly fetch manifest lightningcss-linux-arm64-gnu@1.32.0
1906 silly packumentCache full:https://registry.npmjs.org/lightningcss-linux-arm64-gnu cache-miss
1907 http cache https://registry.npmjs.org/lightningcss-linux-x64-musl 61ms (cache hit)
1908 silly packumentCache full:https://registry.npmjs.org/lightningcss-linux-x64-musl set size:82032 disposed:false
1909 silly fetch manifest lightningcss-linux-arm64-musl@1.32.0
1910 silly packumentCache full:https://registry.npmjs.org/lightningcss-linux-arm64-musl cache-miss
1911 http cache https://registry.npmjs.org/lightningcss-win32-x64-msvc 47ms (cache hit)
1912 silly packumentCache full:https://registry.npmjs.org/lightningcss-win32-x64-msvc set size:81347 disposed:false
1913 silly fetch manifest lightningcss-win32-arm64-msvc@1.32.0
1914 silly packumentCache full:https://registry.npmjs.org/lightningcss-win32-arm64-msvc cache-miss
1915 http cache https://registry.npmjs.org/lightningcss-linux-arm64-musl 35ms (cache hit)
1916 silly packumentCache full:https://registry.npmjs.org/lightningcss-linux-arm64-musl set size:82617 disposed:false
1917 silly fetch manifest lightningcss-linux-arm-gnueabihf@1.32.0
1918 silly packumentCache full:https://registry.npmjs.org/lightningcss-linux-arm-gnueabihf cache-miss
1919 http cache https://registry.npmjs.org/lightningcss-linux-arm64-gnu 56ms (cache hit)
1920 silly packumentCache full:https://registry.npmjs.org/lightningcss-linux-arm64-gnu set size:82397 disposed:false
1921 silly fetch manifest @jridgewell/sourcemap-codec@^1.5.5
1922 silly packumentCache full:https://registry.npmjs.org/@jridgewell%2fsourcemap-codec cache-miss
1923 http fetch GET 200 https://registry.npmjs.org/graceful-fs 210ms (cache revalidated)
1924 silly packumentCache full:https://registry.npmjs.org/graceful-fs set size:124285 disposed:false
1925 http fetch GET 200 https://registry.npmjs.org/tapable 231ms (cache miss)
1926 silly packumentCache full:https://registry.npmjs.org/tapable set size:undefined disposed:false
1927 http fetch GET 200 https://registry.npmjs.org/@jridgewell%2ftrace-mapping 267ms (cache revalidated)
1928 silly packumentCache full:https://registry.npmjs.org/@jridgewell%2ftrace-mapping set size:170909 disposed:false
1929 http fetch GET 200 https://registry.npmjs.org/@jridgewell%2fgen-mapping 294ms (cache revalidated)
1930 silly packumentCache full:https://registry.npmjs.org/@jridgewell%2fgen-mapping set size:75941 disposed:false
1931 http cache https://registry.npmjs.org/lightningcss-win32-arm64-msvc 156ms (cache hit)
1932 silly packumentCache full:https://registry.npmjs.org/lightningcss-win32-arm64-msvc set size:28346 disposed:false
1933 http cache https://registry.npmjs.org/lightningcss-linux-arm-gnueabihf 152ms (cache hit)
1934 silly packumentCache full:https://registry.npmjs.org/lightningcss-linux-arm-gnueabihf set size:82635 disposed:false
1935 http fetch GET 200 https://registry.npmjs.org/@jridgewell%2fsourcemap-codec 236ms (cache revalidated)
1936 silly packumentCache full:https://registry.npmjs.org/@jridgewell%2fsourcemap-codec set size:65255 disposed:false
1937 silly placeDep ROOT @jridgewell/gen-mapping@0.3.13 OK for: @jridgewell/remapping@2.3.5 want: ^0.3.5
1938 silly placeDep ROOT @jridgewell/trace-mapping@0.3.31 OK for: @jridgewell/remapping@2.3.5 want: ^0.3.24
1939 silly fetch manifest @jridgewell/sourcemap-codec@^1.5.0
1940 silly packumentCache full:https://registry.npmjs.org/@jridgewell%2fsourcemap-codec cache-hit
1941 silly fetch manifest @jridgewell/resolve-uri@^3.1.0
1942 silly packumentCache full:https://registry.npmjs.org/@jridgewell%2fresolve-uri cache-miss
1943 silly fetch manifest @jridgewell/sourcemap-codec@^1.4.14
1944 silly packumentCache full:https://registry.npmjs.org/@jridgewell%2fsourcemap-codec cache-hit
1945 http fetch GET 200 https://registry.npmjs.org/@jridgewell%2fresolve-uri 130ms (cache revalidated)
1946 silly packumentCache full:https://registry.npmjs.org/@jridgewell%2fresolve-uri set size:57361 disposed:false
1947 silly placeDep ROOT @jridgewell/sourcemap-codec@1.6.0 OK for: @jridgewell/gen-mapping@0.3.13 want: ^1.5.0
1948 silly placeDep ROOT @jridgewell/resolve-uri@3.1.2 OK for: @jridgewell/trace-mapping@0.3.31 want: ^3.1.0
1949 silly placeDep ROOT @tailwindcss/oxide-android-arm64@4.3.3 OK for: @tailwindcss/oxide@4.3.3 want: 4.3.3
1950 silly placeDep ROOT @tailwindcss/oxide-darwin-arm64@4.3.3 OK for: @tailwindcss/oxide@4.3.3 want: 4.3.3
1951 silly placeDep ROOT @tailwindcss/oxide-darwin-x64@4.3.3 OK for: @tailwindcss/oxide@4.3.3 want: 4.3.3
1952 silly placeDep ROOT @tailwindcss/oxide-freebsd-x64@4.3.3 OK for: @tailwindcss/oxide@4.3.3 want: 4.3.3
1953 silly placeDep ROOT @tailwindcss/oxide-linux-arm-gnueabihf@4.3.3 OK for: @tailwindcss/oxide@4.3.3 want: 4.3.3
1954 silly placeDep ROOT @tailwindcss/oxide-linux-arm64-gnu@4.3.3 OK for: @tailwindcss/oxide@4.3.3 want: 4.3.3
1955 silly placeDep ROOT @tailwindcss/oxide-linux-arm64-musl@4.3.3 OK for: @tailwindcss/oxide@4.3.3 want: 4.3.3
1956 silly placeDep ROOT @tailwindcss/oxide-linux-x64-gnu@4.3.3 OK for: @tailwindcss/oxide@4.3.3 want: 4.3.3
1957 silly placeDep ROOT @tailwindcss/oxide-linux-x64-musl@4.3.3 OK for: @tailwindcss/oxide@4.3.3 want: 4.3.3
1958 silly placeDep ROOT @tailwindcss/oxide-wasm32-wasi@4.3.3 OK for: @tailwindcss/oxide@4.3.3 want: 4.3.3
1959 silly placeDep ROOT @tailwindcss/oxide-win32-arm64-msvc@4.3.3 OK for: @tailwindcss/oxide@4.3.3 want: 4.3.3
1960 silly placeDep ROOT @tailwindcss/oxide-win32-x64-msvc@4.3.3 OK for: @tailwindcss/oxide@4.3.3 want: 4.3.3
1961 silly placeDep ROOT @tanstack/devtools-bundler-core@0.1.3 OK for: @tanstack/devtools-vite@0.8.5 want: 0.1.3
1962 silly placeDep ROOT @tanstack/devtools-client@0.0.8 OK for: @tanstack/devtools-vite@0.8.5 want: 0.0.8
1963 silly placeDep ROOT @tanstack/devtools-event-bus@0.4.3 OK for: @tanstack/devtools-vite@0.8.5 want: 0.4.3
1964 silly placeDep ROOT chalk@5.6.2 OK for: @tanstack/devtools-vite@0.8.5 want: ^5.6.2
1965 silly fetch manifest oxc-parser@^0.120.0
1966 silly packumentCache full:https://registry.npmjs.org/oxc-parser cache-miss
1967 silly fetch manifest launch-editor@^2.14.1
1968 silly packumentCache full:https://registry.npmjs.org/launch-editor cache-miss
1969 silly fetch manifest @tanstack/devtools-event-client@^0.5.0
1970 silly packumentCache full:https://registry.npmjs.org/@tanstack%2fdevtools-event-client cache-miss
1971 silly fetch manifest ws@^8.18.3
1972 silly packumentCache full:https://registry.npmjs.org/ws cache-miss
1973 http fetch GET 200 https://registry.npmjs.org/launch-editor 116ms (cache miss)
1974 silly packumentCache full:https://registry.npmjs.org/launch-editor set size:undefined disposed:false
1975 http fetch GET 200 https://registry.npmjs.org/ws 129ms (cache revalidated)
1976 silly packumentCache full:https://registry.npmjs.org/ws set size:447661 disposed:false
1977 http fetch GET 200 https://registry.npmjs.org/oxc-parser 186ms (cache miss)
1978 silly packumentCache full:https://registry.npmjs.org/oxc-parser set size:undefined disposed:false
1979 http fetch GET 200 https://registry.npmjs.org/@tanstack%2fdevtools-event-client 611ms (cache miss)
1980 silly packumentCache full:https://registry.npmjs.org/@tanstack%2fdevtools-event-client set size:undefined disposed:false
1981 silly placeDep ROOT launch-editor@2.14.1 OK for: @tanstack/devtools-bundler-core@0.1.3 want: ^2.14.1
1982 silly placeDep ROOT oxc-parser@0.120.0 OK for: @tanstack/devtools-bundler-core@0.1.3 want: ^0.120.0
1983 silly placeDep ROOT picomatch@4.0.7 OK for: @tanstack/devtools-bundler-core@0.1.3 want: ^4.0.5
1984 silly fetch manifest picocolors@^1.1.1
1985 silly packumentCache full:https://registry.npmjs.org/picocolors cache-miss
1986 silly fetch manifest shell-quote@^1.8.4
1987 silly packumentCache full:https://registry.npmjs.org/shell-quote cache-miss
1988 silly fetch manifest @oxc-project/types@^0.120.0
1989 silly packumentCache full:https://registry.npmjs.org/@oxc-project%2ftypes cache-miss
1990 silly fetch manifest @oxc-parser/binding-darwin-x64@0.120.0
1991 silly packumentCache full:https://registry.npmjs.org/@oxc-parser%2fbinding-darwin-x64 cache-miss
1992 silly fetch manifest @oxc-parser/binding-freebsd-x64@0.120.0
1993 silly packumentCache full:https://registry.npmjs.org/@oxc-parser%2fbinding-freebsd-x64 cache-miss
1994 silly fetch manifest @oxc-parser/binding-wasm32-wasi@0.120.0
1995 silly packumentCache full:https://registry.npmjs.org/@oxc-parser%2fbinding-wasm32-wasi cache-miss
1996 silly fetch manifest @oxc-parser/binding-darwin-arm64@0.120.0
1997 silly packumentCache full:https://registry.npmjs.org/@oxc-parser%2fbinding-darwin-arm64 cache-miss
1998 http fetch GET 200 https://registry.npmjs.org/shell-quote 106ms (cache miss)
1999 silly packumentCache full:https://registry.npmjs.org/shell-quote set size:undefined disposed:false
2000 silly fetch manifest @oxc-parser/binding-android-arm64@0.120.0
2001 silly packumentCache full:https://registry.npmjs.org/@oxc-parser%2fbinding-android-arm64 cache-miss
2002 http fetch GET 200 https://registry.npmjs.org/picocolors 146ms (cache revalidated)
2003 silly packumentCache full:https://registry.npmjs.org/picocolors set size:16648 disposed:false
2004 silly fetch manifest @oxc-parser/binding-linux-x64-gnu@0.120.0
2005 silly packumentCache full:https://registry.npmjs.org/@oxc-parser%2fbinding-linux-x64-gnu cache-miss
2006 http fetch GET 200 https://registry.npmjs.org/@oxc-parser%2fbinding-freebsd-x64 285ms (cache miss)
2007 silly packumentCache full:https://registry.npmjs.org/@oxc-parser%2fbinding-freebsd-x64 set size:undefined disposed:false
2008 silly fetch manifest @oxc-parser/binding-linux-x64-musl@0.120.0
2009 silly packumentCache full:https://registry.npmjs.org/@oxc-parser%2fbinding-linux-x64-musl cache-miss
2010 http fetch GET 200 https://registry.npmjs.org/@oxc-parser%2fbinding-darwin-arm64 316ms (cache miss)
2011 silly packumentCache full:https://registry.npmjs.org/@oxc-parser%2fbinding-darwin-arm64 set size:undefined disposed:false
2012 silly fetch manifest @oxc-parser/binding-win32-x64-msvc@0.120.0
2013 silly packumentCache full:https://registry.npmjs.org/@oxc-parser%2fbinding-win32-x64-msvc cache-miss
2014 http fetch GET 200 https://registry.npmjs.org/@oxc-parser%2fbinding-wasm32-wasi 366ms (cache miss)
2015 silly packumentCache full:https://registry.npmjs.org/@oxc-parser%2fbinding-wasm32-wasi set size:undefined disposed:false
2016 silly fetch manifest @oxc-parser/binding-linux-arm64-gnu@0.120.0
2017 silly packumentCache full:https://registry.npmjs.org/@oxc-parser%2fbinding-linux-arm64-gnu cache-miss
2018 http fetch GET 200 https://registry.npmjs.org/@oxc-project%2ftypes 419ms (cache miss)
2019 silly packumentCache full:https://registry.npmjs.org/@oxc-project%2ftypes set size:undefined disposed:false
2020 silly fetch manifest @oxc-parser/binding-linux-ppc64-gnu@0.120.0
2021 silly packumentCache full:https://registry.npmjs.org/@oxc-parser%2fbinding-linux-ppc64-gnu cache-miss
2022 http fetch GET 200 https://registry.npmjs.org/@oxc-parser%2fbinding-android-arm64 333ms (cache miss)
2023 silly packumentCache full:https://registry.npmjs.org/@oxc-parser%2fbinding-android-arm64 set size:undefined disposed:false
2024 silly fetch manifest @oxc-parser/binding-linux-s390x-gnu@0.120.0
2025 silly packumentCache full:https://registry.npmjs.org/@oxc-parser%2fbinding-linux-s390x-gnu cache-miss
2026 http fetch GET 200 https://registry.npmjs.org/@oxc-parser%2fbinding-darwin-x64 488ms (cache miss)
2027 silly packumentCache full:https://registry.npmjs.org/@oxc-parser%2fbinding-darwin-x64 set size:undefined disposed:false
2028 silly fetch manifest @oxc-parser/binding-win32-ia32-msvc@0.120.0
2029 silly packumentCache full:https://registry.npmjs.org/@oxc-parser%2fbinding-win32-ia32-msvc cache-miss
2030 http fetch GET 200 https://registry.npmjs.org/@oxc-parser%2fbinding-win32-x64-msvc 272ms (cache miss)
2031 silly packumentCache full:https://registry.npmjs.org/@oxc-parser%2fbinding-win32-x64-msvc set size:undefined disposed:false
2032 silly fetch manifest @oxc-parser/binding-android-arm-eabi@0.120.0
2033 silly packumentCache full:https://registry.npmjs.org/@oxc-parser%2fbinding-android-arm-eabi cache-miss
2034 http fetch GET 200 https://registry.npmjs.org/@oxc-parser%2fbinding-linux-x64-gnu 508ms (cache miss)
2035 silly packumentCache full:https://registry.npmjs.org/@oxc-parser%2fbinding-linux-x64-gnu set size:undefined disposed:false
2036 silly fetch manifest @oxc-parser/binding-linux-arm64-musl@0.120.0
2037 silly packumentCache full:https://registry.npmjs.org/@oxc-parser%2fbinding-linux-arm64-musl cache-miss
2038 http fetch GET 200 https://registry.npmjs.org/@oxc-parser%2fbinding-linux-s390x-gnu 288ms (cache miss)
2039 silly packumentCache full:https://registry.npmjs.org/@oxc-parser%2fbinding-linux-s390x-gnu set size:undefined disposed:false
2040 silly fetch manifest @oxc-parser/binding-win32-arm64-msvc@0.120.0
2041 silly packumentCache full:https://registry.npmjs.org/@oxc-parser%2fbinding-win32-arm64-msvc cache-miss
2042 http fetch GET 200 https://registry.npmjs.org/@oxc-parser%2fbinding-win32-ia32-msvc 328ms (cache miss)
2043 silly packumentCache full:https://registry.npmjs.org/@oxc-parser%2fbinding-win32-ia32-msvc set size:undefined disposed:false
2044 silly fetch manifest @oxc-parser/binding-linux-riscv64-gnu@0.120.0
2045 silly packumentCache full:https://registry.npmjs.org/@oxc-parser%2fbinding-linux-riscv64-gnu cache-miss
2046 http fetch GET 200 https://registry.npmjs.org/@oxc-parser%2fbinding-linux-ppc64-gnu 442ms (cache miss)
2047 silly packumentCache full:https://registry.npmjs.org/@oxc-parser%2fbinding-linux-ppc64-gnu set size:undefined disposed:false
2048 silly fetch manifest @oxc-parser/binding-openharmony-arm64@0.120.0
2049 silly packumentCache full:https://registry.npmjs.org/@oxc-parser%2fbinding-openharmony-arm64 cache-miss
2050 http fetch GET 200 https://registry.npmjs.org/@oxc-parser%2fbinding-android-arm-eabi 263ms (cache miss)
2051 silly packumentCache full:https://registry.npmjs.org/@oxc-parser%2fbinding-android-arm-eabi set size:undefined disposed:false
2052 silly fetch manifest @oxc-parser/binding-linux-riscv64-musl@0.120.0
2053 silly packumentCache full:https://registry.npmjs.org/@oxc-parser%2fbinding-linux-riscv64-musl cache-miss
2054 http fetch GET 200 https://registry.npmjs.org/@oxc-parser%2fbinding-linux-arm64-gnu 527ms (cache miss)
2055 silly packumentCache full:https://registry.npmjs.org/@oxc-parser%2fbinding-linux-arm64-gnu set size:undefined disposed:false
2056 silly fetch manifest @oxc-parser/binding-linux-arm-gnueabihf@0.120.0
2057 silly packumentCache full:https://registry.npmjs.org/@oxc-parser%2fbinding-linux-arm-gnueabihf cache-miss
2058 http fetch GET 200 https://registry.npmjs.org/@oxc-parser%2fbinding-linux-arm64-musl 302ms (cache miss)
2059 silly packumentCache full:https://registry.npmjs.org/@oxc-parser%2fbinding-linux-arm64-musl set size:undefined disposed:false
2060 silly fetch manifest @oxc-parser/binding-linux-arm-musleabihf@0.120.0
2061 silly packumentCache full:https://registry.npmjs.org/@oxc-parser%2fbinding-linux-arm-musleabihf cache-miss
2062 http fetch GET 200 https://registry.npmjs.org/@oxc-parser%2fbinding-linux-x64-musl 723ms (cache miss)
2063 silly packumentCache full:https://registry.npmjs.org/@oxc-parser%2fbinding-linux-x64-musl set size:undefined disposed:false
2064 http fetch GET 200 https://registry.npmjs.org/@oxc-parser%2fbinding-win32-arm64-msvc 285ms (cache miss)
2065 silly packumentCache full:https://registry.npmjs.org/@oxc-parser%2fbinding-win32-arm64-msvc set size:undefined disposed:false
2066 http fetch GET 200 https://registry.npmjs.org/@oxc-parser%2fbinding-linux-riscv64-gnu 266ms (cache miss)
2067 silly packumentCache full:https://registry.npmjs.org/@oxc-parser%2fbinding-linux-riscv64-gnu set size:undefined disposed:false
2068 http fetch GET 200 https://registry.npmjs.org/@oxc-parser%2fbinding-linux-riscv64-musl 235ms (cache miss)
2069 silly packumentCache full:https://registry.npmjs.org/@oxc-parser%2fbinding-linux-riscv64-musl set size:undefined disposed:false
2070 http fetch GET 200 https://registry.npmjs.org/@oxc-parser%2fbinding-openharmony-arm64 274ms (cache miss)
2071 silly packumentCache full:https://registry.npmjs.org/@oxc-parser%2fbinding-openharmony-arm64 set size:undefined disposed:false
2072 http fetch GET 200 https://registry.npmjs.org/@oxc-parser%2fbinding-linux-arm-gnueabihf 277ms (cache miss)
2073 silly packumentCache full:https://registry.npmjs.org/@oxc-parser%2fbinding-linux-arm-gnueabihf set size:undefined disposed:false
2074 http fetch GET 200 https://registry.npmjs.org/@oxc-parser%2fbinding-linux-arm-musleabihf 474ms (cache miss)
2075 silly packumentCache full:https://registry.npmjs.org/@oxc-parser%2fbinding-linux-arm-musleabihf set size:undefined disposed:false
2076 silly placeDep ROOT @tanstack/devtools-event-client@0.5.0 OK for: @tanstack/devtools-client@0.0.8 want: ^0.5.0
2077 silly fetch manifest bufferutil@^4.0.1
2078 silly packumentCache full:https://registry.npmjs.org/bufferutil cache-miss
2079 http fetch GET 200 https://registry.npmjs.org/bufferutil 131ms (cache revalidated)
2080 silly packumentCache full:https://registry.npmjs.org/bufferutil set size:52668 disposed:false
2081 silly fetch manifest utf-8-validate@>=5.0.2
2082 silly packumentCache full:https://registry.npmjs.org/utf-8-validate cache-miss
2083 http fetch GET 200 https://registry.npmjs.org/utf-8-validate 119ms (cache revalidated)
2084 silly packumentCache full:https://registry.npmjs.org/utf-8-validate set size:77012 disposed:false
2085 silly placeDep ROOT ws@8.21.3 OK for: @tanstack/devtools-event-bus@0.4.3 want: ^8.18.3
2086 silly placeDep ROOT @tanstack/query-core@5.103.1 OK for: @tanstack/react-query@5.103.1 want: 5.103.1
2087 silly fetch manifest react@>=18.0.0 || >=19.0.0
2088 silly packumentCache full:https://registry.npmjs.org/react cache-miss
2089 http cache https://registry.npmjs.org/react 69ms (cache hit)
2090 silly packumentCache full:https://registry.npmjs.org/react set size:6992208 disposed:false
2091 silly fetch manifest react-dom@>=18.0.0 || >=19.0.0
2092 silly packumentCache full:https://registry.npmjs.org/react-dom cache-miss
2093 http cache https://registry.npmjs.org/react-dom 92ms (cache hit)
2094 silly packumentCache full:https://registry.npmjs.org/react-dom set size:9417009 disposed:false
2095 silly placeDep ROOT @tanstack/history@1.162.0 OK for: @tanstack/react-router@1.170.18 want: 1.162.0
2096 silly placeDep ROOT @tanstack/react-store@0.9.3 OK for: @tanstack/react-router@1.170.18 want: ^0.9.3
2097 silly placeDep ROOT @tanstack/router-core@1.171.15 OK for: @tanstack/react-router@1.170.18 want: 1.171.15
2098 silly placeDep ROOT isbot@5.2.2 OK for: @tanstack/react-router@1.170.18 want: ^5.1.22
2099 silly fetch manifest @tanstack/store@0.9.3
2100 silly packumentCache full:https://registry.npmjs.org/@tanstack%2fstore cache-miss
2101 silly fetch manifest use-sync-external-store@^1.6.0
2102 silly packumentCache full:https://registry.npmjs.org/use-sync-external-store cache-miss
2103 silly fetch manifest seroval@^1.5.4
2104 silly packumentCache full:https://registry.npmjs.org/seroval cache-miss
2105 silly fetch manifest cookie-es@^3.0.0
2106 silly packumentCache full:https://registry.npmjs.org/cookie-es cache-miss
2107 silly fetch manifest seroval-plugins@^1.5.4
2108 silly packumentCache full:https://registry.npmjs.org/seroval-plugins cache-miss
2109 http fetch GET 200 https://registry.npmjs.org/seroval 212ms (cache miss)
2110 silly packumentCache full:https://registry.npmjs.org/seroval set size:undefined disposed:false
2111 http fetch GET 200 https://registry.npmjs.org/seroval-plugins 228ms (cache miss)
2112 silly packumentCache full:https://registry.npmjs.org/seroval-plugins set size:undefined disposed:false
2113 http fetch GET 200 https://registry.npmjs.org/cookie-es 351ms (cache miss)
2114 silly packumentCache full:https://registry.npmjs.org/cookie-es set size:undefined disposed:false
2115 http fetch GET 200 https://registry.npmjs.org/use-sync-external-store 435ms (cache miss)
2116 silly packumentCache full:https://registry.npmjs.org/use-sync-external-store set size:undefined disposed:false
2117 http fetch GET 200 https://registry.npmjs.org/@tanstack%2fstore 677ms (cache miss)
2118 silly packumentCache full:https://registry.npmjs.org/@tanstack%2fstore set size:undefined disposed:false
2119 silly fetch manifest @rspack/core@>=2.0.0-0
2120 silly packumentCache full:https://registry.npmjs.org/@rspack%2fcore cache-miss
2121 http fetch GET 200 https://registry.npmjs.org/@rspack%2fcore 394ms (cache miss)
2122 silly packumentCache full:https://registry.npmjs.org/@rspack%2fcore set size:undefined disposed:false
2123 silly fetch manifest @module-federation/runtime-tools@^0.24.1 || ^2.0.0
2124 silly packumentCache full:https://registry.npmjs.org/@module-federation%2fruntime-tools cache-miss
2125 http fetch GET 200 https://registry.npmjs.org/@module-federation%2fruntime-tools 696ms (cache miss)
2126 silly packumentCache full:https://registry.npmjs.org/@module-federation%2fruntime-tools set size:undefined disposed:false
2127 silly fetch manifest @swc/helpers@^0.5.23
2128 silly packumentCache full:https://registry.npmjs.org/@swc%2fhelpers cache-miss
2129 http fetch GET 200 https://registry.npmjs.org/@swc%2fhelpers 127ms (cache revalidated)
2130 silly packumentCache full:https://registry.npmjs.org/@swc%2fhelpers set size:775458 disposed:false
2131 silly fetch manifest @vitejs/plugin-rsc@>=0.5.20
2132 silly packumentCache full:https://registry.npmjs.org/@vitejs%2fplugin-rsc cache-miss
2133 http fetch GET 200 https://registry.npmjs.org/@vitejs%2fplugin-rsc 657ms (cache miss)
2134 silly packumentCache full:https://registry.npmjs.org/@vitejs%2fplugin-rsc set size:undefined disposed:false
2135 silly fetch manifest react-server-dom-webpack@*
2136 silly packumentCache full:https://registry.npmjs.org/react-server-dom-webpack cache-miss
2137 http fetch GET 200 https://registry.npmjs.org/react-server-dom-webpack 830ms (cache miss)
2138 silly packumentCache full:https://registry.npmjs.org/react-server-dom-webpack set size:undefined disposed:false
2139 silly fetch manifest webpack@^5.59.0
2140 silly packumentCache full:https://registry.npmjs.org/webpack cache-miss
2141 http cache https://registry.npmjs.org/webpack 111ms (cache hit)
2142 silly packumentCache full:https://registry.npmjs.org/webpack set size:5187916 disposed:false
2143 silly fetch manifest vite@>=7.0.0
2144 silly packumentCache full:https://registry.npmjs.org/vite cache-miss
2145 http cache https://registry.npmjs.org/vite 322ms (cache hit)
2146 silly packumentCache full:https://registry.npmjs.org/vite set size:38945461 disposed:false
2147 silly fetch manifest react-server-dom-rspack@>=0.0.2
2148 silly packumentCache full:https://registry.npmjs.org/react-server-dom-rspack cache-miss
2149 http fetch GET 200 https://registry.npmjs.org/react-server-dom-rspack 339ms (cache miss)
2150 silly packumentCache full:https://registry.npmjs.org/react-server-dom-rspack set size:undefined disposed:false
2151 silly placeDep ROOT @tanstack/react-start-client@1.168.16 OK for: @tanstack/react-start@1.168.32 want: 1.168.16
2152 silly placeDep ROOT @tanstack/react-start-rsc@0.1.31 OK for: @tanstack/react-start@1.168.32 want: 0.1.31
2153 silly placeDep ROOT @tanstack/react-start-server@1.167.22 OK for: @tanstack/react-start@1.168.32 want: 1.167.22
2154 silly placeDep ROOT @tanstack/router-utils@1.162.2 OK for: @tanstack/react-start@1.168.32 want: 1.162.2
2155 silly placeDep ROOT @tanstack/start-client-core@1.170.14 OK for: @tanstack/react-start@1.168.32 want: 1.170.14
2156 silly placeDep ROOT @tanstack/start-plugin-core@1.171.24 OK for: @tanstack/react-start@1.168.32 want: 1.171.24
2157 silly placeDep ROOT @tanstack/start-server-core@1.169.17 OK for: @tanstack/react-start@1.168.32 want: 1.169.17
2158 silly placeDep ROOT pathe@2.0.3 OK for: @tanstack/react-start@1.168.32 want: ^2.0.3
2159 silly fetch manifest @tanstack/start-fn-stubs@1.162.0
2160 silly packumentCache full:https://registry.npmjs.org/@tanstack%2fstart-fn-stubs cache-miss
2161 silly fetch manifest @tanstack/start-storage-context@1.167.17
2162 silly packumentCache full:https://registry.npmjs.org/@tanstack%2fstart-storage-context cache-miss
2163 silly fetch manifest diff@^8.0.2
2164 silly packumentCache full:https://registry.npmjs.org/diff cache-miss
2165 silly fetch manifest ansis@^4.1.0
2166 silly packumentCache full:https://registry.npmjs.org/ansis cache-miss
2167 silly fetch manifest tinyglobby@^0.2.15
2168 silly packumentCache full:https://registry.npmjs.org/tinyglobby cache-hit
2169 silly fetch manifest @babel/parser@^7.28.5
2170 silly packumentCache full:https://registry.npmjs.org/@babel%2fparser cache-miss
2171 silly fetch manifest @babel/generator@^7.28.5
2172 silly packumentCache full:https://registry.npmjs.org/@babel%2fgenerator cache-miss
2173 silly fetch manifest babel-dead-code-elimination@^1.0.12
2174 silly packumentCache full:https://registry.npmjs.org/babel-dead-code-elimination cache-miss
2175 http fetch GET 200 https://registry.npmjs.org/ansis 201ms (cache updated)
2176 silly packumentCache full:https://registry.npmjs.org/ansis set size:undefined disposed:false
2177 silly fetch manifest @tanstack/start-fn-stubs@1.162.0
2178 silly packumentCache full:https://registry.npmjs.org/@tanstack%2fstart-fn-stubs cache-miss
2179 http fetch GET 200 https://registry.npmjs.org/@babel%2fgenerator 269ms (cache updated)
2180 silly packumentCache full:https://registry.npmjs.org/@babel%2fgenerator set size:undefined disposed:false
2181 silly fetch manifest @tanstack/start-storage-context@1.167.17
2182 silly packumentCache full:https://registry.npmjs.org/@tanstack%2fstart-storage-context cache-miss
2183 http fetch GET 200 https://registry.npmjs.org/@babel%2fparser 444ms (cache updated)
2184 silly packumentCache full:https://registry.npmjs.org/@babel%2fparser set size:undefined disposed:false
2185 silly fetch manifest ufo@^1.5.4
2186 silly packumentCache full:https://registry.npmjs.org/ufo cache-miss
2187 http fetch GET 200 https://registry.npmjs.org/babel-dead-code-elimination 506ms (cache miss)
2188 silly packumentCache full:https://registry.npmjs.org/babel-dead-code-elimination set size:undefined disposed:false
2189 silly fetch manifest srvx@^0.11.9
2190 silly packumentCache full:https://registry.npmjs.org/srvx cache-miss
2191 http fetch GET 200 https://registry.npmjs.org/diff 543ms (cache miss)
2192 silly packumentCache full:https://registry.npmjs.org/diff set size:undefined disposed:false
2193 silly fetch manifest vitefu@^1.1.1
2194 silly packumentCache full:https://registry.npmjs.org/vitefu cache-miss
2195 http cache https://registry.npmjs.org/srvx 55ms (cache hit)
2196 silly packumentCache full:https://registry.npmjs.org/srvx set size:327556 disposed:false
2197 silly fetch manifest exsolve@^1.0.7
2198 silly packumentCache full:https://registry.npmjs.org/exsolve cache-miss
2199 http fetch GET 200 https://registry.npmjs.org/@tanstack%2fstart-fn-stubs 662ms (cache miss)
2200 silly packumentCache full:https://registry.npmjs.org/@tanstack%2fstart-fn-stubs set size:undefined disposed:false
2201 silly fetch manifest source-map@^0.7.6
2202 silly packumentCache full:https://registry.npmjs.org/source-map cache-miss
2203 http fetch GET 200 https://registry.npmjs.org/@tanstack%2fstart-fn-stubs 420ms (cache miss)
2204 silly packumentCache full:https://registry.npmjs.org/@tanstack%2fstart-fn-stubs set size:undefined disposed:false
2205 silly fetch manifest xmlbuilder2@^4.0.3
2206 silly packumentCache full:https://registry.npmjs.org/xmlbuilder2 cache-miss
2207 http fetch GET 200 https://registry.npmjs.org/exsolve 109ms (cache miss)
2208 silly packumentCache full:https://registry.npmjs.org/exsolve set size:undefined disposed:false
2209 silly fetch manifest @babel/code-frame@7.27.1
2210 silly packumentCache full:https://registry.npmjs.org/@babel%2fcode-frame cache-miss
2211 http fetch GET 200 https://registry.npmjs.org/@tanstack%2fstart-storage-context 416ms (cache miss)
2212 silly packumentCache full:https://registry.npmjs.org/@tanstack%2fstart-storage-context set size:undefined disposed:false
2213 silly fetch manifest h3-v2@npm:h3@2.0.1-rc.20
2214 silly packumentCache full:https://registry.npmjs.org/h3 cache-miss
2215 http fetch GET 200 https://registry.npmjs.org/@tanstack%2fstart-storage-context 834ms (cache miss)
2216 silly packumentCache full:https://registry.npmjs.org/@tanstack%2fstart-storage-context set size:undefined disposed:false
2217 silly fetch manifest fetchdts@^0.1.6
2218 silly packumentCache full:https://registry.npmjs.org/fetchdts cache-miss
2219 http cache https://registry.npmjs.org/h3 87ms (cache hit)
2220 silly packumentCache full:https://registry.npmjs.org/h3 set size:491457 disposed:false
2221 http fetch GET 200 https://registry.npmjs.org/@babel%2fcode-frame 202ms (cache revalidated)
2222 silly packumentCache full:https://registry.npmjs.org/@babel%2fcode-frame set size:206617 disposed:false
2223 http fetch GET 200 https://registry.npmjs.org/vitefu 407ms (cache miss)
2224 silly packumentCache full:https://registry.npmjs.org/vitefu set size:undefined disposed:false
2225 http fetch GET 200 https://registry.npmjs.org/ufo 475ms (cache miss)
2226 silly packumentCache full:https://registry.npmjs.org/ufo set size:undefined disposed:false
2227 http fetch GET 200 https://registry.npmjs.org/xmlbuilder2 335ms (cache miss)
2228 silly packumentCache full:https://registry.npmjs.org/xmlbuilder2 set size:undefined disposed:false
2229 http fetch GET 200 https://registry.npmjs.org/source-map 372ms (cache revalidated)
2230 silly packumentCache full:https://registry.npmjs.org/source-map set size:231637 disposed:false
2231 http fetch GET 200 https://registry.npmjs.org/fetchdts 343ms (cache miss)
2232 silly packumentCache full:https://registry.npmjs.org/fetchdts set size:undefined disposed:false
2233 silly placeDep ROOT @tanstack/start-fn-stubs@1.162.0 OK for: @tanstack/react-start-rsc@0.1.31 want: 1.162.0
2234 silly placeDep ROOT @tanstack/start-storage-context@1.167.17 OK for: @tanstack/react-start-rsc@0.1.31 want: 1.167.17
2235 silly fetch manifest react@^16.8.0 || ^17.0.0 || ^18.0.0 || ^19.0.0
2236 silly packumentCache full:https://registry.npmjs.org/react cache-miss
2237 http cache https://registry.npmjs.org/react 85ms (cache hit)
2238 silly packumentCache full:https://registry.npmjs.org/react set size:6992208 disposed:false
2239 silly placeDep ROOT @tanstack/store@0.9.3 OK for: @tanstack/react-store@0.9.3 want: 0.9.3
2240 silly placeDep ROOT use-sync-external-store@1.7.0 OK for: @tanstack/react-store@0.9.3 want: ^1.6.0
2241 silly placeDep ROOT cookie-es@3.1.1 OK for: @tanstack/router-core@1.171.15 want: ^3.0.0
2242 silly placeDep ROOT seroval@1.6.7 OK for: @tanstack/router-core@1.171.15 want: ^1.5.4
2243 silly placeDep ROOT seroval-plugins@1.6.7 OK for: @tanstack/router-core@1.171.15 want: ^1.5.4
2244 silly fetch manifest @farmfe/core@*
2245 silly packumentCache full:https://registry.npmjs.org/@farmfe%2fcore cache-miss
2246 http fetch GET 200 https://registry.npmjs.org/@farmfe%2fcore 725ms (cache miss)
2247 silly packumentCache full:https://registry.npmjs.org/@farmfe%2fcore set size:undefined disposed:false
2248 silly fetch manifest @rspack/core@*
2249 silly packumentCache full:https://registry.npmjs.org/@rspack%2fcore cache-miss
2250 http cache https://registry.npmjs.org/@rspack%2fcore 50ms (cache hit)
2251 silly packumentCache full:https://registry.npmjs.org/@rspack%2fcore set size:4477867 disposed:false
2252 silly fetch manifest bun-types-no-globals@*
2253 silly packumentCache full:https://registry.npmjs.org/bun-types-no-globals cache-miss
2254 http fetch GET 200 https://registry.npmjs.org/bun-types-no-globals 334ms (cache miss)
2255 silly packumentCache full:https://registry.npmjs.org/bun-types-no-globals set size:undefined disposed:false
2256 silly fetch manifest esbuild@*
2257 silly packumentCache full:https://registry.npmjs.org/esbuild cache-miss
2258 http cache https://registry.npmjs.org/esbuild 20ms (cache hit)
2259 silly packumentCache full:https://registry.npmjs.org/esbuild set size:1264676 disposed:false
2260 silly fetch manifest rollup@*
2261 silly packumentCache full:https://registry.npmjs.org/rollup cache-miss
2262 http cache https://registry.npmjs.org/rollup 109ms (cache hit)
2263 silly packumentCache full:https://registry.npmjs.org/rollup set size:6340761 disposed:false
2264 silly fetch manifest unloader@*
2265 silly packumentCache full:https://registry.npmjs.org/unloader cache-miss
2266 http fetch GET 200 https://registry.npmjs.org/unloader 298ms (cache miss)
2267 silly packumentCache full:https://registry.npmjs.org/unloader set size:undefined disposed:false
2268 silly fetch manifest vite@>=5.0.0 || >=6.0.0 || >=7.0.0 || >=8.0.0
2269 silly packumentCache full:https://registry.npmjs.org/vite cache-miss
2270 http cache https://registry.npmjs.org/vite 320ms (cache hit)
2271 silly packumentCache full:https://registry.npmjs.org/vite set size:38945461 disposed:false
2272 silly placeDep ROOT @babel/core@7.29.7 OK for: @tanstack/router-plugin@1.168.23 want: ^7.28.5
2273 silly placeDep ROOT @babel/template@7.29.7 OK for: @tanstack/router-plugin@1.168.23 want: ^7.27.2
2274 silly placeDep ROOT @babel/types@7.29.8 OK for: @tanstack/router-plugin@1.168.23 want: ^7.28.5
2275 silly placeDep ROOT @tanstack/router-generator@1.167.21 OK for: @tanstack/router-plugin@1.168.23 want: 1.167.21
2276 silly placeDep ROOT chokidar@5.0.0 OK for: @tanstack/router-plugin@1.168.23 want: ^5.0.0
2277 silly placeDep ROOT unplugin@3.4.0 OK for: @tanstack/router-plugin@1.168.23 want: ^3.0.0
2278 silly placeDep node_modules/@tanstack/router-plugin zod@4.6.5 OK for: @tanstack/router-plugin@1.168.23 want: ^4.4.3
2279 silly fetch manifest debug@^4.1.0
2280 silly packumentCache full:https://registry.npmjs.org/debug cache-hit
2281 silly fetch manifest json5@^2.2.3
2282 silly packumentCache full:https://registry.npmjs.org/json5 cache-miss
2283 silly fetch manifest semver@^6.3.1
2284 silly packumentCache full:https://registry.npmjs.org/semver cache-miss
2285 silly fetch manifest gensync@^1.0.0-beta.2
2286 silly packumentCache full:https://registry.npmjs.org/gensync cache-miss
2287 silly fetch manifest @babel/types@^7.29.7
2288 silly packumentCache full:https://registry.npmjs.org/@babel%2ftypes cache-miss
2289 silly fetch manifest @babel/parser@^7.29.7
2290 silly packumentCache full:https://registry.npmjs.org/@babel%2fparser cache-miss
2291 silly fetch manifest @babel/helpers@^7.29.7
2292 silly packumentCache full:https://registry.npmjs.org/@babel%2fhelpers cache-miss
2293 silly fetch manifest @babel/template@^7.29.7
2294 silly packumentCache full:https://registry.npmjs.org/@babel%2ftemplate cache-hit
2295 silly fetch manifest @babel/traverse@^7.29.7
2296 silly packumentCache full:https://registry.npmjs.org/@babel%2ftraverse cache-miss
2297 http cache https://registry.npmjs.org/@babel%2ftypes 79ms (cache hit)
2298 silly packumentCache full:https://registry.npmjs.org/@babel%2ftypes set size:505250 disposed:false
2299 silly fetch manifest @babel/generator@^7.29.7
2300 silly packumentCache full:https://registry.npmjs.org/@babel%2fgenerator cache-miss
2301 http cache https://registry.npmjs.org/@babel%2fparser 117ms (cache hit)
2302 silly packumentCache full:https://registry.npmjs.org/@babel%2fparser set size:740578 disposed:false
2303 silly fetch manifest @babel/code-frame@^7.29.7
2304 silly packumentCache full:https://registry.npmjs.org/@babel%2fcode-frame cache-hit
2305 silly fetch manifest convert-source-map@^2.0.0
2306 silly packumentCache full:https://registry.npmjs.org/convert-source-map cache-miss
2307 http fetch GET 200 https://registry.npmjs.org/gensync 218ms (cache revalidated)
2308 silly packumentCache full:https://registry.npmjs.org/gensync set size:15068 disposed:false
2309 silly fetch manifest @babel/helper-module-transforms@^7.29.7
2310 silly packumentCache full:https://registry.npmjs.org/@babel%2fhelper-module-transforms cache-miss
2311 http fetch GET 200 https://registry.npmjs.org/semver 232ms (cache revalidated)
2312 silly packumentCache full:https://registry.npmjs.org/semver set size:246128 disposed:false
2313 silly fetch manifest @babel/helper-compilation-targets@^7.29.7
2314 silly packumentCache full:https://registry.npmjs.org/@babel%2fhelper-compilation-targets cache-miss
2315 http fetch GET 200 https://registry.npmjs.org/json5 264ms (cache revalidated)
2316 silly packumentCache full:https://registry.npmjs.org/json5 set size:86136 disposed:false
2317 silly fetch manifest @babel/helper-string-parser@^7.29.7
2318 silly packumentCache full:https://registry.npmjs.org/@babel%2fhelper-string-parser cache-miss
2319 http cache https://registry.npmjs.org/@babel%2fgenerator 185ms (cache hit)
2320 silly packumentCache full:https://registry.npmjs.org/@babel%2fgenerator set size:525319 disposed:false
2321 silly fetch manifest @babel/helper-validator-identifier@^7.29.7
2322 silly packumentCache full:https://registry.npmjs.org/@babel%2fhelper-validator-identifier cache-miss
2323 http fetch GET 200 https://registry.npmjs.org/@babel%2fhelpers 374ms (cache updated)
2324 silly packumentCache full:https://registry.npmjs.org/@babel%2fhelpers set size:undefined disposed:false
2325 silly fetch manifest @tanstack/virtual-file-routes@1.162.0
2326 silly packumentCache full:https://registry.npmjs.org/@tanstack%2fvirtual-file-routes cache-miss
2327 http fetch GET 200 https://registry.npmjs.org/convert-source-map 237ms (cache revalidated)
2328 silly packumentCache full:https://registry.npmjs.org/convert-source-map set size:66997 disposed:false
2329 silly fetch manifest readdirp@^5.0.0
2330 silly packumentCache full:https://registry.npmjs.org/readdirp cache-miss
2331 http fetch GET 200 https://registry.npmjs.org/@babel%2ftraverse 436ms (cache updated)
2332 silly packumentCache full:https://registry.npmjs.org/@babel%2ftraverse set size:undefined disposed:false
2333 silly fetch manifest webpack-virtual-modules@^0.6.2
2334 silly packumentCache full:https://registry.npmjs.org/webpack-virtual-modules cache-miss
2335 http fetch GET 200 https://registry.npmjs.org/@babel%2fhelper-string-parser 226ms (cache revalidated)
2336 silly packumentCache full:https://registry.npmjs.org/@babel%2fhelper-string-parser set size:91563 disposed:false
2337 http fetch GET 200 https://registry.npmjs.org/@babel%2fhelper-compilation-targets 279ms (cache updated)
2338 silly packumentCache full:https://registry.npmjs.org/@babel%2fhelper-compilation-targets set size:undefined disposed:false
2339 http fetch GET 200 https://registry.npmjs.org/@babel%2fhelper-module-transforms 375ms (cache updated)
2340 silly packumentCache full:https://registry.npmjs.org/@babel%2fhelper-module-transforms set size:undefined disposed:false
2341 http fetch GET 200 https://registry.npmjs.org/webpack-virtual-modules 167ms (cache miss)
2342 silly packumentCache full:https://registry.npmjs.org/webpack-virtual-modules set size:undefined disposed:false
2343 http fetch GET 200 https://registry.npmjs.org/readdirp 247ms (cache revalidated)
2344 silly packumentCache full:https://registry.npmjs.org/readdirp set size:110119 disposed:false
2345 http fetch GET 200 https://registry.npmjs.org/@babel%2fhelper-validator-identifier 358ms (cache revalidated)
2346 silly packumentCache full:https://registry.npmjs.org/@babel%2fhelper-validator-identifier set size:130133 disposed:false
2347 http fetch GET 200 https://registry.npmjs.org/@tanstack%2fvirtual-file-routes 645ms (cache miss)
2348 silly packumentCache full:https://registry.npmjs.org/@tanstack%2fvirtual-file-routes set size:undefined disposed:false
2349 silly fetch manifest @babel/core@^7.0.0
2350 silly packumentCache full:https://registry.npmjs.org/@babel%2fcore cache-hit
2351 silly placeDep ROOT @babel/code-frame@7.29.7 OK for: @babel/core@7.29.7 want: ^7.29.7
2352 silly placeDep ROOT @babel/generator@7.29.8 OK for: @babel/core@7.29.7 want: ^7.29.7
2353 silly placeDep ROOT @babel/helper-compilation-targets@7.29.7 OK for: @babel/core@7.29.7 want: ^7.29.7
2354 silly placeDep ROOT @babel/helper-module-transforms@7.29.7 OK for: @babel/core@7.29.7 want: ^7.29.7
2355 silly placeDep ROOT @babel/helpers@7.29.7 OK for: @babel/core@7.29.7 want: ^7.29.7
2356 silly placeDep ROOT @babel/parser@7.29.8 OK for: @babel/core@7.29.7 want: ^7.29.7
2357 silly placeDep ROOT @babel/traverse@7.29.8 OK for: @babel/core@7.29.7 want: ^7.29.7
2358 silly placeDep ROOT convert-source-map@2.0.0 OK for: @babel/core@7.29.7 want: ^2.0.0
2359 silly placeDep ROOT debug@4.4.3 OK for: @babel/core@7.29.7 want: ^4.1.0
2360 silly placeDep ROOT gensync@1.0.0-beta.2 OK for: @babel/core@7.29.7 want: ^1.0.0-beta.2
2361 silly placeDep ROOT json5@2.2.3 OK for: @babel/core@7.29.7 want: ^2.2.3
2362 silly placeDep ROOT semver@6.3.1 OK for: @babel/core@7.29.7 want: ^6.3.1
2363 silly fetch manifest js-tokens@^4.0.0
2364 silly packumentCache full:https://registry.npmjs.org/js-tokens cache-miss
2365 silly fetch manifest jsesc@^3.0.2
2366 silly packumentCache full:https://registry.npmjs.org/jsesc cache-miss
2367 silly fetch manifest @babel/parser@^7.29.8
2368 silly packumentCache full:https://registry.npmjs.org/@babel%2fparser cache-hit
2369 silly fetch manifest lru-cache@^5.1.1
2370 silly packumentCache full:https://registry.npmjs.org/lru-cache cache-miss
2371 silly fetch manifest browserslist@^4.24.0
2372 silly packumentCache full:https://registry.npmjs.org/browserslist cache-miss
2373 silly fetch manifest @babel/compat-data@^7.29.7
2374 silly packumentCache full:https://registry.npmjs.org/@babel%2fcompat-data cache-miss
2375 silly fetch manifest @babel/helper-validator-option@^7.29.7
2376 silly packumentCache full:https://registry.npmjs.org/@babel%2fhelper-validator-option cache-miss
2377 silly fetch manifest @babel/helper-module-imports@^7.29.7
2378 silly packumentCache full:https://registry.npmjs.org/@babel%2fhelper-module-imports cache-miss
2379 http fetch GET 200 https://registry.npmjs.org/js-tokens 132ms (cache revalidated)
2380 silly packumentCache full:https://registry.npmjs.org/js-tokens set size:41947 disposed:false
2381 silly fetch manifest debug@^4.3.1
2382 silly packumentCache full:https://registry.npmjs.org/debug cache-hit
2383 silly fetch manifest @babel/helper-globals@^7.29.7
2384 silly packumentCache full:https://registry.npmjs.org/@babel%2fhelper-globals cache-miss
2385 http fetch GET 200 https://registry.npmjs.org/@babel%2fhelper-validator-option 163ms (cache revalidated)
2386 silly packumentCache full:https://registry.npmjs.org/@babel%2fhelper-validator-option set size:101303 disposed:false
2387 silly fetch manifest ms@^2.1.3
2388 silly packumentCache full:https://registry.npmjs.org/ms cache-miss
2389 http fetch GET 200 https://registry.npmjs.org/lru-cache 198ms (cache revalidated)
2390 silly packumentCache full:https://registry.npmjs.org/lru-cache set size:460407 disposed:false
2391 http fetch GET 200 https://registry.npmjs.org/@babel%2fhelper-module-imports 219ms (cache revalidated)
2392 silly packumentCache full:https://registry.npmjs.org/@babel%2fhelper-module-imports set size:203392 disposed:false
2393 http fetch GET 200 https://registry.npmjs.org/jsesc 263ms (cache revalidated)
2394 silly packumentCache full:https://registry.npmjs.org/jsesc set size:61512 disposed:false
2395 http fetch GET 200 https://registry.npmjs.org/@babel%2fcompat-data 287ms (cache updated)
2396 silly packumentCache full:https://registry.npmjs.org/@babel%2fcompat-data set size:undefined disposed:false
2397 http fetch GET 200 https://registry.npmjs.org/browserslist 317ms (cache updated)
2398 silly packumentCache full:https://registry.npmjs.org/browserslist set size:undefined disposed:false
2399 http fetch GET 200 https://registry.npmjs.org/ms 202ms (cache revalidated)
2400 silly packumentCache full:https://registry.npmjs.org/ms set size:92208 disposed:false
2401 http fetch GET 200 https://registry.npmjs.org/@babel%2fhelper-globals 269ms (cache revalidated)
2402 silly packumentCache full:https://registry.npmjs.org/@babel%2fhelper-globals set size:25155 disposed:false
2403 silly placeDep ROOT @babel/helper-validator-identifier@7.29.7 OK for: @babel/code-frame@7.29.7 want: ^7.29.7
2404 silly placeDep ROOT js-tokens@4.0.0 OK for: @babel/code-frame@7.29.7 want: ^4.0.0
2405 silly placeDep ROOT picocolors@1.1.1 OK for: @babel/code-frame@7.29.7 want: ^1.1.1
2406 silly placeDep ROOT jsesc@3.1.0 OK for: @babel/generator@7.29.8 want: ^3.0.2
2407 silly placeDep ROOT @babel/compat-data@7.29.7 OK for: @babel/helper-compilation-targets@7.29.7 want: ^7.29.7
2408 silly placeDep ROOT @babel/helper-validator-option@7.29.7 OK for: @babel/helper-compilation-targets@7.29.7 want: ^7.29.7
2409 silly placeDep ROOT browserslist@4.29.0 OK for: @babel/helper-compilation-targets@7.29.7 want: ^4.24.0
2410 silly placeDep ROOT lru-cache@5.1.1 OK for: @babel/helper-compilation-targets@7.29.7 want: ^5.1.1
2411 silly fetch manifest caniuse-lite@^1.0.30001810
2412 silly packumentCache full:https://registry.npmjs.org/caniuse-lite cache-miss
2413 silly fetch manifest node-releases@^2.0.55
2414 silly packumentCache full:https://registry.npmjs.org/node-releases cache-miss
2415 silly fetch manifest electron-to-chromium@^1.5.427
2416 silly packumentCache full:https://registry.npmjs.org/electron-to-chromium cache-miss
2417 silly fetch manifest update-browserslist-db@^1.3.3
2418 silly packumentCache full:https://registry.npmjs.org/update-browserslist-db cache-miss
2419 silly fetch manifest baseline-browser-mapping@^2.11.23
2420 silly packumentCache full:https://registry.npmjs.org/baseline-browser-mapping cache-miss
2421 silly fetch manifest yallist@^3.0.2
2422 silly packumentCache full:https://registry.npmjs.org/yallist cache-miss
2423 http fetch GET 200 https://registry.npmjs.org/yallist 193ms (cache revalidated)
2424 silly packumentCache full:https://registry.npmjs.org/yallist set size:34610 disposed:false
2425 http fetch GET 200 https://registry.npmjs.org/caniuse-lite 237ms (cache revalidated)
2426 silly packumentCache full:https://registry.npmjs.org/caniuse-lite set size:2313344 disposed:false
2427 http fetch GET 200 https://registry.npmjs.org/update-browserslist-db 340ms (cache updated)
2428 silly packumentCache full:https://registry.npmjs.org/update-browserslist-db set size:undefined disposed:false
2429 http fetch GET 200 https://registry.npmjs.org/node-releases 376ms (cache updated)
2430 silly packumentCache full:https://registry.npmjs.org/node-releases set size:undefined disposed:false
2431 http fetch GET 200 https://registry.npmjs.org/baseline-browser-mapping 411ms (cache updated)
2432 silly packumentCache full:https://registry.npmjs.org/baseline-browser-mapping set size:undefined disposed:false
2433 http fetch GET 200 https://registry.npmjs.org/electron-to-chromium 598ms (cache updated)
2434 silly packumentCache full:https://registry.npmjs.org/electron-to-chromium set size:undefined disposed:false
2435 silly placeDep ROOT @babel/helper-module-imports@7.29.7 OK for: @babel/helper-module-transforms@7.29.7 want: ^7.29.7
2436 silly placeDep ROOT @babel/helper-globals@7.29.7 OK for: @babel/traverse@7.29.8 want: ^7.29.7
2437 silly placeDep ROOT @babel/helper-string-parser@7.29.7 OK for: @babel/types@7.29.8 want: ^7.29.7
2438 silly placeDep ROOT @tanstack/virtual-file-routes@1.162.0 OK for: @tanstack/router-generator@1.167.21 want: 1.162.0
2439 silly placeDep node_modules/@tanstack/router-generator zod@4.6.5 OK for: @tanstack/router-generator@1.167.21 want: ^4.4.3
2440 silly placeDep ROOT ansis@4.4.0 OK for: @tanstack/router-utils@1.162.2 want: ^4.1.0
2441 silly placeDep ROOT babel-dead-code-elimination@1.0.12 OK for: @tanstack/router-utils@1.162.2 want: ^1.0.12
2442 silly placeDep ROOT diff@8.0.4 OK for: @tanstack/router-utils@1.162.2 want: ^8.0.2
2443 silly placeDep ROOT tinyglobby@0.2.17 OK for: @tanstack/router-utils@1.162.2 want: ^0.2.15
2444 silly fetch manifest fdir@^6.5.0
2445 silly packumentCache full:https://registry.npmjs.org/fdir cache-miss
2446 http fetch GET 200 https://registry.npmjs.org/fdir 119ms (cache revalidated)
2447 silly packumentCache full:https://registry.npmjs.org/fdir set size:136182 disposed:false
2448 silly placeDep node_modules/@tanstack/start-plugin-core @babel/code-frame@7.27.1 OK for: @tanstack/start-plugin-core@1.171.24 want: 7.27.1
2449 silly placeDep ROOT exsolve@1.1.1 OK for: @tanstack/start-plugin-core@1.171.24 want: ^1.0.7
2450 silly placeDep ROOT source-map@0.7.6 OK for: @tanstack/start-plugin-core@1.171.24 want: ^0.7.6
2451 silly placeDep ROOT srvx@0.11.22 OK for: @tanstack/start-plugin-core@1.171.24 want: ^0.11.9
2452 silly placeDep ROOT ufo@1.6.4 OK for: @tanstack/start-plugin-core@1.171.24 want: ^1.5.4
2453 silly placeDep ROOT vitefu@1.1.3 OK for: @tanstack/start-plugin-core@1.171.24 want: ^1.1.1
2454 silly placeDep ROOT xmlbuilder2@4.0.3 OK for: @tanstack/start-plugin-core@1.171.24 want: ^4.0.3
2455 silly placeDep node_modules/@tanstack/start-plugin-core zod@4.6.5 OK for: @tanstack/start-plugin-core@1.171.24 want: ^4.4.3
2456 silly fetch manifest @oozcitak/dom@^2.0.2
2457 silly packumentCache full:https://registry.npmjs.org/@oozcitak%2fdom cache-miss
2458 silly fetch manifest @oozcitak/infra@^2.0.2
2459 silly packumentCache full:https://registry.npmjs.org/@oozcitak%2finfra cache-miss
2460 silly fetch manifest @oozcitak/util@^10.0.0
2461 silly packumentCache full:https://registry.npmjs.org/@oozcitak%2futil cache-miss
2462 silly fetch manifest js-yaml@^4.1.1
2463 silly packumentCache full:https://registry.npmjs.org/js-yaml cache-miss
2464 http fetch GET 200 https://registry.npmjs.org/js-yaml 156ms (cache updated)
2465 silly packumentCache full:https://registry.npmjs.org/js-yaml set size:undefined disposed:false
2466 http fetch GET 200 https://registry.npmjs.org/@oozcitak%2finfra 681ms (cache miss)
2467 silly packumentCache full:https://registry.npmjs.org/@oozcitak%2finfra set size:undefined disposed:false
2468 http fetch GET 200 https://registry.npmjs.org/@oozcitak%2futil 693ms (cache miss)
2469 silly packumentCache full:https://registry.npmjs.org/@oozcitak%2futil set size:undefined disposed:false
2470 http fetch GET 200 https://registry.npmjs.org/@oozcitak%2fdom 708ms (cache miss)
2471 silly packumentCache full:https://registry.npmjs.org/@oozcitak%2fdom set size:undefined disposed:false
2472 silly fetch manifest crossws@^0.4.1
2473 silly packumentCache full:https://registry.npmjs.org/crossws cache-miss
2474 http cache https://registry.npmjs.org/crossws 11ms (cache hit)
2475 silly packumentCache full:https://registry.npmjs.org/crossws set size:120040 disposed:false
2476 silly fetch manifest srvx@>=0.11.5
2477 silly packumentCache full:https://registry.npmjs.org/srvx cache-hit
2478 silly placeDep ROOT fetchdts@0.1.7 OK for: @tanstack/start-server-core@1.169.17 want: ^0.1.6
2479 silly placeDep ROOT h3-v2@2.0.1-rc.20 OK for: @tanstack/start-server-core@1.169.17 want: npm:h3@2.0.1-rc.20
2480 silly fetch manifest rou3@^0.8.1
2481 silly packumentCache full:https://registry.npmjs.org/rou3 cache-miss
2482 http fetch GET 200 https://registry.npmjs.org/rou3 114ms (cache miss)
2483 silly packumentCache full:https://registry.npmjs.org/rou3 set size:undefined disposed:false
2484 silly placeDep ROOT undici-types@6.21.0 OK for: @types/node@22.20.3 want: ~6.21.0
2485 silly placeDep ROOT csstype@3.2.3 OK for: @types/react@19.3.0 want: ^3.2.2
2486 silly placeDep ROOT @babel/plugin-transform-react-jsx-self@7.29.7 OK for: @vitejs/plugin-react@5.2.0 want: ^7.27.1
2487 silly placeDep ROOT @babel/plugin-transform-react-jsx-source@7.29.7 OK for: @vitejs/plugin-react@5.2.0 want: ^7.27.1
2488 silly placeDep ROOT @rolldown/pluginutils@1.0.0-rc.3 OK for: @vitejs/plugin-react@5.2.0 want: 1.0.0-rc.3
2489 silly placeDep ROOT @types/babel__core@7.20.5 OK for: @vitejs/plugin-react@5.2.0 want: ^7.20.5
2490 silly placeDep ROOT react-refresh@0.18.0 OK for: @vitejs/plugin-react@5.2.0 want: ^0.18.0
2491 silly fetch manifest @babel/helper-plugin-utils@^7.29.7
2492 silly packumentCache full:https://registry.npmjs.org/@babel%2fhelper-plugin-utils cache-miss
2493 silly fetch manifest @babel/helper-plugin-utils@^7.29.7
2494 silly packumentCache full:https://registry.npmjs.org/@babel%2fhelper-plugin-utils cache-miss
2495 silly fetch manifest @types/babel__template@*
2496 silly packumentCache full:https://registry.npmjs.org/@types%2fbabel__template cache-miss
2497 silly fetch manifest @types/babel__traverse@*
2498 silly packumentCache full:https://registry.npmjs.org/@types%2fbabel__traverse cache-miss
2499 silly fetch manifest @types/babel__generator@*
2500 silly packumentCache full:https://registry.npmjs.org/@types%2fbabel__generator cache-miss
2501 http fetch GET 200 https://registry.npmjs.org/@types%2fbabel__template 131ms (cache miss)
2502 silly packumentCache full:https://registry.npmjs.org/@types%2fbabel__template set size:undefined disposed:false
2503 http fetch GET 200 https://registry.npmjs.org/@types%2fbabel__traverse 153ms (cache miss)
2504 silly packumentCache full:https://registry.npmjs.org/@types%2fbabel__traverse set size:undefined disposed:false
2505 http fetch GET 200 https://registry.npmjs.org/@babel%2fhelper-plugin-utils 172ms (cache revalidated)
2506 silly packumentCache full:https://registry.npmjs.org/@babel%2fhelper-plugin-utils set size:175564 disposed:false
2507 http fetch GET 200 https://registry.npmjs.org/@babel%2fhelper-plugin-utils 186ms (cache revalidated)
2508 silly packumentCache full:https://registry.npmjs.org/@babel%2fhelper-plugin-utils set size:175564 disposed:false
2509 silly packumentCache full:https://registry.npmjs.org/@babel%2fhelper-plugin-utils dispose
2510 http fetch GET 200 https://registry.npmjs.org/@types%2fbabel__generator 306ms (cache miss)
2511 silly packumentCache full:https://registry.npmjs.org/@types%2fbabel__generator set size:undefined disposed:false
2512 silly placeDep ROOT @babel/helper-plugin-utils@7.29.7 OK for: @babel/plugin-transform-react-jsx-self@7.29.7 want: ^7.29.7
2513 silly placeDep ROOT @types/babel__generator@7.27.0 OK for: @types/babel__core@7.20.5 want: *
2514 silly placeDep ROOT @types/babel__template@7.4.4 OK for: @types/babel__core@7.20.5 want: *
2515 silly placeDep ROOT @types/babel__traverse@7.28.0 OK for: @types/babel__core@7.20.5 want: *
2516 silly fetch manifest browserslist@>= 4.21.0
2517 silly packumentCache full:https://registry.npmjs.org/browserslist cache-miss
2518 http cache https://registry.npmjs.org/browserslist 18ms (cache hit)
2519 silly packumentCache full:https://registry.npmjs.org/browserslist set size:523370 disposed:false
2520 silly placeDep ROOT baseline-browser-mapping@2.11.25 OK for: browserslist@4.29.0 want: ^2.11.23
2521 silly placeDep ROOT caniuse-lite@1.0.30001810 OK for: browserslist@4.29.0 want: ^1.0.30001810
2522 silly placeDep ROOT electron-to-chromium@1.5.430 OK for: browserslist@4.29.0 want: ^1.5.427
2523 silly placeDep ROOT node-releases@2.0.56 OK for: browserslist@4.29.0 want: ^2.0.55
2524 silly placeDep ROOT update-browserslist-db@1.3.3 OK for: browserslist@4.29.0 want: ^1.3.3
2525 silly fetch manifest escalade@^3.2.0
2526 silly packumentCache full:https://registry.npmjs.org/escalade cache-miss
2527 http fetch GET 200 https://registry.npmjs.org/escalade 351ms (cache revalidated)
2528 silly packumentCache full:https://registry.npmjs.org/escalade set size:33724 disposed:false
2529 silly placeDep ROOT readdirp@5.1.1 OK for: chokidar@5.0.0 want: ^5.0.0
2530 silly placeDep ROOT ms@2.1.3 OK for: debug@4.4.3 want: ^2.1.3
2531 silly placeDep ROOT @drizzle-team/brocli@0.10.2 OK for: drizzle-kit@0.31.10 want: ^0.10.2
2532 silly placeDep ROOT @esbuild-kit/esm-loader@2.6.5 OK for: drizzle-kit@0.31.10 want: ^2.5.5
2533 silly placeDep ROOT esbuild@0.25.12 OK for: drizzle-kit@0.31.10 want: ^0.25.4
2534 silly placeDep ROOT tsx@4.23.13 OK for: drizzle-kit@0.31.10 want: ^4.21.0
2535 silly fetch manifest get-tsconfig@^4.7.0
2536 silly packumentCache full:https://registry.npmjs.org/get-tsconfig cache-miss
2537 silly fetch manifest @esbuild-kit/core-utils@^3.3.2
2538 silly packumentCache full:https://registry.npmjs.org/@esbuild-kit%2fcore-utils cache-miss
2539 silly fetch manifest @esbuild/aix-ppc64@0.25.12
2540 silly packumentCache full:https://registry.npmjs.org/@esbuild%2faix-ppc64 cache-miss
2541 silly fetch manifest @esbuild/linux-arm@0.25.12
2542 silly packumentCache full:https://registry.npmjs.org/@esbuild%2flinux-arm cache-miss
2543 silly fetch manifest @esbuild/linux-x64@0.25.12
2544 silly packumentCache full:https://registry.npmjs.org/@esbuild%2flinux-x64 cache-miss
2545 silly fetch manifest @esbuild/sunos-x64@0.25.12
2546 silly packumentCache full:https://registry.npmjs.org/@esbuild%2fsunos-x64 cache-miss
2547 silly fetch manifest @esbuild/win32-x64@0.25.12
2548 silly packumentCache full:https://registry.npmjs.org/@esbuild%2fwin32-x64 cache-miss
2549 http fetch GET 200 https://registry.npmjs.org/get-tsconfig 148ms (cache miss)
2550 silly packumentCache full:https://registry.npmjs.org/get-tsconfig set size:undefined disposed:false
2551 silly fetch manifest @esbuild/darwin-x64@0.25.12
2552 silly packumentCache full:https://registry.npmjs.org/@esbuild%2fdarwin-x64 cache-miss
2553 http fetch GET 200 https://registry.npmjs.org/@esbuild%2faix-ppc64 164ms (cache miss)
2554 silly packumentCache full:https://registry.npmjs.org/@esbuild%2faix-ppc64 set size:undefined disposed:false
2555 silly fetch manifest @esbuild/linux-ia32@0.25.12
2556 silly packumentCache full:https://registry.npmjs.org/@esbuild%2flinux-ia32 cache-miss
2557 http fetch GET 200 https://registry.npmjs.org/@esbuild%2flinux-arm 226ms (cache miss)
2558 silly packumentCache full:https://registry.npmjs.org/@esbuild%2flinux-arm set size:undefined disposed:false
2559 silly fetch manifest @esbuild/netbsd-x64@0.25.12
2560 silly packumentCache full:https://registry.npmjs.org/@esbuild%2fnetbsd-x64 cache-miss
2561 http fetch GET 200 https://registry.npmjs.org/@esbuild%2fwin32-x64 244ms (cache miss)
2562 silly packumentCache full:https://registry.npmjs.org/@esbuild%2fwin32-x64 set size:undefined disposed:false
2563 silly fetch manifest @esbuild/win32-ia32@0.25.12
2564 silly packumentCache full:https://registry.npmjs.org/@esbuild%2fwin32-ia32 cache-miss
2565 http fetch GET 200 https://registry.npmjs.org/@esbuild%2flinux-x64 311ms (cache miss)
2566 silly packumentCache full:https://registry.npmjs.org/@esbuild%2flinux-x64 set size:undefined disposed:false
2567 silly fetch manifest @esbuild/android-arm@0.25.12
2568 silly packumentCache full:https://registry.npmjs.org/@esbuild%2fandroid-arm cache-miss
2569 http fetch GET 200 https://registry.npmjs.org/@esbuild%2fsunos-x64 341ms (cache miss)
2570 silly packumentCache full:https://registry.npmjs.org/@esbuild%2fsunos-x64 set size:undefined disposed:false
2571 silly fetch manifest @esbuild/android-x64@0.25.12
2572 silly packumentCache full:https://registry.npmjs.org/@esbuild%2fandroid-x64 cache-miss
2573 http fetch GET 200 https://registry.npmjs.org/@esbuild%2fdarwin-x64 237ms (cache miss)
2574 silly packumentCache full:https://registry.npmjs.org/@esbuild%2fdarwin-x64 set size:undefined disposed:false
2575 silly fetch manifest @esbuild/freebsd-x64@0.25.12
2576 silly packumentCache full:https://registry.npmjs.org/@esbuild%2ffreebsd-x64 cache-miss
2577 http fetch GET 200 https://registry.npmjs.org/@esbuild%2flinux-ia32 236ms (cache miss)
2578 silly packumentCache full:https://registry.npmjs.org/@esbuild%2flinux-ia32 set size:undefined disposed:false
2579 silly fetch manifest @esbuild/linux-arm64@0.25.12
2580 silly packumentCache full:https://registry.npmjs.org/@esbuild%2flinux-arm64 cache-miss
2581 http fetch GET 200 https://registry.npmjs.org/@esbuild%2fnetbsd-x64 205ms (cache miss)
2582 silly packumentCache full:https://registry.npmjs.org/@esbuild%2fnetbsd-x64 set size:undefined disposed:false
2583 silly fetch manifest @esbuild/linux-ppc64@0.25.12
2584 silly packumentCache full:https://registry.npmjs.org/@esbuild%2flinux-ppc64 cache-miss
2585 http fetch GET 200 https://registry.npmjs.org/@esbuild%2fwin32-ia32 217ms (cache miss)
2586 silly packumentCache full:https://registry.npmjs.org/@esbuild%2fwin32-ia32 set size:undefined disposed:false
2587 silly fetch manifest @esbuild/linux-s390x@0.25.12
2588 silly packumentCache full:https://registry.npmjs.org/@esbuild%2flinux-s390x cache-miss
2589 http fetch GET 200 https://registry.npmjs.org/@esbuild-kit%2fcore-utils 548ms (cache miss)
2590 silly packumentCache full:https://registry.npmjs.org/@esbuild-kit%2fcore-utils set size:undefined disposed:false
2591 silly fetch manifest @esbuild/openbsd-x64@0.25.12
2592 silly packumentCache full:https://registry.npmjs.org/@esbuild%2fopenbsd-x64 cache-miss
2593 http fetch GET 200 https://registry.npmjs.org/@esbuild%2fandroid-arm 240ms (cache miss)
2594 silly packumentCache full:https://registry.npmjs.org/@esbuild%2fandroid-arm set size:undefined disposed:false
2595 silly fetch manifest @esbuild/win32-arm64@0.25.12
2596 silly packumentCache full:https://registry.npmjs.org/@esbuild%2fwin32-arm64 cache-miss
2597 http fetch GET 200 https://registry.npmjs.org/@esbuild%2fandroid-x64 241ms (cache miss)
2598 silly packumentCache full:https://registry.npmjs.org/@esbuild%2fandroid-x64 set size:undefined disposed:false
2599 silly fetch manifest @esbuild/darwin-arm64@0.25.12
2600 silly packumentCache full:https://registry.npmjs.org/@esbuild%2fdarwin-arm64 cache-miss
2601 http fetch GET 200 https://registry.npmjs.org/@esbuild%2ffreebsd-x64 227ms (cache miss)
2602 silly packumentCache full:https://registry.npmjs.org/@esbuild%2ffreebsd-x64 set size:undefined disposed:false
2603 silly fetch manifest @esbuild/netbsd-arm64@0.25.12
2604 silly packumentCache full:https://registry.npmjs.org/@esbuild%2fnetbsd-arm64 cache-miss
2605 http fetch GET 200 https://registry.npmjs.org/@esbuild%2flinux-arm64 232ms (cache miss)
2606 silly packumentCache full:https://registry.npmjs.org/@esbuild%2flinux-arm64 set size:undefined disposed:false
2607 silly fetch manifest @esbuild/android-arm64@0.25.12
2608 silly packumentCache full:https://registry.npmjs.org/@esbuild%2fandroid-arm64 cache-miss
2609 http fetch GET 200 https://registry.npmjs.org/@esbuild%2flinux-ppc64 246ms (cache miss)
2610 silly packumentCache full:https://registry.npmjs.org/@esbuild%2flinux-ppc64 set size:undefined disposed:false
2611 silly fetch manifest @esbuild/freebsd-arm64@0.25.12
2612 silly packumentCache full:https://registry.npmjs.org/@esbuild%2ffreebsd-arm64 cache-miss
2613 http fetch GET 200 https://registry.npmjs.org/@esbuild%2flinux-s390x 224ms (cache miss)
2614 silly packumentCache full:https://registry.npmjs.org/@esbuild%2flinux-s390x set size:undefined disposed:false
2615 silly fetch manifest @esbuild/linux-loong64@0.25.12
2616 silly packumentCache full:https://registry.npmjs.org/@esbuild%2flinux-loong64 cache-miss
2617 http fetch GET 200 https://registry.npmjs.org/@esbuild%2fopenbsd-x64 210ms (cache miss)
2618 silly packumentCache full:https://registry.npmjs.org/@esbuild%2fopenbsd-x64 set size:undefined disposed:false
2619 silly fetch manifest @esbuild/linux-riscv64@0.25.12
2620 silly packumentCache full:https://registry.npmjs.org/@esbuild%2flinux-riscv64 cache-miss
2621 http fetch GET 200 https://registry.npmjs.org/@esbuild%2fwin32-arm64 214ms (cache miss)
2622 silly packumentCache full:https://registry.npmjs.org/@esbuild%2fwin32-arm64 set size:undefined disposed:false
2623 silly fetch manifest @esbuild/openbsd-arm64@0.25.12
2624 silly packumentCache full:https://registry.npmjs.org/@esbuild%2fopenbsd-arm64 cache-miss
2625 http fetch GET 200 https://registry.npmjs.org/@esbuild%2fnetbsd-arm64 172ms (cache miss)
2626 silly packumentCache full:https://registry.npmjs.org/@esbuild%2fnetbsd-arm64 set size:undefined disposed:false
2627 silly fetch manifest @esbuild/linux-mips64el@0.25.12
2628 silly packumentCache full:https://registry.npmjs.org/@esbuild%2flinux-mips64el cache-miss
2629 http fetch GET 200 https://registry.npmjs.org/@esbuild%2fdarwin-arm64 242ms (cache miss)
2630 silly packumentCache full:https://registry.npmjs.org/@esbuild%2fdarwin-arm64 set size:undefined disposed:false
2631 silly fetch manifest @esbuild/openharmony-arm64@0.25.12
2632 silly packumentCache full:https://registry.npmjs.org/@esbuild%2fopenharmony-arm64 cache-miss
2633 http fetch GET 200 https://registry.npmjs.org/@esbuild%2fandroid-arm64 205ms (cache miss)
2634 silly packumentCache full:https://registry.npmjs.org/@esbuild%2fandroid-arm64 set size:undefined disposed:false
2635 silly fetch manifest esbuild@~0.28.0
2636 silly packumentCache full:https://registry.npmjs.org/esbuild cache-miss
2637 http cache https://registry.npmjs.org/esbuild 48ms (cache hit)
2638 silly packumentCache full:https://registry.npmjs.org/esbuild set size:1264676 disposed:false
2639 http fetch GET 200 https://registry.npmjs.org/@esbuild%2flinux-loong64 267ms (cache miss)
2640 silly packumentCache full:https://registry.npmjs.org/@esbuild%2flinux-loong64 set size:undefined disposed:false
2641 http fetch GET 200 https://registry.npmjs.org/@esbuild%2ffreebsd-arm64 294ms (cache miss)
2642 silly packumentCache full:https://registry.npmjs.org/@esbuild%2ffreebsd-arm64 set size:undefined disposed:false
2643 http fetch GET 200 https://registry.npmjs.org/@esbuild%2fopenbsd-arm64 222ms (cache miss)
2644 silly packumentCache full:https://registry.npmjs.org/@esbuild%2fopenbsd-arm64 set size:undefined disposed:false
2645 http fetch GET 200 https://registry.npmjs.org/@esbuild%2flinux-riscv64 267ms (cache miss)
2646 silly packumentCache full:https://registry.npmjs.org/@esbuild%2flinux-riscv64 set size:undefined disposed:false
2647 http fetch GET 200 https://registry.npmjs.org/@esbuild%2fopenharmony-arm64 190ms (cache miss)
2648 silly packumentCache full:https://registry.npmjs.org/@esbuild%2fopenharmony-arm64 set size:undefined disposed:false
2649 http fetch GET 200 https://registry.npmjs.org/@esbuild%2flinux-mips64el 242ms (cache miss)
2650 silly packumentCache full:https://registry.npmjs.org/@esbuild%2flinux-mips64el set size:undefined disposed:false
2651 silly placeDep ROOT @esbuild-kit/core-utils@3.3.2 OK for: @esbuild-kit/esm-loader@2.6.5 want: ^3.3.2
2652 silly placeDep ROOT get-tsconfig@4.14.3 OK for: @esbuild-kit/esm-loader@2.6.5 want: ^4.7.0
2653 silly fetch manifest esbuild@~0.18.20
2654 silly packumentCache full:https://registry.npmjs.org/esbuild cache-miss
2655 silly fetch manifest source-map-support@^0.5.21
2656 silly packumentCache full:https://registry.npmjs.org/source-map-support cache-miss
2657 silly fetch manifest resolve-pkg-maps@^1.0.0
2658 silly packumentCache full:https://registry.npmjs.org/resolve-pkg-maps cache-miss
2659 http cache https://registry.npmjs.org/esbuild 30ms (cache hit)
2660 silly packumentCache full:https://registry.npmjs.org/esbuild set size:1264676 disposed:false
2661 http fetch GET 200 https://registry.npmjs.org/resolve-pkg-maps 110ms (cache miss)
2662 silly packumentCache full:https://registry.npmjs.org/resolve-pkg-maps set size:undefined disposed:false
2663 http fetch GET 200 https://registry.npmjs.org/source-map-support 187ms (cache revalidated)
2664 silly packumentCache full:https://registry.npmjs.org/source-map-support set size:125488 disposed:false
2665 silly placeDep node_modules/@esbuild-kit/core-utils esbuild@0.18.20 OK for: @esbuild-kit/core-utils@3.3.2 want: ~0.18.20
2666 silly placeDep ROOT source-map-support@0.5.21 OK for: @esbuild-kit/core-utils@3.3.2 want: ^0.5.21
2667 silly fetch manifest @esbuild/linux-arm@0.18.20
2668 silly packumentCache full:https://registry.npmjs.org/@esbuild%2flinux-arm cache-miss
2669 silly fetch manifest @esbuild/linux-x64@0.18.20
2670 silly packumentCache full:https://registry.npmjs.org/@esbuild%2flinux-x64 cache-miss
2671 silly fetch manifest @esbuild/sunos-x64@0.18.20
2672 silly packumentCache full:https://registry.npmjs.org/@esbuild%2fsunos-x64 cache-miss
2673 silly fetch manifest @esbuild/win32-x64@0.18.20
2674 silly packumentCache full:https://registry.npmjs.org/@esbuild%2fwin32-x64 cache-miss
2675 silly fetch manifest @esbuild/darwin-x64@0.18.20
2676 silly packumentCache full:https://registry.npmjs.org/@esbuild%2fdarwin-x64 cache-miss
2677 silly fetch manifest @esbuild/linux-ia32@0.18.20
2678 silly packumentCache full:https://registry.npmjs.org/@esbuild%2flinux-ia32 cache-miss
2679 silly fetch manifest @esbuild/netbsd-x64@0.18.20
2680 silly packumentCache full:https://registry.npmjs.org/@esbuild%2fnetbsd-x64 cache-miss
2681 http cache https://registry.npmjs.org/@esbuild%2flinux-x64 43ms (cache hit)
2682 silly packumentCache full:https://registry.npmjs.org/@esbuild%2flinux-x64 set size:198942 disposed:false
2683 silly fetch manifest @esbuild/win32-ia32@0.18.20
2684 silly packumentCache full:https://registry.npmjs.org/@esbuild%2fwin32-ia32 cache-miss
2685 http cache https://registry.npmjs.org/@esbuild%2fdarwin-x64 54ms (cache hit)
2686 silly packumentCache full:https://registry.npmjs.org/@esbuild%2fdarwin-x64 set size:199670 disposed:false
2687 silly fetch manifest @esbuild/android-arm@0.18.20
2688 silly packumentCache full:https://registry.npmjs.org/@esbuild%2fandroid-arm cache-miss
2689 http cache https://registry.npmjs.org/@esbuild%2fsunos-x64 74ms (cache hit)
2690 silly packumentCache full:https://registry.npmjs.org/@esbuild%2fsunos-x64 set size:199187 disposed:false
2691 silly fetch manifest @esbuild/android-x64@0.18.20
2692 silly packumentCache full:https://registry.npmjs.org/@esbuild%2fandroid-x64 cache-miss
2693 http cache https://registry.npmjs.org/@esbuild%2flinux-arm 95ms (cache hit)
2694 silly packumentCache full:https://registry.npmjs.org/@esbuild%2flinux-arm set size:198596 disposed:false
2695 silly fetch manifest @esbuild/freebsd-x64@0.18.20
2696 silly packumentCache full:https://registry.npmjs.org/@esbuild%2ffreebsd-x64 cache-miss
2697 http cache https://registry.npmjs.org/@esbuild%2fwin32-x64 105ms (cache hit)
2698 silly packumentCache full:https://registry.npmjs.org/@esbuild%2fwin32-x64 set size:197540 disposed:false
2699 silly fetch manifest @esbuild/linux-arm64@0.18.20
2700 silly packumentCache full:https://registry.npmjs.org/@esbuild%2flinux-arm64 cache-miss
2701 http cache https://registry.npmjs.org/@esbuild%2flinux-ia32 116ms (cache hit)
2702 silly packumentCache full:https://registry.npmjs.org/@esbuild%2flinux-ia32 set size:199625 disposed:false
2703 silly fetch manifest @esbuild/linux-ppc64@0.18.20
2704 silly packumentCache full:https://registry.npmjs.org/@esbuild%2flinux-ppc64 cache-miss
2705 http cache https://registry.npmjs.org/@esbuild%2fnetbsd-x64 147ms (cache hit)
2706 silly packumentCache full:https://registry.npmjs.org/@esbuild%2fnetbsd-x64 set size:197314 disposed:false
2707 silly fetch manifest @esbuild/linux-s390x@0.18.20
2708 silly packumentCache full:https://registry.npmjs.org/@esbuild%2flinux-s390x cache-miss
2709 http cache https://registry.npmjs.org/@esbuild%2fwin32-ia32 146ms (cache hit)
2710 silly packumentCache full:https://registry.npmjs.org/@esbuild%2fwin32-ia32 set size:199854 disposed:false
2711 silly fetch manifest @esbuild/openbsd-x64@0.18.20
2712 silly packumentCache full:https://registry.npmjs.org/@esbuild%2fopenbsd-x64 cache-miss
2713 http cache https://registry.npmjs.org/@esbuild%2fandroid-arm 147ms (cache hit)
2714 silly packumentCache full:https://registry.npmjs.org/@esbuild%2fandroid-arm set size:225217 disposed:false
2715 silly fetch manifest @esbuild/win32-arm64@0.18.20
2716 silly packumentCache full:https://registry.npmjs.org/@esbuild%2fwin32-arm64 cache-miss
2717 http cache https://registry.npmjs.org/@esbuild%2flinux-arm64 115ms (cache hit)
2718 silly packumentCache full:https://registry.npmjs.org/@esbuild%2flinux-arm64 set size:200773 disposed:false
2719 silly fetch manifest @esbuild/darwin-arm64@0.18.20
2720 silly packumentCache full:https://registry.npmjs.org/@esbuild%2fdarwin-arm64 cache-miss
2721 http cache https://registry.npmjs.org/@esbuild%2fandroid-x64 164ms (cache hit)
2722 silly packumentCache full:https://registry.npmjs.org/@esbuild%2fandroid-x64 set size:199017 disposed:false
2723 silly fetch manifest @esbuild/android-arm64@0.18.20
2724 silly packumentCache full:https://registry.npmjs.org/@esbuild%2fandroid-arm64 cache-miss
2725 http cache https://registry.npmjs.org/@esbuild%2ffreebsd-x64 164ms (cache hit)
2726 silly packumentCache full:https://registry.npmjs.org/@esbuild%2ffreebsd-x64 set size:200565 disposed:false
2727 silly fetch manifest @esbuild/freebsd-arm64@0.18.20
2728 silly packumentCache full:https://registry.npmjs.org/@esbuild%2ffreebsd-arm64 cache-miss
2729 http cache https://registry.npmjs.org/@esbuild%2flinux-ppc64 148ms (cache hit)
2730 silly packumentCache full:https://registry.npmjs.org/@esbuild%2flinux-ppc64 set size:202845 disposed:false
2731 silly fetch manifest @esbuild/linux-loong64@0.18.20
2732 silly packumentCache full:https://registry.npmjs.org/@esbuild%2flinux-loong64 cache-miss
2733 http cache https://registry.npmjs.org/@esbuild%2flinux-s390x 131ms (cache hit)
2734 silly packumentCache full:https://registry.npmjs.org/@esbuild%2flinux-s390x set size:202310 disposed:false
2735 silly fetch manifest @esbuild/linux-riscv64@0.18.20
2736 silly packumentCache full:https://registry.npmjs.org/@esbuild%2flinux-riscv64 cache-miss
2737 http cache https://registry.npmjs.org/@esbuild%2fopenbsd-x64 130ms (cache hit)
2738 silly packumentCache full:https://registry.npmjs.org/@esbuild%2fopenbsd-x64 set size:200576 disposed:false
2739 silly fetch manifest @esbuild/linux-mips64el@0.18.20
2740 silly packumentCache full:https://registry.npmjs.org/@esbuild%2flinux-mips64el cache-miss
2741 http cache https://registry.npmjs.org/@esbuild%2fwin32-arm64 127ms (cache hit)
2742 silly packumentCache full:https://registry.npmjs.org/@esbuild%2fwin32-arm64 set size:201005 disposed:false
2743 silly fetch manifest buffer-from@^1.0.0
2744 silly packumentCache full:https://registry.npmjs.org/buffer-from cache-miss
2745 http cache https://registry.npmjs.org/@esbuild%2fdarwin-arm64 127ms (cache hit)
2746 silly packumentCache full:https://registry.npmjs.org/@esbuild%2fdarwin-arm64 set size:201471 disposed:false
2747 silly fetch manifest source-map@^0.6.0
2748 silly packumentCache full:https://registry.npmjs.org/source-map cache-hit
2749 http cache https://registry.npmjs.org/@esbuild%2ffreebsd-arm64 113ms (cache hit)
2750 silly packumentCache full:https://registry.npmjs.org/@esbuild%2ffreebsd-arm64 set size:202383 disposed:false
2751 http cache https://registry.npmjs.org/@esbuild%2flinux-loong64 109ms (cache hit)
2752 silly packumentCache full:https://registry.npmjs.org/@esbuild%2flinux-loong64 set size:255749 disposed:false
2753 http cache https://registry.npmjs.org/@esbuild%2fandroid-arm64 157ms (cache hit)
2754 silly packumentCache full:https://registry.npmjs.org/@esbuild%2fandroid-arm64 set size:204216 disposed:false
2755 http cache https://registry.npmjs.org/@esbuild%2flinux-riscv64 120ms (cache hit)
2756 silly packumentCache full:https://registry.npmjs.org/@esbuild%2flinux-riscv64 set size:202512 disposed:false
2757 http cache https://registry.npmjs.org/@esbuild%2flinux-mips64el 116ms (cache hit)
2758 silly packumentCache full:https://registry.npmjs.org/@esbuild%2flinux-mips64el set size:204633 disposed:false
2759 http fetch GET 200 https://registry.npmjs.org/buffer-from 181ms (cache revalidated)
2760 silly packumentCache full:https://registry.npmjs.org/buffer-from set size:15463 disposed:false
2761 silly placeDep ROOT embla-carousel@8.6.0 OK for: embla-carousel-react@8.6.0 want: 8.6.0
2762 silly placeDep ROOT embla-carousel-reactive-utils@8.6.0 OK for: embla-carousel-react@8.6.0 want: 8.6.0
2763 silly placeDep ROOT graceful-fs@4.2.11 OK for: enhanced-resolve@5.25.1 want: ^4.2.4
2764 silly placeDep ROOT tapable@2.3.3 OK for: enhanced-resolve@5.25.1 want: ^2.3.3
2765 silly placeDep ROOT @esbuild/aix-ppc64@0.25.12 OK for: esbuild@0.25.12 want: 0.25.12
2766 silly placeDep ROOT @esbuild/android-arm@0.25.12 OK for: esbuild@0.25.12 want: 0.25.12
2767 silly placeDep ROOT @esbuild/android-arm64@0.25.12 OK for: esbuild@0.25.12 want: 0.25.12
2768 silly placeDep ROOT @esbuild/android-x64@0.25.12 OK for: esbuild@0.25.12 want: 0.25.12
2769 silly placeDep ROOT @esbuild/darwin-arm64@0.25.12 OK for: esbuild@0.25.12 want: 0.25.12
2770 silly placeDep ROOT @esbuild/darwin-x64@0.25.12 OK for: esbuild@0.25.12 want: 0.25.12
2771 silly placeDep ROOT @esbuild/freebsd-arm64@0.25.12 OK for: esbuild@0.25.12 want: 0.25.12
2772 silly placeDep ROOT @esbuild/freebsd-x64@0.25.12 OK for: esbuild@0.25.12 want: 0.25.12
2773 silly placeDep ROOT @esbuild/linux-arm@0.25.12 OK for: esbuild@0.25.12 want: 0.25.12
2774 silly placeDep ROOT @esbuild/linux-arm64@0.25.12 OK for: esbuild@0.25.12 want: 0.25.12
2775 silly placeDep ROOT @esbuild/linux-ia32@0.25.12 OK for: esbuild@0.25.12 want: 0.25.12
2776 silly placeDep ROOT @esbuild/linux-loong64@0.25.12 OK for: esbuild@0.25.12 want: 0.25.12
2777 silly placeDep ROOT @esbuild/linux-mips64el@0.25.12 OK for: esbuild@0.25.12 want: 0.25.12
2778 silly placeDep ROOT @esbuild/linux-ppc64@0.25.12 OK for: esbuild@0.25.12 want: 0.25.12
2779 silly placeDep ROOT @esbuild/linux-riscv64@0.25.12 OK for: esbuild@0.25.12 want: 0.25.12
2780 silly placeDep ROOT @esbuild/linux-s390x@0.25.12 OK for: esbuild@0.25.12 want: 0.25.12
2781 silly placeDep ROOT @esbuild/linux-x64@0.25.12 OK for: esbuild@0.25.12 want: 0.25.12
2782 silly placeDep ROOT @esbuild/netbsd-arm64@0.25.12 OK for: esbuild@0.25.12 want: 0.25.12
2783 silly placeDep ROOT @esbuild/netbsd-x64@0.25.12 OK for: esbuild@0.25.12 want: 0.25.12
2784 silly placeDep ROOT @esbuild/openbsd-arm64@0.25.12 OK for: esbuild@0.25.12 want: 0.25.12
2785 silly placeDep ROOT @esbuild/openbsd-x64@0.25.12 OK for: esbuild@0.25.12 want: 0.25.12
2786 silly placeDep ROOT @esbuild/openharmony-arm64@0.25.12 OK for: esbuild@0.25.12 want: 0.25.12
2787 silly placeDep ROOT @esbuild/sunos-x64@0.25.12 OK for: esbuild@0.25.12 want: 0.25.12
2788 silly placeDep ROOT @esbuild/win32-arm64@0.25.12 OK for: esbuild@0.25.12 want: 0.25.12
2789 silly placeDep ROOT @esbuild/win32-ia32@0.25.12 OK for: esbuild@0.25.12 want: 0.25.12
2790 silly placeDep ROOT @esbuild/win32-x64@0.25.12 OK for: esbuild@0.25.12 want: 0.25.12
2791 silly fetch manifest eslint@^6.0.0 || ^7.0.0 || >=8.0.0
2792 silly packumentCache full:https://registry.npmjs.org/eslint cache-miss
2793 http cache https://registry.npmjs.org/eslint 43ms (cache hit)
2794 silly packumentCache full:https://registry.npmjs.org/eslint set size:2077457 disposed:false
2795 silly placeDep ROOT @eslint-community/eslint-utils@4.10.1 OK for: eslint@9.39.5 want: ^4.8.0
2796 silly placeDep ROOT @eslint-community/regexpp@4.12.2 OK for: eslint@9.39.5 want: ^4.12.1
2797 silly placeDep ROOT @eslint/config-array@0.21.2 OK for: eslint@9.39.5 want: ^0.21.2
2798 silly placeDep ROOT @eslint/config-helpers@0.4.2 OK for: eslint@9.39.5 want: ^0.4.2
2799 silly placeDep ROOT @eslint/core@0.17.0 OK for: eslint@9.39.5 want: ^0.17.0
2800 silly placeDep ROOT @eslint/eslintrc@3.3.7 OK for: eslint@9.39.5 want: ^3.3.6
2801 silly placeDep ROOT @eslint/plugin-kit@0.4.1 OK for: eslint@9.39.5 want: ^0.4.1
2802 silly placeDep ROOT @humanfs/node@0.16.8 OK for: eslint@9.39.5 want: ^0.16.6
2803 silly placeDep ROOT @humanwhocodes/module-importer@1.0.1 OK for: eslint@9.39.5 want: ^1.0.1
2804 silly placeDep ROOT @humanwhocodes/retry@0.4.3 OK for: eslint@9.39.5 want: ^0.4.2
2805 silly placeDep ROOT @types/estree@1.0.9 OK for: eslint@9.39.5 want: ^1.0.6
2806 silly placeDep ROOT ajv@6.15.0 OK for: eslint@9.39.5 want: ^6.14.0
2807 silly placeDep node_modules/eslint chalk@4.1.2 OK for: eslint@9.39.5 want: ^4.0.0
2808 silly placeDep ROOT cross-spawn@7.0.6 OK for: eslint@9.39.5 want: ^7.0.6
2809 silly placeDep ROOT escape-string-regexp@4.0.0 OK for: eslint@9.39.5 want: ^4.0.0
2810 silly placeDep ROOT eslint-scope@8.4.0 OK for: eslint@9.39.5 want: ^8.4.0
2811 silly placeDep ROOT eslint-visitor-keys@4.2.1 OK for: eslint@9.39.5 want: ^4.2.1
2812 silly placeDep ROOT espree@10.4.0 OK for: eslint@9.39.5 want: ^10.4.0
2813 silly placeDep ROOT esquery@1.7.0 OK for: eslint@9.39.5 want: ^1.5.0
2814 silly placeDep ROOT esutils@2.0.3 OK for: eslint@9.39.5 want: ^2.0.2
2815 silly placeDep ROOT fast-deep-equal@3.1.3 OK for: eslint@9.39.5 want: ^3.1.3
2816 silly placeDep ROOT file-entry-cache@8.0.0 OK for: eslint@9.39.5 want: ^8.0.0
2817 silly placeDep ROOT find-up@5.0.0 OK for: eslint@9.39.5 want: ^5.0.0
2818 silly placeDep ROOT glob-parent@6.0.2 OK for: eslint@9.39.5 want: ^6.0.2
2819 silly placeDep ROOT ignore@5.3.2 OK for: eslint@9.39.5 want: ^5.2.0
2820 silly placeDep ROOT imurmurhash@0.1.4 OK for: eslint@9.39.5 want: ^0.1.4
2821 silly placeDep ROOT is-glob@4.0.3 OK for: eslint@9.39.5 want: ^4.0.0
2822 silly placeDep ROOT json-stable-stringify-without-jsonify@1.0.1 OK for: eslint@9.39.5 want: ^1.0.1
2823 silly placeDep ROOT lodash.merge@4.6.2 OK for: eslint@9.39.5 want: ^4.6.2
2824 silly placeDep ROOT minimatch@3.1.5 OK for: eslint@9.39.5 want: ^3.1.5
2825 silly placeDep ROOT natural-compare@1.4.0 OK for: eslint@9.39.5 want: ^1.4.0
2826 silly placeDep ROOT optionator@0.9.4 OK for: eslint@9.39.5 want: ^0.9.3
2827 silly fetch manifest eslint-visitor-keys@^3.4.3
2828 silly packumentCache full:https://registry.npmjs.org/eslint-visitor-keys cache-miss
2829 silly fetch manifest @eslint/object-schema@^2.1.7
2830 silly packumentCache full:https://registry.npmjs.org/@eslint%2fobject-schema cache-miss
2831 silly fetch manifest @types/json-schema@^7.0.15
2832 silly packumentCache full:https://registry.npmjs.org/@types%2fjson-schema cache-miss
2833 silly fetch manifest espree@^10.0.1
2834 silly packumentCache full:https://registry.npmjs.org/espree cache-miss
2835 silly fetch manifest globals@^14.0.0
2836 silly packumentCache full:https://registry.npmjs.org/globals cache-miss
2837 silly fetch manifest js-yaml@^4.3.2
2838 silly packumentCache full:https://registry.npmjs.org/js-yaml cache-miss
2839 silly fetch manifest import-fresh@^3.2.1
2840 silly packumentCache full:https://registry.npmjs.org/import-fresh cache-miss
2841 http cache https://registry.npmjs.org/espree 69ms (cache hit)
2842 silly packumentCache full:https://registry.npmjs.org/espree set size:326080 disposed:false
2843 silly fetch manifest strip-json-comments@^3.1.1
2844 silly packumentCache full:https://registry.npmjs.org/strip-json-comments cache-miss
2845 http cache https://registry.npmjs.org/eslint-visitor-keys 110ms (cache hit)
2846 silly packumentCache full:https://registry.npmjs.org/eslint-visitor-keys set size:69949 disposed:false
2847 silly fetch manifest levn@^0.4.1
2848 silly packumentCache full:https://registry.npmjs.org/levn cache-miss
2849 http cache https://registry.npmjs.org/js-yaml 105ms (cache hit)
2850 silly packumentCache full:https://registry.npmjs.org/js-yaml set size:198692 disposed:false
2851 silly fetch manifest @humanfs/core@^0.19.2
2852 silly packumentCache full:https://registry.npmjs.org/@humanfs%2fcore cache-miss
2853 http cache https://registry.npmjs.org/globals 175ms (cache hit)
2854 silly packumentCache full:https://registry.npmjs.org/globals set size:338968 disposed:false
2855 silly fetch manifest @humanfs/types@^0.15.0
2856 silly packumentCache full:https://registry.npmjs.org/@humanfs%2ftypes cache-miss
2857 http fetch GET 200 https://registry.npmjs.org/@eslint%2fobject-schema 218ms (cache miss)
2858 silly packumentCache full:https://registry.npmjs.org/@eslint%2fobject-schema set size:undefined disposed:false
2859 silly fetch manifest @humanwhocodes/retry@^0.4.0
2860 silly packumentCache full:https://registry.npmjs.org/@humanwhocodes%2fretry cache-miss
2861 http fetch GET 200 https://registry.npmjs.org/import-fresh 209ms (cache miss)
2862 silly packumentCache full:https://registry.npmjs.org/import-fresh set size:undefined disposed:false
2863 silly fetch manifest uri-js@^4.2.2
2864 silly packumentCache full:https://registry.npmjs.org/uri-js cache-miss
2865 http fetch GET 200 https://registry.npmjs.org/@types%2fjson-schema 255ms (cache miss)
2866 silly packumentCache full:https://registry.npmjs.org/@types%2fjson-schema set size:undefined disposed:false
2867 silly fetch manifest fast-deep-equal@^3.1.1
2868 silly packumentCache full:https://registry.npmjs.org/fast-deep-equal cache-hit
2869 silly fetch manifest json-schema-traverse@^0.4.1
2870 silly packumentCache full:https://registry.npmjs.org/json-schema-traverse cache-miss
2871 http fetch GET 200 https://registry.npmjs.org/levn 173ms (cache miss)
2872 silly packumentCache full:https://registry.npmjs.org/levn set size:undefined disposed:false
2873 silly fetch manifest fast-json-stable-stringify@^2.0.0
2874 silly packumentCache full:https://registry.npmjs.org/fast-json-stable-stringify cache-miss
2875 http cache https://registry.npmjs.org/@humanwhocodes%2fretry 76ms (cache hit)
2876 silly packumentCache full:https://registry.npmjs.org/@humanwhocodes%2fretry set size:42348 disposed:false
2877 silly fetch manifest ansi-styles@^4.1.0
2878 silly packumentCache full:https://registry.npmjs.org/ansi-styles cache-miss
2879 http fetch GET 200 https://registry.npmjs.org/strip-json-comments 210ms (cache revalidated)
2880 silly packumentCache full:https://registry.npmjs.org/strip-json-comments set size:43569 disposed:false
2881 silly fetch manifest supports-color@^7.1.0
2882 silly packumentCache full:https://registry.npmjs.org/supports-color cache-miss
2883 http fetch GET 200 https://registry.npmjs.org/@humanfs%2fcore 192ms (cache miss)
2884 silly packumentCache full:https://registry.npmjs.org/@humanfs%2fcore set size:undefined disposed:false
2885 silly fetch manifest which@^2.0.1
2886 silly packumentCache full:https://registry.npmjs.org/which cache-miss
2887 http fetch GET 200 https://registry.npmjs.org/json-schema-traverse 135ms (cache miss)
2888 silly packumentCache full:https://registry.npmjs.org/json-schema-traverse set size:undefined disposed:false
2889 silly fetch manifest path-key@^3.1.0
2890 silly packumentCache full:https://registry.npmjs.org/path-key cache-miss
2891 http fetch GET 200 https://registry.npmjs.org/uri-js 176ms (cache miss)
2892 silly packumentCache full:https://registry.npmjs.org/uri-js set size:undefined disposed:false
2893 silly fetch manifest shebang-command@^2.0.0
2894 silly packumentCache full:https://registry.npmjs.org/shebang-command cache-miss
2895 http fetch GET 200 https://registry.npmjs.org/@humanfs%2ftypes 208ms (cache miss)
2896 silly packumentCache full:https://registry.npmjs.org/@humanfs%2ftypes set size:undefined disposed:false
2897 silly fetch manifest esrecurse@^4.3.0
2898 silly packumentCache full:https://registry.npmjs.org/esrecurse cache-miss
2899 http fetch GET 200 https://registry.npmjs.org/fast-json-stable-stringify 153ms (cache miss)
2900 silly packumentCache full:https://registry.npmjs.org/fast-json-stable-stringify set size:undefined disposed:false
2901 silly fetch manifest estraverse@^5.2.0
2902 silly packumentCache full:https://registry.npmjs.org/estraverse cache-miss
2903 http fetch GET 200 https://registry.npmjs.org/ansi-styles 148ms (cache revalidated)
2904 silly packumentCache full:https://registry.npmjs.org/ansi-styles set size:71772 disposed:false
2905 silly fetch manifest acorn@^8.15.0
2906 silly packumentCache full:https://registry.npmjs.org/acorn cache-miss
2907 http fetch GET 200 https://registry.npmjs.org/supports-color 150ms (cache revalidated)
2908 silly packumentCache full:https://registry.npmjs.org/supports-color set size:124169 disposed:false
2909 silly fetch manifest acorn-jsx@^5.3.2
2910 silly packumentCache full:https://registry.npmjs.org/acorn-jsx cache-miss
2911 http fetch GET 200 https://registry.npmjs.org/esrecurse 107ms (cache miss)
2912 silly packumentCache full:https://registry.npmjs.org/esrecurse set size:undefined disposed:false
2913 silly fetch manifest estraverse@^5.1.0
2914 silly packumentCache full:https://registry.npmjs.org/estraverse cache-miss
2915 http fetch GET 200 https://registry.npmjs.org/which 212ms (cache updated)
2916 silly packumentCache full:https://registry.npmjs.org/which set size:undefined disposed:false
2917 silly fetch manifest flat-cache@^4.0.0
2918 silly packumentCache full:https://registry.npmjs.org/flat-cache cache-miss
2919 http fetch GET 200 https://registry.npmjs.org/shebang-command 202ms (cache revalidated)
2920 silly packumentCache full:https://registry.npmjs.org/shebang-command set size:8525 disposed:false
2921 silly fetch manifest locate-path@^6.0.0
2922 silly packumentCache full:https://registry.npmjs.org/locate-path cache-miss
2923 http fetch GET 200 https://registry.npmjs.org/estraverse 176ms (cache revalidated)
2924 silly packumentCache full:https://registry.npmjs.org/estraverse set size:62412 disposed:false
2925 silly fetch manifest path-exists@^4.0.0
2926 silly packumentCache full:https://registry.npmjs.org/path-exists cache-miss
2927 http fetch GET 200 https://registry.npmjs.org/path-key 236ms (cache revalidated)
2928 silly packumentCache full:https://registry.npmjs.org/path-key set size:16975 disposed:false
2929 silly fetch manifest is-glob@^4.0.3
2930 silly packumentCache full:https://registry.npmjs.org/is-glob cache-hit
2931 silly fetch manifest is-extglob@^2.1.1
2932 silly packumentCache full:https://registry.npmjs.org/is-extglob cache-miss
2933 http fetch GET 200 https://registry.npmjs.org/acorn-jsx 194ms (cache miss)
2934 silly packumentCache full:https://registry.npmjs.org/acorn-jsx set size:undefined disposed:false
2935 silly fetch manifest brace-expansion@^1.1.7
2936 silly packumentCache full:https://registry.npmjs.org/brace-expansion cache-miss
2937 http fetch GET 200 https://registry.npmjs.org/estraverse 156ms (cache revalidated)
2938 silly packumentCache full:https://registry.npmjs.org/estraverse set size:62412 disposed:false
2939 silly packumentCache full:https://registry.npmjs.org/estraverse dispose
2940 silly fetch manifest prelude-ls@^1.2.1
2941 silly packumentCache full:https://registry.npmjs.org/prelude-ls cache-miss
2942 http fetch GET 200 https://registry.npmjs.org/acorn 278ms (cache miss)
2943 silly packumentCache full:https://registry.npmjs.org/acorn set size:undefined disposed:false
2944 silly fetch manifest deep-is@^0.1.3
2945 silly packumentCache full:https://registry.npmjs.org/deep-is cache-miss
2946 http fetch GET 200 https://registry.npmjs.org/flat-cache 231ms (cache miss)
2947 silly packumentCache full:https://registry.npmjs.org/flat-cache set size:undefined disposed:false
2948 silly fetch manifest word-wrap@^1.2.5
2949 silly packumentCache full:https://registry.npmjs.org/word-wrap cache-miss
2950 http fetch GET 200 https://registry.npmjs.org/path-exists 222ms (cache revalidated)
2951 silly packumentCache full:https://registry.npmjs.org/path-exists set size:13704 disposed:false
2952 silly fetch manifest type-check@^0.4.0
2953 silly packumentCache full:https://registry.npmjs.org/type-check cache-miss
2954 http fetch GET 200 https://registry.npmjs.org/is-extglob 218ms (cache revalidated)
2955 silly packumentCache full:https://registry.npmjs.org/is-extglob set size:11766 disposed:false
2956 silly fetch manifest fast-levenshtein@^2.0.6
2957 silly packumentCache full:https://registry.npmjs.org/fast-levenshtein cache-miss
2958 http fetch GET 200 https://registry.npmjs.org/locate-path 254ms (cache revalidated)
2959 silly packumentCache full:https://registry.npmjs.org/locate-path set size:31329 disposed:false
2960 http fetch GET 200 https://registry.npmjs.org/deep-is 119ms (cache miss)
2961 silly packumentCache full:https://registry.npmjs.org/deep-is set size:undefined disposed:false
2962 http fetch GET 200 https://registry.npmjs.org/word-wrap 112ms (cache miss)
2963 silly packumentCache full:https://registry.npmjs.org/word-wrap set size:undefined disposed:false
2964 http fetch GET 200 https://registry.npmjs.org/brace-expansion 250ms (cache updated)
2965 silly packumentCache full:https://registry.npmjs.org/brace-expansion set size:undefined disposed:false
2966 http fetch GET 200 https://registry.npmjs.org/type-check 126ms (cache miss)
2967 silly packumentCache full:https://registry.npmjs.org/type-check set size:undefined disposed:false
2968 http fetch GET 200 https://registry.npmjs.org/fast-levenshtein 123ms (cache miss)
2969 silly packumentCache full:https://registry.npmjs.org/fast-levenshtein set size:undefined disposed:false
2970 http fetch GET 200 https://registry.npmjs.org/prelude-ls 365ms (cache miss)
2971 silly packumentCache full:https://registry.npmjs.org/prelude-ls set size:undefined disposed:false
2972 silly placeDep node_modules/@eslint-community/eslint-utils eslint-visitor-keys@3.4.3 OK for: @eslint-community/eslint-utils@4.10.1 want: ^3.4.3
2973 silly placeDep ROOT @eslint/object-schema@2.1.7 OK for: @eslint/config-array@0.21.2 want: ^2.1.7
2974 silly placeDep ROOT @types/json-schema@7.0.15 OK for: @eslint/core@0.17.0 want: ^7.0.15
2975 silly placeDep node_modules/@eslint/eslintrc globals@14.0.0 OK for: @eslint/eslintrc@3.3.7 want: ^14.0.0
2976 silly placeDep ROOT import-fresh@3.3.1 OK for: @eslint/eslintrc@3.3.7 want: ^3.2.1
2977 silly placeDep ROOT js-yaml@4.3.2 OK for: @eslint/eslintrc@3.3.7 want: ^4.3.2
2978 silly placeDep ROOT strip-json-comments@3.1.1 OK for: @eslint/eslintrc@3.3.7 want: ^3.1.1
2979 silly fetch manifest resolve-from@^4.0.0
2980 silly packumentCache full:https://registry.npmjs.org/resolve-from cache-miss
2981 silly fetch manifest parent-module@^1.0.0
2982 silly packumentCache full:https://registry.npmjs.org/parent-module cache-miss
2983 silly fetch manifest argparse@^2.0.1
2984 silly packumentCache full:https://registry.npmjs.org/argparse cache-miss
2985 http fetch GET 200 https://registry.npmjs.org/resolve-from 109ms (cache miss)
2986 silly packumentCache full:https://registry.npmjs.org/resolve-from set size:undefined disposed:false
2987 http fetch GET 200 https://registry.npmjs.org/parent-module 112ms (cache miss)
2988 silly packumentCache full:https://registry.npmjs.org/parent-module set size:undefined disposed:false
2989 http fetch GET 200 https://registry.npmjs.org/argparse 144ms (cache updated)
2990 silly packumentCache full:https://registry.npmjs.org/argparse set size:undefined disposed:false
2991 silly placeDep ROOT levn@0.4.1 OK for: @eslint/plugin-kit@0.4.1 want: ^0.4.1
2992 silly fetch manifest type-check@~0.4.0
2993 silly packumentCache full:https://registry.npmjs.org/type-check cache-miss
2994 http cache https://registry.npmjs.org/type-check 11ms (cache hit)
2995 silly packumentCache full:https://registry.npmjs.org/type-check set size:21221 disposed:false
2996 silly fetch manifest ajv@^8.12.0
2997 silly packumentCache full:https://registry.npmjs.org/ajv cache-miss
2998 http cache https://registry.npmjs.org/ajv 21ms (cache hit)
2999 silly packumentCache full:https://registry.npmjs.org/ajv set size:1142658 disposed:false
3000 silly placeDep ROOT ajv@8.20.0 REPLACE for: @hookform/resolvers@5.9.1 want: ^8.12.0
3001 silly fetch manifest fast-uri@^3.0.1
3002 silly packumentCache full:https://registry.npmjs.org/fast-uri cache-miss
3003 silly fetch manifest json-schema-traverse@^1.0.0
3004 silly packumentCache full:https://registry.npmjs.org/json-schema-traverse cache-miss
3005 silly fetch manifest require-from-string@^2.0.2
3006 silly packumentCache full:https://registry.npmjs.org/require-from-string cache-miss
3007 http cache https://registry.npmjs.org/json-schema-traverse 21ms (cache hit)
3008 silly packumentCache full:https://registry.npmjs.org/json-schema-traverse set size:23537 disposed:false
3009 http fetch GET 200 https://registry.npmjs.org/require-from-string 88ms (cache miss)
3010 silly packumentCache full:https://registry.npmjs.org/require-from-string set size:undefined disposed:false
3011 http fetch GET 200 https://registry.npmjs.org/fast-uri 119ms (cache miss)
3012 silly packumentCache full:https://registry.npmjs.org/fast-uri set size:undefined disposed:false
3013 silly placeDep node_modules/@eslint/eslintrc ajv@6.15.0 OK for: @eslint/eslintrc@3.3.7 want: ^6.14.0
3014 silly placeDep ROOT @humanfs/core@0.19.2 OK for: @humanfs/node@0.16.8 want: ^0.19.2
3015 silly placeDep ROOT @humanfs/types@0.15.0 OK for: @humanfs/node@0.16.8 want: ^0.15.0
3016 silly placeDep ROOT fast-uri@3.1.8 OK for: ajv@8.20.0 want: ^3.0.1
3017 silly placeDep ROOT json-schema-traverse@1.0.0 OK for: ajv@8.20.0 want: ^1.0.0
3018 silly placeDep ROOT require-from-string@2.0.2 OK for: ajv@8.20.0 want: ^2.0.2
3019 silly placeDep ROOT path-key@3.1.1 OK for: cross-spawn@7.0.6 want: ^3.1.0
3020 silly placeDep ROOT shebang-command@2.0.0 OK for: cross-spawn@7.0.6 want: ^2.0.0
3021 silly placeDep ROOT which@2.0.2 OK for: cross-spawn@7.0.6 want: ^2.0.1
3022 silly fetch manifest shebang-regex@^3.0.0
3023 silly packumentCache full:https://registry.npmjs.org/shebang-regex cache-miss
3024 silly fetch manifest isexe@^2.0.0
3025 silly packumentCache full:https://registry.npmjs.org/isexe cache-miss
3026 http fetch GET 200 https://registry.npmjs.org/isexe 126ms (cache revalidated)
3027 silly packumentCache full:https://registry.npmjs.org/isexe set size:31756 disposed:false
3028 http fetch GET 200 https://registry.npmjs.org/shebang-regex 136ms (cache revalidated)
3029 silly packumentCache full:https://registry.npmjs.org/shebang-regex set size:9763 disposed:false
3030 silly placeDep node_modules/eslint ajv@6.15.0 OK for: eslint@9.39.5 want: ^6.14.0
3031 silly placeDep ROOT prettier-linter-helpers@1.0.1 OK for: eslint-plugin-prettier@5.5.6 want: ^1.0.1
3032 silly placeDep ROOT synckit@0.11.13 OK for: eslint-plugin-prettier@5.5.6 want: ^0.11.13
3033 silly fetch manifest fast-diff@^1.1.2
3034 silly packumentCache full:https://registry.npmjs.org/fast-diff cache-miss
3035 silly fetch manifest @pkgr/core@^0.3.6
3036 silly packumentCache full:https://registry.npmjs.org/@pkgr%2fcore cache-miss
3037 http fetch GET 200 https://registry.npmjs.org/fast-diff 105ms (cache miss)
3038 silly packumentCache full:https://registry.npmjs.org/fast-diff set size:undefined disposed:false
3039 http fetch GET 200 https://registry.npmjs.org/@pkgr%2fcore 464ms (cache miss)
3040 silly packumentCache full:https://registry.npmjs.org/@pkgr%2fcore set size:undefined disposed:false
3041 silly placeDep ROOT esrecurse@4.3.0 OK for: eslint-scope@8.4.0 want: ^4.3.0
3042 silly placeDep ROOT estraverse@5.3.0 OK for: eslint-scope@8.4.0 want: ^5.2.0
3043 silly placeDep ROOT acorn@8.18.0 OK for: espree@10.4.0 want: ^8.15.0
3044 silly placeDep ROOT acorn-jsx@5.3.2 OK for: espree@10.4.0 want: ^5.3.2
3045 silly placeDep ROOT flat-cache@4.0.1 OK for: file-entry-cache@8.0.0 want: ^4.0.0
3046 silly fetch manifest keyv@^4.5.4
3047 silly packumentCache full:https://registry.npmjs.org/keyv cache-miss
3048 silly fetch manifest flatted@^3.2.9
3049 silly packumentCache full:https://registry.npmjs.org/flatted cache-miss
3050 http fetch GET 200 https://registry.npmjs.org/keyv 106ms (cache miss)
3051 silly packumentCache full:https://registry.npmjs.org/keyv set size:undefined disposed:false
3052 http fetch GET 200 https://registry.npmjs.org/flatted 132ms (cache miss)
3053 silly packumentCache full:https://registry.npmjs.org/flatted set size:undefined disposed:false
3054 silly placeDep ROOT locate-path@6.0.0 OK for: find-up@5.0.0 want: ^6.0.0
3055 silly placeDep ROOT path-exists@4.0.0 OK for: find-up@5.0.0 want: ^4.0.0
3056 silly fetch manifest p-locate@^5.0.0
3057 silly packumentCache full:https://registry.npmjs.org/p-locate cache-miss
3058 http fetch GET 200 https://registry.npmjs.org/p-locate 120ms (cache revalidated)
3059 silly packumentCache full:https://registry.npmjs.org/p-locate set size:22488 disposed:false
3060 silly placeDep ROOT flatted@3.4.4 OK for: flat-cache@4.0.1 want: ^3.2.9
3061 silly placeDep ROOT keyv@4.5.4 OK for: flat-cache@4.0.1 want: ^4.5.4
3062 silly fetch manifest json-buffer@3.0.1
3063 silly packumentCache full:https://registry.npmjs.org/json-buffer cache-miss
3064 http fetch GET 200 https://registry.npmjs.org/json-buffer 87ms (cache miss)
3065 silly packumentCache full:https://registry.npmjs.org/json-buffer set size:undefined disposed:false
3066 silly placeDep ROOT resolve-pkg-maps@1.0.0 OK for: get-tsconfig@4.14.3 want: ^1.0.0
3067 silly placeDep ROOT rou3@0.8.1 OK for: h3@2.0.1-rc.20 want: ^0.8.1
3068 silly placeDep ROOT parent-module@1.0.1 OK for: import-fresh@3.3.1 want: ^1.0.0
3069 silly placeDep ROOT resolve-from@4.0.0 OK for: import-fresh@3.3.1 want: ^4.0.0
3070 silly fetch manifest callsites@^3.0.0
3071 silly packumentCache full:https://registry.npmjs.org/callsites cache-miss
3072 http fetch GET 200 https://registry.npmjs.org/callsites 107ms (cache miss)
3073 silly packumentCache full:https://registry.npmjs.org/callsites set size:undefined disposed:false
3074 silly placeDep ROOT is-extglob@2.1.1 OK for: is-glob@4.0.3 want: ^2.1.1
3075 silly placeDep ROOT argparse@2.0.1 OK for: js-yaml@4.3.2 want: ^2.0.1
3076 silly placeDep ROOT json-buffer@3.0.1 OK for: keyv@4.5.4 want: 3.0.1
3077 silly placeDep ROOT shell-quote@1.10.0 OK for: launch-editor@2.14.1 want: ^1.8.4
3078 silly placeDep ROOT prelude-ls@1.2.1 OK for: levn@0.4.1 want: ^1.2.1
3079 silly placeDep ROOT type-check@0.4.0 OK for: levn@0.4.1 want: ~0.4.0
3080 silly placeDep ROOT detect-libc@2.1.2 OK for: lightningcss@1.33.0 want: ^2.0.3
3081 silly placeDep ROOT lightningcss-android-arm64@1.33.0 OK for: lightningcss@1.33.0 want: 1.33.0
3082 silly placeDep ROOT lightningcss-darwin-arm64@1.33.0 OK for: lightningcss@1.33.0 want: 1.33.0
3083 silly placeDep ROOT lightningcss-darwin-x64@1.33.0 OK for: lightningcss@1.33.0 want: 1.33.0
3084 silly placeDep ROOT lightningcss-freebsd-x64@1.33.0 OK for: lightningcss@1.33.0 want: 1.33.0
3085 silly placeDep ROOT lightningcss-linux-arm-gnueabihf@1.33.0 OK for: lightningcss@1.33.0 want: 1.33.0
3086 silly placeDep ROOT lightningcss-linux-arm64-gnu@1.33.0 OK for: lightningcss@1.33.0 want: 1.33.0
3087 silly placeDep ROOT lightningcss-linux-arm64-musl@1.33.0 OK for: lightningcss@1.33.0 want: 1.33.0
3088 silly placeDep ROOT lightningcss-linux-x64-gnu@1.33.0 OK for: lightningcss@1.33.0 want: 1.33.0
3089 silly placeDep ROOT lightningcss-linux-x64-musl@1.33.0 OK for: lightningcss@1.33.0 want: 1.33.0
3090 silly placeDep ROOT lightningcss-win32-arm64-msvc@1.33.0 OK for: lightningcss@1.33.0 want: 1.33.0
3091 silly placeDep ROOT lightningcss-win32-x64-msvc@1.33.0 OK for: lightningcss@1.33.0 want: 1.33.0
3092 silly placeDep ROOT p-locate@5.0.0 OK for: locate-path@6.0.0 want: ^5.0.0
3093 silly fetch manifest p-limit@^3.0.2
3094 silly packumentCache full:https://registry.npmjs.org/p-limit cache-miss
3095 http fetch GET 200 https://registry.npmjs.org/p-limit 127ms (cache revalidated)
3096 silly packumentCache full:https://registry.npmjs.org/p-limit set size:66276 disposed:false
3097 silly placeDep ROOT yallist@3.1.1 OK for: lru-cache@5.1.1 want: ^3.0.2
3098 silly placeDep ROOT brace-expansion@1.1.21 OK for: minimatch@3.1.5 want: ^1.1.7
3099 silly fetch manifest concat-map@0.0.1
3100 silly packumentCache full:https://registry.npmjs.org/concat-map cache-miss
3101 silly fetch manifest balanced-match@^1.0.0
3102 silly packumentCache full:https://registry.npmjs.org/balanced-match cache-miss
3103 http fetch GET 200 https://registry.npmjs.org/balanced-match 102ms (cache revalidated)
3104 silly packumentCache full:https://registry.npmjs.org/balanced-match set size:39082 disposed:false
3105 http fetch GET 200 https://registry.npmjs.org/concat-map 114ms (cache revalidated)
3106 silly packumentCache full:https://registry.npmjs.org/concat-map set size:9290 disposed:false
3107 silly placeDep ROOT balanced-match@1.0.2 OK for: brace-expansion@1.1.21 want: ^1.0.0
3108 silly placeDep ROOT concat-map@0.0.1 OK for: brace-expansion@1.1.21 want: 0.0.1
3109 silly fetch manifest ocache@>=0.3.0
3110 silly packumentCache full:https://registry.npmjs.org/ocache cache-miss
3111 http cache https://registry.npmjs.org/ocache 18ms (cache hit)
3112 silly packumentCache full:https://registry.npmjs.org/ocache set size:27860 disposed:false
3113 silly fetch manifest @electric-sql/pglite@*
3114 silly packumentCache full:https://registry.npmjs.org/@electric-sql%2fpglite cache-miss
3115 http cache https://registry.npmjs.org/@electric-sql%2fpglite 29ms (cache hit)
3116 silly packumentCache full:https://registry.npmjs.org/@electric-sql%2fpglite set size:367325 disposed:false
3117 silly fetch manifest @libsql/client@*
3118 silly packumentCache full:https://registry.npmjs.org/@libsql%2fclient cache-miss
3119 http cache https://registry.npmjs.org/@libsql%2fclient 32ms (cache hit)
3120 silly packumentCache full:https://registry.npmjs.org/@libsql%2fclient set size:396230 disposed:false
3121 silly fetch manifest better-sqlite3@*
3122 silly packumentCache full:https://registry.npmjs.org/better-sqlite3 cache-hit
3123 silly fetch manifest drizzle-orm@*
3124 silly packumentCache full:https://registry.npmjs.org/drizzle-orm cache-miss
3125 http cache https://registry.npmjs.org/drizzle-orm 952ms (cache hit)
3126 silly packumentCache full:https://registry.npmjs.org/drizzle-orm set size:64473358 disposed:false
3127 silly fetch manifest react@*
3128 silly packumentCache full:https://registry.npmjs.org/react cache-miss
3129 http cache https://registry.npmjs.org/react 71ms (cache hit)
3130 silly packumentCache full:https://registry.npmjs.org/react set size:6992208 disposed:false
3131 silly fetch manifest @types/react@^19.1.1
3132 silly packumentCache full:https://registry.npmjs.org/@types%2freact cache-miss
3133 http cache https://registry.npmjs.org/@types%2freact 33ms (cache hit)
3134 silly packumentCache full:https://registry.npmjs.org/@types%2freact set size:2642161 disposed:false
3135 silly fetch manifest typescript@>=5.4.0
3136 silly packumentCache full:https://registry.npmjs.org/typescript cache-miss
3137 http cache https://registry.npmjs.org/typescript 328ms (cache hit)
3138 silly packumentCache full:https://registry.npmjs.org/typescript set size:15685586 disposed:false
3139 silly fetch manifest react-dom@*
3140 silly packumentCache full:https://registry.npmjs.org/react-dom cache-miss
3141 http cache https://registry.npmjs.org/react-dom 94ms (cache hit)
3142 silly packumentCache full:https://registry.npmjs.org/react-dom set size:9417009 disposed:false
3143 silly fetch manifest @types/node@>= 8
3144 silly packumentCache full:https://registry.npmjs.org/@types%2fnode cache-miss
3145 http cache https://registry.npmjs.org/@types%2fnode 195ms (cache hit)
3146 silly packumentCache full:https://registry.npmjs.org/@types%2fnode set size:11136519 disposed:false
3147 silly fetch manifest postgres@>=3
3148 silly packumentCache full:https://registry.npmjs.org/postgres cache-miss
3149 http cache https://registry.npmjs.org/postgres 46ms (cache hit)
3150 silly packumentCache full:https://registry.npmjs.org/postgres set size:185872 disposed:false
3151 silly fetch manifest @netlify/runtime@^4.1.23
3152 silly packumentCache full:https://registry.npmjs.org/@netlify%2fruntime cache-miss
3153 http fetch GET 200 https://registry.npmjs.org/@netlify%2fruntime 707ms (cache miss)
3154 silly packumentCache full:https://registry.npmjs.org/@netlify%2fruntime set size:undefined disposed:false
3155 silly fetch manifest miniflare@^4.20260515.0
3156 silly packumentCache full:https://registry.npmjs.org/miniflare cache-miss
3157 http fetch GET 200 https://registry.npmjs.org/miniflare 391ms (cache miss)
3158 silly packumentCache full:https://registry.npmjs.org/miniflare set size:undefined disposed:false
3159 silly fetch manifest wrangler@^4.0.0
3160 silly packumentCache full:https://registry.npmjs.org/wrangler cache-miss
3161 http fetch GET 200 https://registry.npmjs.org/wrangler 1111ms (cache miss)
3162 silly packumentCache full:https://registry.npmjs.org/wrangler set size:undefined disposed:false
3163 silly fetch manifest @cloudflare/workers-types@^5.20260917.1
3164 silly packumentCache full:https://registry.npmjs.org/@cloudflare%2fworkers-types cache-miss
3165 http cache https://registry.npmjs.org/@cloudflare%2fworkers-types 293ms (cache hit)
3166 silly packumentCache full:https://registry.npmjs.org/@cloudflare%2fworkers-types set size:1909297 disposed:false
3167 silly placeDep ROOT consola@3.4.2 OK for: nitro@3.0.260603-beta want: ^3.4.2
3168 silly placeDep ROOT crossws@0.4.12 OK for: nitro@3.0.260603-beta want: ^0.4.5
3169 silly placeDep ROOT db0@0.3.4 OK for: nitro@3.0.260603-beta want: ^0.3.4
3170 silly placeDep ROOT env-runner@0.1.16 OK for: nitro@3.0.260603-beta want: ^0.1.9
3171 silly placeDep ROOT h3@2.0.1-rc.32 OK for: nitro@3.0.260603-beta want: ^2.0.1-rc.22
3172 silly placeDep ROOT hookable@6.1.2 OK for: nitro@3.0.260603-beta want: ^6.1.1
3173 silly placeDep ROOT nf3@0.3.24 OK for: nitro@3.0.260603-beta want: ^0.3.17
3174 silly placeDep ROOT ocache@0.1.5 OK for: nitro@3.0.260603-beta want: ^0.1.4
3175 silly placeDep ROOT ofetch@2.0.0-alpha.3 OK for: nitro@3.0.260603-beta want: ^2.0.0-alpha.3
3176 silly placeDep ROOT ohash@2.0.12 OK for: nitro@3.0.260603-beta want: ^2.0.11
3177 silly placeDep ROOT rolldown@1.2.1 OK for: nitro@3.0.260603-beta want: 1.2.1
3178 silly placeDep ROOT unenv@2.0.0-rc.24 OK for: nitro@3.0.260603-beta want: ^2.0.0-rc.24
3179 silly placeDep ROOT unstorage@2.0.0-alpha.10 OK for: nitro@3.0.260603-beta want: ^2.0.0-alpha.7
3180 silly fetch manifest httpxy@^0.5.4
3181 silly packumentCache full:https://registry.npmjs.org/httpxy cache-miss
3182 silly fetch manifest rou3@^0.9.2
3183 silly packumentCache full:https://registry.npmjs.org/rou3 cache-miss
3184 silly fetch manifest srvx@^1.0.5
3185 silly packumentCache full:https://registry.npmjs.org/srvx cache-hit
3186 silly fetch manifest @oxc-project/types@=0.142.0
3187 silly packumentCache full:https://registry.npmjs.org/@oxc-project%2ftypes cache-miss
3188 silly fetch manifest @rolldown/pluginutils@^1.0.0
3189 silly packumentCache full:https://registry.npmjs.org/@rolldown%2fpluginutils cache-miss
3190 silly fetch manifest @rolldown/binding-darwin-x64@1.2.1
3191 silly packumentCache full:https://registry.npmjs.org/@rolldown%2fbinding-darwin-x64 cache-miss
3192 silly fetch manifest @rolldown/binding-freebsd-x64@1.2.1
3193 silly packumentCache full:https://registry.npmjs.org/@rolldown%2fbinding-freebsd-x64 cache-miss
3194 silly fetch manifest @rolldown/binding-wasm32-wasi@1.2.1
3195 silly packumentCache full:https://registry.npmjs.org/@rolldown%2fbinding-wasm32-wasi cache-miss
3196 http cache https://registry.npmjs.org/rou3 65ms (cache hit)
3197 silly packumentCache full:https://registry.npmjs.org/rou3 set size:91714 disposed:false
3198 silly fetch manifest @rolldown/binding-darwin-arm64@1.2.1
3199 silly packumentCache full:https://registry.npmjs.org/@rolldown%2fbinding-darwin-arm64 cache-miss
3200 http cache https://registry.npmjs.org/@oxc-project%2ftypes 74ms (cache hit)
3201 silly packumentCache full:https://registry.npmjs.org/@oxc-project%2ftypes set size:256836 disposed:false
3202 silly fetch manifest @rolldown/binding-android-arm64@1.2.1
3203 silly packumentCache full:https://registry.npmjs.org/@rolldown%2fbinding-android-arm64 cache-miss
3204 http cache https://registry.npmjs.org/@rolldown%2fpluginutils 97ms (cache hit)
3205 silly packumentCache full:https://registry.npmjs.org/@rolldown%2fpluginutils set size:300388 disposed:false
3206 silly fetch manifest @rolldown/binding-linux-x64-gnu@1.2.1
3207 silly packumentCache full:https://registry.npmjs.org/@rolldown%2fbinding-linux-x64-gnu cache-miss
3208 http fetch GET 200 https://registry.npmjs.org/httpxy 180ms (cache miss)
3209 silly packumentCache full:https://registry.npmjs.org/httpxy set size:undefined disposed:false
3210 silly fetch manifest @rolldown/binding-linux-x64-musl@1.2.1
3211 silly packumentCache full:https://registry.npmjs.org/@rolldown%2fbinding-linux-x64-musl cache-miss
3212 http fetch GET 200 https://registry.npmjs.org/@rolldown%2fbinding-android-arm64 188ms (cache miss)
3213 silly packumentCache full:https://registry.npmjs.org/@rolldown%2fbinding-android-arm64 set size:undefined disposed:false
3214 silly fetch manifest @rolldown/binding-win32-x64-msvc@1.2.1
3215 silly packumentCache full:https://registry.npmjs.org/@rolldown%2fbinding-win32-x64-msvc cache-miss
3216 http fetch GET 200 https://registry.npmjs.org/@rolldown%2fbinding-freebsd-x64 340ms (cache miss)
3217 silly packumentCache full:https://registry.npmjs.org/@rolldown%2fbinding-freebsd-x64 set size:undefined disposed:false
3218 silly fetch manifest @rolldown/binding-linux-arm64-gnu@1.2.1
3219 silly packumentCache full:https://registry.npmjs.org/@rolldown%2fbinding-linux-arm64-gnu cache-miss
3220 http fetch GET 200 https://registry.npmjs.org/@rolldown%2fbinding-darwin-x64 452ms (cache miss)
3221 silly packumentCache full:https://registry.npmjs.org/@rolldown%2fbinding-darwin-x64 set size:undefined disposed:false
3222 silly fetch manifest @rolldown/binding-linux-ppc64-gnu@1.2.1
3223 silly packumentCache full:https://registry.npmjs.org/@rolldown%2fbinding-linux-ppc64-gnu cache-miss
3224 http fetch GET 200 https://registry.npmjs.org/@rolldown%2fbinding-darwin-arm64 521ms (cache miss)
3225 silly packumentCache full:https://registry.npmjs.org/@rolldown%2fbinding-darwin-arm64 set size:undefined disposed:false
3226 silly fetch manifest @rolldown/binding-linux-s390x-gnu@1.2.1
3227 silly packumentCache full:https://registry.npmjs.org/@rolldown%2fbinding-linux-s390x-gnu cache-miss
3228 http fetch GET 200 https://registry.npmjs.org/@rolldown%2fbinding-linux-ppc64-gnu 183ms (cache miss)
3229 silly packumentCache full:https://registry.npmjs.org/@rolldown%2fbinding-linux-ppc64-gnu set size:undefined disposed:false
3230 silly fetch manifest @rolldown/binding-linux-arm64-musl@1.2.1
3231 silly packumentCache full:https://registry.npmjs.org/@rolldown%2fbinding-linux-arm64-musl cache-miss
3232 http fetch GET 200 https://registry.npmjs.org/@rolldown%2fbinding-linux-x64-gnu 617ms (cache miss)
3233 silly packumentCache full:https://registry.npmjs.org/@rolldown%2fbinding-linux-x64-gnu set size:undefined disposed:false
3234 silly fetch manifest @rolldown/binding-win32-arm64-msvc@1.2.1
3235 silly packumentCache full:https://registry.npmjs.org/@rolldown%2fbinding-win32-arm64-msvc cache-miss
3236 http fetch GET 200 https://registry.npmjs.org/@rolldown%2fbinding-linux-x64-musl 673ms (cache miss)
3237 silly packumentCache full:https://registry.npmjs.org/@rolldown%2fbinding-linux-x64-musl set size:undefined disposed:false
3238 silly fetch manifest @rolldown/binding-openharmony-arm64@1.2.1
3239 silly packumentCache full:https://registry.npmjs.org/@rolldown%2fbinding-openharmony-arm64 cache-miss
3240 http fetch GET 200 https://registry.npmjs.org/@rolldown%2fbinding-linux-s390x-gnu 343ms (cache miss)
3241 silly packumentCache full:https://registry.npmjs.org/@rolldown%2fbinding-linux-s390x-gnu set size:undefined disposed:false
3242 silly fetch manifest @rolldown/binding-linux-arm-gnueabihf@1.2.1
3243 silly packumentCache full:https://registry.npmjs.org/@rolldown%2fbinding-linux-arm-gnueabihf cache-miss
3244 http fetch GET 200 https://registry.npmjs.org/@rolldown%2fbinding-win32-x64-msvc 754ms (cache miss)
3245 silly packumentCache full:https://registry.npmjs.org/@rolldown%2fbinding-win32-x64-msvc set size:undefined disposed:false
3246 http fetch GET 200 https://registry.npmjs.org/@rolldown%2fbinding-wasm32-wasi 1168ms (cache miss)
3247 silly packumentCache full:https://registry.npmjs.org/@rolldown%2fbinding-wasm32-wasi set size:undefined disposed:false
3248 http fetch GET 200 https://registry.npmjs.org/@rolldown%2fbinding-linux-arm64-gnu 861ms (cache miss)
3249 silly packumentCache full:https://registry.npmjs.org/@rolldown%2fbinding-linux-arm64-gnu set size:undefined disposed:false
3250 http fetch GET 200 https://registry.npmjs.org/@rolldown%2fbinding-openharmony-arm64 388ms (cache miss)
3251 silly packumentCache full:https://registry.npmjs.org/@rolldown%2fbinding-openharmony-arm64 set size:undefined disposed:false
3252 http fetch GET 200 https://registry.npmjs.org/@rolldown%2fbinding-win32-arm64-msvc 584ms (cache miss)
3253 silly packumentCache full:https://registry.npmjs.org/@rolldown%2fbinding-win32-arm64-msvc set size:undefined disposed:false
3254 http fetch GET 200 https://registry.npmjs.org/@rolldown%2fbinding-linux-arm64-musl 753ms (cache miss)
3255 silly packumentCache full:https://registry.npmjs.org/@rolldown%2fbinding-linux-arm64-musl set size:undefined disposed:false
3256 http fetch GET 200 https://registry.npmjs.org/@rolldown%2fbinding-linux-arm-gnueabihf 519ms (cache miss)
3257 silly packumentCache full:https://registry.npmjs.org/@rolldown%2fbinding-linux-arm-gnueabihf set size:undefined disposed:false
3258 silly placeDep ROOT httpxy@0.5.5 OK for: env-runner@0.1.16 want: ^0.5.4
3259 silly placeDep ROOT ocache@0.3.0 REPLACE for: h3@2.0.1-rc.32 want: >=0.3.0
3260 silly placeDep node_modules/h3 rou3@0.9.2 OK for: h3@2.0.1-rc.32 want: ^0.9.2
3261 silly placeDep node_modules/h3 srvx@1.0.5 OK for: h3@2.0.1-rc.32 want: ^1.0.5
3262 silly placeDep node_modules/nitro ocache@0.1.5 OK for: nitro@3.0.260603-beta want: ^0.1.4
3263 silly placeDep ROOT deep-is@0.1.4 OK for: optionator@0.9.4 want: ^0.1.3
3264 silly placeDep ROOT fast-levenshtein@2.0.6 OK for: optionator@0.9.4 want: ^2.0.6
3265 silly placeDep ROOT word-wrap@1.2.5 OK for: optionator@0.9.4 want: ^1.2.5
3266 silly placeDep ROOT @oxc-parser/binding-android-arm-eabi@0.120.0 OK for: oxc-parser@0.120.0 want: 0.120.0
3267 silly placeDep ROOT @oxc-parser/binding-android-arm64@0.120.0 OK for: oxc-parser@0.120.0 want: 0.120.0
3268 silly placeDep ROOT @oxc-parser/binding-darwin-arm64@0.120.0 OK for: oxc-parser@0.120.0 want: 0.120.0
3269 silly placeDep ROOT @oxc-parser/binding-darwin-x64@0.120.0 OK for: oxc-parser@0.120.0 want: 0.120.0
3270 silly placeDep ROOT @oxc-parser/binding-freebsd-x64@0.120.0 OK for: oxc-parser@0.120.0 want: 0.120.0
3271 silly placeDep ROOT @oxc-parser/binding-linux-arm-gnueabihf@0.120.0 OK for: oxc-parser@0.120.0 want: 0.120.0
3272 silly placeDep ROOT @oxc-parser/binding-linux-arm-musleabihf@0.120.0 OK for: oxc-parser@0.120.0 want: 0.120.0
3273 silly placeDep ROOT @oxc-parser/binding-linux-arm64-gnu@0.120.0 OK for: oxc-parser@0.120.0 want: 0.120.0
3274 silly placeDep ROOT @oxc-parser/binding-linux-arm64-musl@0.120.0 OK for: oxc-parser@0.120.0 want: 0.120.0
3275 silly placeDep ROOT @oxc-parser/binding-linux-ppc64-gnu@0.120.0 OK for: oxc-parser@0.120.0 want: 0.120.0
3276 silly placeDep ROOT @oxc-parser/binding-linux-riscv64-gnu@0.120.0 OK for: oxc-parser@0.120.0 want: 0.120.0
3277 silly placeDep ROOT @oxc-parser/binding-linux-riscv64-musl@0.120.0 OK for: oxc-parser@0.120.0 want: 0.120.0
3278 silly placeDep ROOT @oxc-parser/binding-linux-s390x-gnu@0.120.0 OK for: oxc-parser@0.120.0 want: 0.120.0
3279 silly placeDep ROOT @oxc-parser/binding-linux-x64-gnu@0.120.0 OK for: oxc-parser@0.120.0 want: 0.120.0
3280 silly placeDep ROOT @oxc-parser/binding-linux-x64-musl@0.120.0 OK for: oxc-parser@0.120.0 want: 0.120.0
3281 silly placeDep ROOT @oxc-parser/binding-openharmony-arm64@0.120.0 OK for: oxc-parser@0.120.0 want: 0.120.0
3282 silly placeDep ROOT @oxc-parser/binding-wasm32-wasi@0.120.0 OK for: oxc-parser@0.120.0 want: 0.120.0
3283 silly placeDep ROOT @oxc-parser/binding-win32-arm64-msvc@0.120.0 OK for: oxc-parser@0.120.0 want: 0.120.0
3284 silly placeDep ROOT @oxc-parser/binding-win32-ia32-msvc@0.120.0 OK for: oxc-parser@0.120.0 want: 0.120.0
3285 silly placeDep ROOT @oxc-parser/binding-win32-x64-msvc@0.120.0 OK for: oxc-parser@0.120.0 want: 0.120.0
3286 silly placeDep ROOT @oxc-project/types@0.120.0 OK for: oxc-parser@0.120.0 want: ^0.120.0
3287 silly fetch manifest @napi-rs/wasm-runtime@^1.1.1
3288 silly packumentCache full:https://registry.npmjs.org/@napi-rs%2fwasm-runtime cache-miss
3289 http fetch GET 200 https://registry.npmjs.org/@napi-rs%2fwasm-runtime 110ms (cache miss)
3290 silly packumentCache full:https://registry.npmjs.org/@napi-rs%2fwasm-runtime set size:undefined disposed:false
3291 silly fetch manifest @emnapi/core@^1.7.1 || ^2.0.0-alpha.4
3292 silly packumentCache full:https://registry.npmjs.org/@emnapi%2fcore cache-miss
3293 http fetch GET 200 https://registry.npmjs.org/@emnapi%2fcore 145ms (cache miss)
3294 silly packumentCache full:https://registry.npmjs.org/@emnapi%2fcore set size:undefined disposed:false
3295 silly fetch manifest @emnapi/runtime@^1.7.1 || ^2.0.0-alpha.4
3296 silly packumentCache full:https://registry.npmjs.org/@emnapi%2fruntime cache-miss
3297 http fetch GET 200 https://registry.npmjs.org/@emnapi%2fruntime 130ms (cache revalidated)
3298 silly packumentCache full:https://registry.npmjs.org/@emnapi%2fruntime set size:127256 disposed:false
3299 silly placeDep ROOT @napi-rs/wasm-runtime@1.2.4 OK for: @oxc-parser/binding-wasm32-wasi@0.120.0 want: ^1.1.1
3300 silly placeDep ROOT @emnapi/core@1.11.3 OK for: @napi-rs/wasm-runtime@1.2.4 want: ^1.7.1 || ^2.0.0-alpha.4
3301 silly placeDep ROOT @emnapi/runtime@1.11.3 OK for: @napi-rs/wasm-runtime@1.2.4 want: ^1.7.1 || ^2.0.0-alpha.4
3302 silly fetch manifest @tybys/wasm-util@^0.10.3
3303 silly packumentCache full:https://registry.npmjs.org/@tybys%2fwasm-util cache-miss
3304 silly fetch manifest @emnapi/wasi-threads@1.2.3
3305 silly packumentCache full:https://registry.npmjs.org/@emnapi%2fwasi-threads cache-miss
3306 http fetch GET 200 https://registry.npmjs.org/@emnapi%2fwasi-threads 128ms (cache miss)
3307 silly packumentCache full:https://registry.npmjs.org/@emnapi%2fwasi-threads set size:undefined disposed:false
3308 http fetch GET 200 https://registry.npmjs.org/@tybys%2fwasm-util 336ms (cache miss)
3309 silly packumentCache full:https://registry.npmjs.org/@tybys%2fwasm-util set size:undefined disposed:false
3310 silly placeDep ROOT @emnapi/wasi-threads@1.2.3 OK for: @emnapi/core@1.11.3 want: 1.2.3
3311 silly placeDep ROOT @tybys/wasm-util@0.10.4 OK for: @napi-rs/wasm-runtime@1.2.4 want: ^0.10.3
3312 silly placeDep ROOT p-limit@3.1.0 OK for: p-locate@5.0.0 want: ^3.0.2
3313 silly fetch manifest yocto-queue@^0.1.0
3314 silly packumentCache full:https://registry.npmjs.org/yocto-queue cache-miss
3315 http fetch GET 200 https://registry.npmjs.org/yocto-queue 106ms (cache miss)
3316 silly packumentCache full:https://registry.npmjs.org/yocto-queue set size:undefined disposed:false
3317 silly placeDep ROOT yocto-queue@0.1.0 OK for: p-limit@3.1.0 want: ^0.1.0
3318 silly placeDep ROOT callsites@3.1.0 OK for: parent-module@1.0.1 want: ^3.0.0
3319 silly placeDep ROOT fast-diff@1.3.0 OK for: prettier-linter-helpers@1.0.1 want: ^1.1.2
3320 silly placeDep ROOT @date-fns/tz@1.5.0 OK for: react-day-picker@9.14.0 want: ^1.4.1
3321 silly placeDep ROOT @tabby_ai/hijri-converter@1.0.5 OK for: react-day-picker@9.14.0 want: 1.0.5
3322 silly placeDep ROOT date-fns-jalali@4.1.0-0 OK for: react-day-picker@9.14.0 want: 4.1.0-0
3323 silly placeDep ROOT scheduler@0.28.0 OK for: react-dom@19.3.0 want: ^0.28.0
3324 silly fetch manifest react@^16.8.0 || ^17.0.0 || ^18.0.0 || ^19.0.0 || ^19.0.0-rc
3325 silly packumentCache full:https://registry.npmjs.org/react cache-miss
3326 http cache https://registry.npmjs.org/react 97ms (cache hit)
3327 silly packumentCache full:https://registry.npmjs.org/react set size:6992208 disposed:false
3328 silly placeDep ROOT react-remove-scroll-bar@2.3.8 OK for: react-remove-scroll@2.7.2 want: ^2.3.7
3329 silly placeDep ROOT react-style-singleton@2.2.3 OK for: react-remove-scroll@2.7.2 want: ^2.2.3
3330 silly placeDep ROOT use-callback-ref@1.3.3 OK for: react-remove-scroll@2.7.2 want: ^1.3.3
3331 silly placeDep ROOT use-sidecar@1.1.3 OK for: react-remove-scroll@2.7.2 want: ^1.1.3
3332 silly fetch manifest react-style-singleton@^2.2.2
3333 silly packumentCache full:https://registry.npmjs.org/react-style-singleton cache-miss
3334 silly fetch manifest get-nonce@^1.0.0
3335 silly packumentCache full:https://registry.npmjs.org/get-nonce cache-miss
3336 silly fetch manifest detect-node-es@^1.1.0
3337 silly packumentCache full:https://registry.npmjs.org/detect-node-es cache-miss
3338 http cache https://registry.npmjs.org/react-style-singleton 41ms (cache hit)
3339 silly packumentCache full:https://registry.npmjs.org/react-style-singleton set size:33682 disposed:false
3340 http fetch GET 200 https://registry.npmjs.org/get-nonce 91ms (cache miss)
3341 silly packumentCache full:https://registry.npmjs.org/get-nonce set size:undefined disposed:false
3342 http fetch GET 200 https://registry.npmjs.org/detect-node-es 205ms (cache miss)
3343 silly packumentCache full:https://registry.npmjs.org/detect-node-es set size:undefined disposed:false
3344 silly placeDep ROOT get-nonce@1.0.1 OK for: react-style-singleton@2.2.3 want: ^1.0.0
3345 silly fetch manifest react@^16.0.0 || ^17.0.0 || ^18.0.0 || ^19.0.0
3346 silly packumentCache full:https://registry.npmjs.org/react cache-miss
3347 http cache https://registry.npmjs.org/react 95ms (cache hit)
3348 silly packumentCache full:https://registry.npmjs.org/react set size:6992208 disposed:false
3349 silly fetch manifest react-dom@^16.0.0 || ^17.0.0 || ^18.0.0 || ^19.0.0
3350 silly packumentCache full:https://registry.npmjs.org/react-dom cache-miss
3351 http cache https://registry.npmjs.org/react-dom 111ms (cache hit)
3352 silly packumentCache full:https://registry.npmjs.org/react-dom set size:9417009 disposed:false
3353 silly placeDep ROOT eventemitter3@4.0.7 OK for: recharts@2.15.4 want: ^4.0.1
3354 silly placeDep ROOT lodash@4.18.1 OK for: recharts@2.15.4 want: ^4.17.21
3355 silly placeDep ROOT react-is@18.3.1 OK for: recharts@2.15.4 want: ^18.3.1
3356 silly placeDep ROOT react-smooth@4.0.4 OK for: recharts@2.15.4 want: ^4.0.4
3357 silly placeDep ROOT recharts-scale@0.4.5 OK for: recharts@2.15.4 want: ^0.4.4
3358 silly placeDep ROOT tiny-invariant@1.3.3 OK for: recharts@2.15.4 want: ^1.3.1
3359 silly placeDep ROOT victory-vendor@36.9.2 OK for: recharts@2.15.4 want: ^36.6.8
3360 silly fetch manifest fast-equals@^5.0.1
3361 silly packumentCache full:https://registry.npmjs.org/fast-equals cache-miss
3362 silly fetch manifest prop-types@^15.8.1
3363 silly packumentCache full:https://registry.npmjs.org/prop-types cache-miss
3364 silly fetch manifest react-transition-group@^4.4.5
3365 silly packumentCache full:https://registry.npmjs.org/react-transition-group cache-miss
3366 silly fetch manifest decimal.js-light@^2.4.1
3367 silly packumentCache full:https://registry.npmjs.org/decimal.js-light cache-miss
3368 silly fetch manifest d3-ease@^3.0.1
3369 silly packumentCache full:https://registry.npmjs.org/d3-ease cache-miss
3370 silly fetch manifest d3-time@^3.0.0
3371 silly packumentCache full:https://registry.npmjs.org/d3-time cache-miss
3372 silly fetch manifest d3-array@^3.1.6
3373 silly packumentCache full:https://registry.npmjs.org/d3-array cache-miss
3374 http fetch GET 200 https://registry.npmjs.org/decimal.js-light 316ms (cache miss)
3375 silly packumentCache full:https://registry.npmjs.org/decimal.js-light set size:undefined disposed:false
3376 silly fetch manifest d3-scale@^4.0.2
3377 silly packumentCache full:https://registry.npmjs.org/d3-scale cache-miss
3378 http fetch GET 200 https://registry.npmjs.org/prop-types 341ms (cache miss)
3379 silly packumentCache full:https://registry.npmjs.org/prop-types set size:undefined disposed:false
3380 silly fetch manifest d3-shape@^3.1.0
3381 silly packumentCache full:https://registry.npmjs.org/d3-shape cache-miss
3382 http fetch GET 200 https://registry.npmjs.org/d3-ease 363ms (cache miss)
3383 silly packumentCache full:https://registry.npmjs.org/d3-ease set size:undefined disposed:false
3384 silly fetch manifest d3-timer@^3.0.1
3385 silly packumentCache full:https://registry.npmjs.org/d3-timer cache-miss
3386 http fetch GET 200 https://registry.npmjs.org/react-transition-group 432ms (cache miss)
3387 silly packumentCache full:https://registry.npmjs.org/react-transition-group set size:undefined disposed:false
3388 silly fetch manifest @types/d3-ease@^3.0.0
3389 silly packumentCache full:https://registry.npmjs.org/@types%2fd3-ease cache-miss
3390 http fetch GET 200 https://registry.npmjs.org/d3-time 471ms (cache miss)
3391 silly packumentCache full:https://registry.npmjs.org/d3-time set size:undefined disposed:false
3392 silly fetch manifest @types/d3-time@^3.0.0
3393 silly packumentCache full:https://registry.npmjs.org/@types%2fd3-time cache-miss
3394 http fetch GET 200 https://registry.npmjs.org/d3-array 530ms (cache miss)
3395 silly packumentCache full:https://registry.npmjs.org/d3-array set size:undefined disposed:false
3396 silly fetch manifest d3-interpolate@^3.0.1
3397 silly packumentCache full:https://registry.npmjs.org/d3-interpolate cache-miss
3398 http fetch GET 200 https://registry.npmjs.org/fast-equals 665ms (cache miss)
3399 silly packumentCache full:https://registry.npmjs.org/fast-equals set size:undefined disposed:false
3400 silly fetch manifest @types/d3-array@^3.0.3
3401 silly packumentCache full:https://registry.npmjs.org/@types%2fd3-array cache-miss
3402 http fetch GET 200 https://registry.npmjs.org/d3-timer 405ms (cache miss)
3403 silly packumentCache full:https://registry.npmjs.org/d3-timer set size:undefined disposed:false
3404 silly fetch manifest @types/d3-scale@^4.0.2
3405 silly packumentCache full:https://registry.npmjs.org/@types%2fd3-scale cache-miss
3406 http fetch GET 200 https://registry.npmjs.org/d3-shape 526ms (cache miss)
3407 silly packumentCache full:https://registry.npmjs.org/d3-shape set size:undefined disposed:false
3408 silly fetch manifest @types/d3-shape@^3.1.0
3409 silly packumentCache full:https://registry.npmjs.org/@types%2fd3-shape cache-miss
3410 http fetch GET 200 https://registry.npmjs.org/d3-scale 739ms (cache miss)
3411 silly packumentCache full:https://registry.npmjs.org/d3-scale set size:undefined disposed:false
3412 silly fetch manifest @types/d3-timer@^3.0.0
3413 silly packumentCache full:https://registry.npmjs.org/@types%2fd3-timer cache-miss
3414 http fetch GET 200 https://registry.npmjs.org/@types%2fd3-ease 723ms (cache miss)
3415 silly packumentCache full:https://registry.npmjs.org/@types%2fd3-ease set size:undefined disposed:false
3416 silly fetch manifest @types/d3-interpolate@^3.0.1
3417 silly packumentCache full:https://registry.npmjs.org/@types%2fd3-interpolate cache-miss
3418 http fetch GET 200 https://registry.npmjs.org/@types%2fd3-time 717ms (cache miss)
3419 silly packumentCache full:https://registry.npmjs.org/@types%2fd3-time set size:undefined disposed:false
3420 http fetch GET 200 https://registry.npmjs.org/@types%2fd3-array 504ms (cache miss)
3421 silly packumentCache full:https://registry.npmjs.org/@types%2fd3-array set size:undefined disposed:false
3422 http fetch GET 200 https://registry.npmjs.org/d3-interpolate 682ms (cache miss)
3423 silly packumentCache full:https://registry.npmjs.org/d3-interpolate set size:undefined disposed:false
3424 http fetch GET 200 https://registry.npmjs.org/@types%2fd3-scale 468ms (cache miss)
3425 silly packumentCache full:https://registry.npmjs.org/@types%2fd3-scale set size:undefined disposed:false
3426 http fetch GET 200 https://registry.npmjs.org/@types%2fd3-shape 347ms (cache miss)
3427 silly packumentCache full:https://registry.npmjs.org/@types%2fd3-shape set size:undefined disposed:false
3428 http fetch GET 200 https://registry.npmjs.org/@types%2fd3-timer 682ms (cache miss)
3429 silly packumentCache full:https://registry.npmjs.org/@types%2fd3-timer set size:undefined disposed:false
3430 http fetch GET 200 https://registry.npmjs.org/@types%2fd3-interpolate 672ms (cache miss)
3431 silly packumentCache full:https://registry.npmjs.org/@types%2fd3-interpolate set size:undefined disposed:false
3432 silly fetch manifest react-dom@^16.8.0 || ^17.0.0 || ^18.0.0 || ^19.0.0
3433 silly packumentCache full:https://registry.npmjs.org/react-dom cache-miss
3434 http cache https://registry.npmjs.org/react-dom 115ms (cache hit)
3435 silly packumentCache full:https://registry.npmjs.org/react-dom set size:9417009 disposed:false
3436 silly placeDep ROOT fast-equals@5.4.2 OK for: react-smooth@4.0.4 want: ^5.0.1
3437 silly placeDep ROOT prop-types@15.8.1 OK for: react-smooth@4.0.4 want: ^15.8.1
3438 silly placeDep ROOT react-transition-group@4.4.5 OK for: react-smooth@4.0.4 want: ^4.4.5
3439 silly fetch manifest loose-envify@^1.4.0
3440 silly packumentCache full:https://registry.npmjs.org/loose-envify cache-miss
3441 silly fetch manifest object-assign@^4.1.1
3442 silly packumentCache full:https://registry.npmjs.org/object-assign cache-miss
3443 silly fetch manifest react-is@^16.13.1
3444 silly packumentCache full:https://registry.npmjs.org/react-is cache-miss
3445 silly fetch manifest @babel/runtime@^7.5.5
3446 silly packumentCache full:https://registry.npmjs.org/@babel%2fruntime cache-miss
3447 silly fetch manifest dom-helpers@^5.0.1
3448 silly packumentCache full:https://registry.npmjs.org/dom-helpers cache-miss
3449 silly fetch manifest loose-envify@^1.4.0
3450 silly packumentCache full:https://registry.npmjs.org/loose-envify cache-miss
3451 http fetch GET 200 https://registry.npmjs.org/dom-helpers 138ms (cache miss)
3452 silly packumentCache full:https://registry.npmjs.org/dom-helpers set size:undefined disposed:false
3453 http cache https://registry.npmjs.org/react-is 196ms (cache hit)
3454 silly packumentCache full:https://registry.npmjs.org/react-is set size:5659369 disposed:false
3455 http fetch GET 200 https://registry.npmjs.org/object-assign 509ms (cache revalidated)
3456 silly packumentCache full:https://registry.npmjs.org/object-assign set size:28988 disposed:false
3457 http fetch GET 200 https://registry.npmjs.org/loose-envify 529ms (cache revalidated)
3458 silly packumentCache full:https://registry.npmjs.org/loose-envify set size:12559 disposed:false
3459 http fetch GET 200 https://registry.npmjs.org/loose-envify 533ms (cache revalidated)
3460 silly packumentCache full:https://registry.npmjs.org/loose-envify set size:12559 disposed:false
3461 silly packumentCache full:https://registry.npmjs.org/loose-envify dispose
3462 http fetch GET 200 https://registry.npmjs.org/@babel%2fruntime 834ms (cache updated)
3463 silly packumentCache full:https://registry.npmjs.org/@babel%2fruntime set size:undefined disposed:false
3464 silly placeDep ROOT loose-envify@1.4.0 OK for: prop-types@15.8.1 want: ^1.4.0
3465 silly placeDep ROOT object-assign@4.1.1 OK for: prop-types@15.8.1 want: ^4.1.1
3466 silly placeDep node_modules/prop-types react-is@16.13.1 OK for: prop-types@15.8.1 want: ^16.13.1
3467 silly placeDep ROOT @babel/runtime@7.29.7 OK for: react-transition-group@4.4.5 want: ^7.5.5
3468 silly placeDep ROOT dom-helpers@5.2.1 OK for: react-transition-group@4.4.5 want: ^5.0.1
3469 silly placeDep ROOT decimal.js-light@2.5.1 OK for: recharts-scale@0.4.5 want: ^2.4.1
3470 silly placeDep node_modules/rolldown @oxc-project/types@0.142.0 OK for: rolldown@1.2.1 want: =0.142.0
3471 silly placeDep ROOT @rolldown/binding-android-arm64@1.2.1 OK for: rolldown@1.2.1 want: 1.2.1
3472 silly placeDep ROOT @rolldown/binding-darwin-arm64@1.2.1 OK for: rolldown@1.2.1 want: 1.2.1
3473 silly placeDep ROOT @rolldown/binding-darwin-x64@1.2.1 OK for: rolldown@1.2.1 want: 1.2.1
3474 silly placeDep ROOT @rolldown/binding-freebsd-x64@1.2.1 OK for: rolldown@1.2.1 want: 1.2.1
3475 silly placeDep ROOT @rolldown/binding-linux-arm-gnueabihf@1.2.1 OK for: rolldown@1.2.1 want: 1.2.1
3476 silly placeDep ROOT @rolldown/binding-linux-arm64-gnu@1.2.1 OK for: rolldown@1.2.1 want: 1.2.1
3477 silly placeDep ROOT @rolldown/binding-linux-arm64-musl@1.2.1 OK for: rolldown@1.2.1 want: 1.2.1
3478 silly placeDep ROOT @rolldown/binding-linux-ppc64-gnu@1.2.1 OK for: rolldown@1.2.1 want: 1.2.1
3479 silly placeDep ROOT @rolldown/binding-linux-s390x-gnu@1.2.1 OK for: rolldown@1.2.1 want: 1.2.1
3480 silly placeDep ROOT @rolldown/binding-linux-x64-gnu@1.2.1 OK for: rolldown@1.2.1 want: 1.2.1
3481 silly placeDep ROOT @rolldown/binding-linux-x64-musl@1.2.1 OK for: rolldown@1.2.1 want: 1.2.1
3482 silly placeDep ROOT @rolldown/binding-openharmony-arm64@1.2.1 OK for: rolldown@1.2.1 want: 1.2.1
3483 silly placeDep ROOT @rolldown/binding-wasm32-wasi@1.2.1 OK for: rolldown@1.2.1 want: 1.2.1
3484 silly placeDep ROOT @rolldown/binding-win32-arm64-msvc@1.2.1 OK for: rolldown@1.2.1 want: 1.2.1
3485 silly placeDep ROOT @rolldown/binding-win32-x64-msvc@1.2.1 OK for: rolldown@1.2.1 want: 1.2.1
3486 silly placeDep node_modules/rolldown @rolldown/pluginutils@1.0.1 OK for: rolldown@1.2.1 want: ^1.0.0
3487 silly fetch manifest @emnapi/core@2.0.0-alpha.3
3488 silly packumentCache full:https://registry.npmjs.org/@emnapi%2fcore cache-miss
3489 silly fetch manifest @emnapi/runtime@2.0.0-alpha.3
3490 silly packumentCache full:https://registry.npmjs.org/@emnapi%2fruntime cache-hit
3491 http cache https://registry.npmjs.org/@emnapi%2fcore 24ms (cache hit)
3492 silly packumentCache full:https://registry.npmjs.org/@emnapi%2fcore set size:126418 disposed:false
3493 silly placeDep node_modules/@rolldown/binding-wasm32-wasi @emnapi/core@2.0.0-alpha.3 OK for: @rolldown/binding-wasm32-wasi@1.2.1 want: 2.0.0-alpha.3
3494 silly placeDep node_modules/@rolldown/binding-wasm32-wasi @emnapi/runtime@2.0.0-alpha.3 OK for: @rolldown/binding-wasm32-wasi@1.2.1 want: 2.0.0-alpha.3
3495 silly fetch manifest @emnapi/wasi-threads@2.0.1
3496 silly packumentCache full:https://registry.npmjs.org/@emnapi%2fwasi-threads cache-miss
3497 http cache https://registry.npmjs.org/@emnapi%2fwasi-threads 12ms (cache hit)
3498 silly packumentCache full:https://registry.npmjs.org/@emnapi%2fwasi-threads set size:35327 disposed:false
3499 silly placeDep ROOT shebang-regex@3.0.0 OK for: shebang-command@2.0.0 want: ^3.0.0
3500 silly placeDep ROOT buffer-from@1.1.2 OK for: source-map-support@0.5.21 want: ^1.0.0
3501 silly placeDep node_modules/source-map-support source-map@0.6.1 OK for: source-map-support@0.5.21 want: ^0.6.0
3502 silly placeDep ROOT @pkgr/core@0.3.6 OK for: synckit@0.11.13 want: ^0.3.6
3503 silly fetch manifest picomatch@^4.0.4
3504 silly packumentCache full:https://registry.npmjs.org/picomatch cache-hit
3505 silly placeDep ROOT fdir@6.5.0 OK for: tinyglobby@0.2.17 want: ^6.5.0
3506 silly placeDep node_modules/tsx esbuild@0.28.2 OK for: tsx@4.23.13 want: ~0.28.0
3507 silly placeDep ROOT fsevents@2.3.3 OK for: tsx@4.23.13 want: ~2.3.3
3508 silly fetch manifest @esbuild/aix-ppc64@0.28.2
3509 silly packumentCache full:https://registry.npmjs.org/@esbuild%2faix-ppc64 cache-miss
3510 silly fetch manifest @esbuild/linux-arm@0.28.2
3511 silly packumentCache full:https://registry.npmjs.org/@esbuild%2flinux-arm cache-hit
3512 silly fetch manifest @esbuild/linux-x64@0.28.2
3513 silly packumentCache full:https://registry.npmjs.org/@esbuild%2flinux-x64 cache-hit
3514 silly fetch manifest @esbuild/sunos-x64@0.28.2
3515 silly packumentCache full:https://registry.npmjs.org/@esbuild%2fsunos-x64 cache-hit
3516 silly fetch manifest @esbuild/win32-x64@0.28.2
3517 silly packumentCache full:https://registry.npmjs.org/@esbuild%2fwin32-x64 cache-hit
3518 silly fetch manifest @esbuild/darwin-x64@0.28.2
3519 silly packumentCache full:https://registry.npmjs.org/@esbuild%2fdarwin-x64 cache-hit
3520 silly fetch manifest @esbuild/linux-ia32@0.28.2
3521 silly packumentCache full:https://registry.npmjs.org/@esbuild%2flinux-ia32 cache-hit
3522 silly fetch manifest @esbuild/netbsd-x64@0.28.2
3523 silly packumentCache full:https://registry.npmjs.org/@esbuild%2fnetbsd-x64 cache-hit
3524 silly fetch manifest @esbuild/win32-ia32@0.28.2
3525 silly packumentCache full:https://registry.npmjs.org/@esbuild%2fwin32-ia32 cache-hit
3526 silly fetch manifest @esbuild/android-arm@0.28.2
3527 silly packumentCache full:https://registry.npmjs.org/@esbuild%2fandroid-arm cache-hit
3528 silly fetch manifest @esbuild/android-x64@0.28.2
3529 silly packumentCache full:https://registry.npmjs.org/@esbuild%2fandroid-x64 cache-hit
3530 silly fetch manifest @esbuild/freebsd-x64@0.28.2
3531 silly packumentCache full:https://registry.npmjs.org/@esbuild%2ffreebsd-x64 cache-hit
3532 silly fetch manifest @esbuild/linux-arm64@0.28.2
3533 silly packumentCache full:https://registry.npmjs.org/@esbuild%2flinux-arm64 cache-hit
3534 silly fetch manifest @esbuild/linux-ppc64@0.28.2
3535 silly packumentCache full:https://registry.npmjs.org/@esbuild%2flinux-ppc64 cache-hit
3536 silly fetch manifest @esbuild/linux-s390x@0.28.2
3537 silly packumentCache full:https://registry.npmjs.org/@esbuild%2flinux-s390x cache-hit
3538 silly fetch manifest @esbuild/openbsd-x64@0.28.2
3539 silly packumentCache full:https://registry.npmjs.org/@esbuild%2fopenbsd-x64 cache-hit
3540 silly fetch manifest @esbuild/win32-arm64@0.28.2
3541 silly packumentCache full:https://registry.npmjs.org/@esbuild%2fwin32-arm64 cache-hit
3542 silly fetch manifest @esbuild/darwin-arm64@0.28.2
3543 silly packumentCache full:https://registry.npmjs.org/@esbuild%2fdarwin-arm64 cache-hit
3544 silly fetch manifest @esbuild/netbsd-arm64@0.28.2
3545 silly packumentCache full:https://registry.npmjs.org/@esbuild%2fnetbsd-arm64 cache-miss
3546 silly fetch manifest @esbuild/android-arm64@0.28.2
3547 silly packumentCache full:https://registry.npmjs.org/@esbuild%2fandroid-arm64 cache-hit
3548 silly fetch manifest @esbuild/freebsd-arm64@0.28.2
3549 silly packumentCache full:https://registry.npmjs.org/@esbuild%2ffreebsd-arm64 cache-hit
3550 silly fetch manifest @esbuild/linux-loong64@0.28.2
3551 silly packumentCache full:https://registry.npmjs.org/@esbuild%2flinux-loong64 cache-hit
3552 silly fetch manifest @esbuild/linux-riscv64@0.28.2
3553 silly packumentCache full:https://registry.npmjs.org/@esbuild%2flinux-riscv64 cache-hit
3554 silly fetch manifest @esbuild/openbsd-arm64@0.28.2
3555 silly packumentCache full:https://registry.npmjs.org/@esbuild%2fopenbsd-arm64 cache-miss
3556 silly fetch manifest @esbuild/linux-mips64el@0.28.2
3557 silly packumentCache full:https://registry.npmjs.org/@esbuild%2flinux-mips64el cache-hit
3558 silly fetch manifest @esbuild/openharmony-arm64@0.28.2
3559 silly packumentCache full:https://registry.npmjs.org/@esbuild%2fopenharmony-arm64 cache-miss
3560 http cache https://registry.npmjs.org/@esbuild%2fopenbsd-arm64 54ms (cache hit)
3561 silly packumentCache full:https://registry.npmjs.org/@esbuild%2fopenbsd-arm64 set size:49642 disposed:false
3562 http cache https://registry.npmjs.org/@esbuild%2faix-ppc64 154ms (cache hit)
3563 silly packumentCache full:https://registry.npmjs.org/@esbuild%2faix-ppc64 set size:67797 disposed:false
3564 http cache https://registry.npmjs.org/@esbuild%2fnetbsd-arm64 93ms (cache hit)
3565 silly packumentCache full:https://registry.npmjs.org/@esbuild%2fnetbsd-arm64 set size:44308 disposed:false
3566 http cache https://registry.npmjs.org/@esbuild%2fopenharmony-arm64 58ms (cache hit)
3567 silly packumentCache full:https://registry.npmjs.org/@esbuild%2fopenharmony-arm64 set size:33054 disposed:false
3568 silly fetch manifest eslint@^8.57.0 || ^9.0.0 || ^10.0.0
3569 silly packumentCache full:https://registry.npmjs.org/eslint cache-miss
3570 http cache https://registry.npmjs.org/eslint 46ms (cache hit)
3571 silly packumentCache full:https://registry.npmjs.org/eslint set size:2077457 disposed:false
3572 silly fetch manifest typescript@>=4.8.4 <6.1.0
3573 silly packumentCache full:https://registry.npmjs.org/typescript cache-miss
3574 http cache https://registry.npmjs.org/typescript 285ms (cache hit)
3575 silly packumentCache full:https://registry.npmjs.org/typescript set size:15685586 disposed:false
3576 silly placeDep ROOT @typescript-eslint/eslint-plugin@8.70.0 OK for: typescript-eslint@8.70.0 want: 8.70.0
3577 silly placeDep ROOT @typescript-eslint/parser@8.70.0 OK for: @typescript-eslint/eslint-plugin@8.70.0 want: ^8.70.0
3578 silly placeDep ROOT @typescript-eslint/typescript-estree@8.70.0 OK for: typescript-eslint@8.70.0 want: 8.70.0
3579 silly placeDep ROOT @typescript-eslint/utils@8.70.0 OK for: typescript-eslint@8.70.0 want: 8.70.0
3580 silly fetch manifest ignore@^7.0.5
3581 silly packumentCache full:https://registry.npmjs.org/ignore cache-miss
3582 silly fetch manifest ts-api-utils@^2.5.0
3583 silly packumentCache full:https://registry.npmjs.org/ts-api-utils cache-miss
3584 silly fetch manifest @typescript-eslint/type-utils@8.70.0
3585 silly packumentCache full:https://registry.npmjs.org/@typescript-eslint%2ftype-utils cache-miss
3586 silly fetch manifest @typescript-eslint/visitor-keys@8.70.0
3587 silly packumentCache full:https://registry.npmjs.org/@typescript-eslint%2fvisitor-keys cache-miss
3588 silly fetch manifest @typescript-eslint/scope-manager@8.70.0
3589 silly packumentCache full:https://registry.npmjs.org/@typescript-eslint%2fscope-manager cache-miss
3590 silly fetch manifest @typescript-eslint/types@8.70.0
3591 silly packumentCache full:https://registry.npmjs.org/@typescript-eslint%2ftypes cache-miss
3592 silly fetch manifest @typescript-eslint/visitor-keys@8.70.0
3593 silly packumentCache full:https://registry.npmjs.org/@typescript-eslint%2fvisitor-keys cache-miss
3594 http cache https://registry.npmjs.org/ignore 118ms (cache hit)
3595 silly packumentCache full:https://registry.npmjs.org/ignore set size:255101 disposed:false
3596 silly fetch manifest @typescript-eslint/scope-manager@8.70.0
3597 silly packumentCache full:https://registry.npmjs.org/@typescript-eslint%2fscope-manager cache-miss
3598 http fetch GET 200 https://registry.npmjs.org/ts-api-utils 464ms (cache miss)
3599 silly packumentCache full:https://registry.npmjs.org/ts-api-utils set size:undefined disposed:false
3600 silly fetch manifest semver@^7.7.3
3601 silly packumentCache full:https://registry.npmjs.org/semver cache-hit
3602 silly fetch manifest minimatch@^10.2.2
3603 silly packumentCache full:https://registry.npmjs.org/minimatch cache-hit
3604 silly fetch manifest @typescript-eslint/types@8.70.0
3605 silly packumentCache full:https://registry.npmjs.org/@typescript-eslint%2ftypes cache-miss
3606 http fetch GET 200 https://registry.npmjs.org/@typescript-eslint%2ftype-utils 3067ms (cache miss)
3607 silly packumentCache full:https://registry.npmjs.org/@typescript-eslint%2ftype-utils set size:undefined disposed:false
3608 silly fetch manifest @typescript-eslint/visitor-keys@8.70.0
3609 silly packumentCache full:https://registry.npmjs.org/@typescript-eslint%2fvisitor-keys cache-miss
3610 http fetch GET 200 https://registry.npmjs.org/@typescript-eslint%2fvisitor-keys 4094ms (cache miss)
3611 silly packumentCache full:https://registry.npmjs.org/@typescript-eslint%2fvisitor-keys set size:undefined disposed:false
3612 silly fetch manifest @typescript-eslint/tsconfig-utils@8.70.0
3613 silly packumentCache full:https://registry.npmjs.org/@typescript-eslint%2ftsconfig-utils cache-miss
3614 http fetch GET 200 https://registry.npmjs.org/@typescript-eslint%2fvisitor-keys 4882ms (cache miss)
3615 silly packumentCache full:https://registry.npmjs.org/@typescript-eslint%2fvisitor-keys set size:undefined disposed:false
3616 silly fetch manifest @typescript-eslint/project-service@8.70.0
3617 silly packumentCache full:https://registry.npmjs.org/@typescript-eslint%2fproject-service cache-miss
3618 http fetch GET 200 https://registry.npmjs.org/@typescript-eslint%2ftypes 5515ms (cache miss)
3619 silly packumentCache full:https://registry.npmjs.org/@typescript-eslint%2ftypes set size:undefined disposed:false
3620 silly fetch manifest @typescript-eslint/scope-manager@8.70.0
3621 silly packumentCache full:https://registry.npmjs.org/@typescript-eslint%2fscope-manager cache-miss
3622 http fetch GET 200 https://registry.npmjs.org/@typescript-eslint%2fscope-manager 6540ms (cache miss)
3623 silly packumentCache full:https://registry.npmjs.org/@typescript-eslint%2fscope-manager set size:undefined disposed:false
3624 http fetch GET 200 https://registry.npmjs.org/@typescript-eslint%2fscope-manager 7097ms (cache miss)
3625 silly packumentCache full:https://registry.npmjs.org/@typescript-eslint%2fscope-manager set size:undefined disposed:false
3626 http fetch GET 200 https://registry.npmjs.org/@typescript-eslint%2ftsconfig-utils 3361ms (cache miss)
3627 silly packumentCache full:https://registry.npmjs.org/@typescript-eslint%2ftsconfig-utils set size:undefined disposed:false
3628 http fetch GET 200 https://registry.npmjs.org/@typescript-eslint%2ftypes 7904ms (cache miss)
3629 silly packumentCache full:https://registry.npmjs.org/@typescript-eslint%2ftypes set size:undefined disposed:false
3630 http fetch GET 200 https://registry.npmjs.org/@typescript-eslint%2fproject-service 3651ms (cache miss)
3631 silly packumentCache full:https://registry.npmjs.org/@typescript-eslint%2fproject-service set size:undefined disposed:false
3632 http fetch GET 200 https://registry.npmjs.org/@typescript-eslint%2fvisitor-keys 6324ms (cache miss)
3633 silly packumentCache full:https://registry.npmjs.org/@typescript-eslint%2fvisitor-keys set size:undefined disposed:false
3634 http fetch GET 200 https://registry.npmjs.org/@typescript-eslint%2fscope-manager 4328ms (cache miss)
3635 silly packumentCache full:https://registry.npmjs.org/@typescript-eslint%2fscope-manager set size:undefined disposed:false
3636 silly placeDep ROOT @typescript-eslint/scope-manager@8.70.0 OK for: @typescript-eslint/eslint-plugin@8.70.0 want: 8.70.0
3637 silly placeDep ROOT @typescript-eslint/type-utils@8.70.0 OK for: @typescript-eslint/eslint-plugin@8.70.0 want: 8.70.0
3638 silly placeDep ROOT @typescript-eslint/visitor-keys@8.70.0 OK for: @typescript-eslint/eslint-plugin@8.70.0 want: 8.70.0
3639 silly placeDep node_modules/@typescript-eslint/eslint-plugin ignore@7.0.9 OK for: @typescript-eslint/eslint-plugin@8.70.0 want: ^7.0.5
3640 silly placeDep ROOT ts-api-utils@2.5.0 OK for: @typescript-eslint/eslint-plugin@8.70.0 want: ^2.5.0
3641 silly fetch manifest eslint-visitor-keys@^5.0.0
3642 silly packumentCache full:https://registry.npmjs.org/eslint-visitor-keys cache-hit
3643 silly placeDep ROOT @typescript-eslint/types@8.70.0 OK for: @typescript-eslint/parser@8.70.0 want: 8.70.0
3644 silly placeDep ROOT @typescript-eslint/project-service@8.70.0 OK for: @typescript-eslint/typescript-estree@8.70.0 want: 8.70.0
3645 silly placeDep ROOT @typescript-eslint/tsconfig-utils@8.70.0 OK for: @typescript-eslint/typescript-estree@8.70.0 want: 8.70.0
3646 silly placeDep node_modules/@typescript-eslint/typescript-estree minimatch@10.2.6 OK for: @typescript-eslint/typescript-estree@8.70.0 want: ^10.2.2
3647 silly placeDep node_modules/@typescript-eslint/typescript-estree semver@7.8.5 OK for: @typescript-eslint/typescript-estree@8.70.0 want: ^7.7.3
3648 silly fetch manifest @typescript-eslint/tsconfig-utils@^8.70.0
3649 silly packumentCache full:https://registry.npmjs.org/@typescript-eslint%2ftsconfig-utils cache-miss
3650 silly fetch manifest brace-expansion@^5.0.8
3651 silly packumentCache full:https://registry.npmjs.org/brace-expansion cache-miss
3652 http cache https://registry.npmjs.org/@typescript-eslint%2ftsconfig-utils 39ms (cache hit)
3653 silly packumentCache full:https://registry.npmjs.org/@typescript-eslint%2ftsconfig-utils set size:1889100 disposed:false
3654 http cache https://registry.npmjs.org/brace-expansion 151ms (cache hit)
3655 silly packumentCache full:https://registry.npmjs.org/brace-expansion set size:128514 disposed:false
3656 silly placeDep node_modules/@typescript-eslint/visitor-keys eslint-visitor-keys@5.0.1 OK for: @typescript-eslint/visitor-keys@8.70.0 want: ^5.0.0
3657 silly placeDep ROOT webpack-virtual-modules@0.6.2 OK for: unplugin@3.4.0 want: ^0.6.2
3658 silly placeDep ROOT escalade@3.2.0 OK for: update-browserslist-db@1.3.3 want: ^3.2.0
3659 silly placeDep ROOT detect-node-es@1.1.0 OK for: use-sidecar@1.1.3 want: ^1.1.0
3660 silly placeDep ROOT @types/d3-array@3.2.2 OK for: victory-vendor@36.9.2 want: ^3.0.3
3661 silly placeDep ROOT @types/d3-ease@3.0.2 OK for: victory-vendor@36.9.2 want: ^3.0.0
3662 silly placeDep ROOT @types/d3-interpolate@3.0.4 OK for: victory-vendor@36.9.2 want: ^3.0.1
3663 silly placeDep ROOT @types/d3-scale@4.0.9 OK for: victory-vendor@36.9.2 want: ^4.0.2
3664 silly placeDep ROOT @types/d3-shape@3.2.0 OK for: victory-vendor@36.9.2 want: ^3.1.0
3665 silly placeDep ROOT @types/d3-time@3.0.4 OK for: victory-vendor@36.9.2 want: ^3.0.0
3666 silly placeDep ROOT @types/d3-timer@3.0.2 OK for: victory-vendor@36.9.2 want: ^3.0.0
3667 silly placeDep ROOT d3-array@3.2.4 OK for: victory-vendor@36.9.2 want: ^3.1.6
3668 silly placeDep ROOT d3-ease@3.0.1 OK for: victory-vendor@36.9.2 want: ^3.0.1
3669 silly placeDep ROOT d3-interpolate@3.0.1 OK for: victory-vendor@36.9.2 want: ^3.0.1
3670 silly placeDep ROOT d3-scale@4.0.2 OK for: victory-vendor@36.9.2 want: ^4.0.2
3671 silly placeDep ROOT d3-shape@3.2.0 OK for: victory-vendor@36.9.2 want: ^3.1.0
3672 silly placeDep ROOT d3-time@3.1.0 OK for: victory-vendor@36.9.2 want: ^3.0.0
3673 silly placeDep ROOT d3-timer@3.0.1 OK for: victory-vendor@36.9.2 want: ^3.0.1
3674 silly fetch manifest @types/d3-color@*
3675 silly packumentCache full:https://registry.npmjs.org/@types%2fd3-color cache-miss
3676 silly fetch manifest @types/d3-time@*
3677 silly packumentCache full:https://registry.npmjs.org/@types%2fd3-time cache-miss
3678 silly fetch manifest @types/d3-path@*
3679 silly packumentCache full:https://registry.npmjs.org/@types%2fd3-path cache-miss
3680 silly fetch manifest internmap@1 - 2
3681 silly packumentCache full:https://registry.npmjs.org/internmap cache-miss
3682 silly fetch manifest d3-color@1 - 3
3683 silly packumentCache full:https://registry.npmjs.org/d3-color cache-miss
3684 silly fetch manifest d3-format@1 - 3
3685 silly packumentCache full:https://registry.npmjs.org/d3-format cache-miss
3686 silly fetch manifest d3-time@2.1.1 - 3
3687 silly packumentCache full:https://registry.npmjs.org/d3-time cache-miss
3688 http cache https://registry.npmjs.org/@types%2fd3-time 197ms (cache hit)
3689 silly packumentCache full:https://registry.npmjs.org/@types%2fd3-time set size:52652 disposed:false
3690 silly fetch manifest d3-time-format@2 - 4
3691 silly packumentCache full:https://registry.npmjs.org/d3-time-format cache-miss
3692 http cache https://registry.npmjs.org/d3-time 208ms (cache hit)
3693 silly packumentCache full:https://registry.npmjs.org/d3-time set size:150406 disposed:false
3694 silly fetch manifest d3-path@^3.1.0
3695 silly packumentCache full:https://registry.npmjs.org/d3-path cache-miss
3696 http fetch GET 200 https://registry.npmjs.org/@types%2fd3-path 329ms (cache miss)
3697 silly packumentCache full:https://registry.npmjs.org/@types%2fd3-path set size:undefined disposed:false
3698 http fetch GET 200 https://registry.npmjs.org/internmap 335ms (cache miss)
3699 silly packumentCache full:https://registry.npmjs.org/internmap set size:undefined disposed:false
3700 http fetch GET 200 https://registry.npmjs.org/@types%2fd3-color 364ms (cache miss)
3701 silly packumentCache full:https://registry.npmjs.org/@types%2fd3-color set size:undefined disposed:false
3702 http fetch GET 200 https://registry.npmjs.org/d3-format 376ms (cache miss)
3703 silly packumentCache full:https://registry.npmjs.org/d3-format set size:undefined disposed:false
3704 http fetch GET 200 https://registry.npmjs.org/d3-color 394ms (cache miss)
3705 silly packumentCache full:https://registry.npmjs.org/d3-color set size:undefined disposed:false
3706 http fetch GET 200 https://registry.npmjs.org/d3-time-format 301ms (cache miss)
3707 silly packumentCache full:https://registry.npmjs.org/d3-time-format set size:undefined disposed:false
3708 http fetch GET 200 https://registry.npmjs.org/d3-path 277ms (cache miss)
3709 silly packumentCache full:https://registry.npmjs.org/d3-path set size:undefined disposed:false
3710 silly placeDep ROOT @types/d3-color@3.1.3 OK for: @types/d3-interpolate@3.0.4 want: *
3711 silly placeDep ROOT @types/d3-path@3.1.1 OK for: @types/d3-shape@3.2.0 want: *
3712 silly placeDep ROOT internmap@2.0.3 OK for: d3-array@3.2.4 want: 1 - 2
3713 silly placeDep ROOT d3-color@3.1.0 OK for: d3-interpolate@3.0.1 want: 1 - 3
3714 silly placeDep ROOT d3-format@3.1.2 OK for: d3-scale@4.0.2 want: 1 - 3
3715 silly placeDep ROOT d3-time-format@4.1.0 OK for: d3-scale@4.0.2 want: 2 - 4
3716 silly placeDep ROOT d3-path@3.1.0 OK for: d3-shape@3.2.0 want: ^3.1.0
3717 silly placeDep ROOT esbuild@0.28.2 REPLACE for: vite@8.1.5 want: ^0.27.0 || ^0.28.0
3718 silly placeDep ROOT postcss@8.5.28 OK for: vite@8.1.5 want: ^8.5.17
3719 silly fetch manifest nanoid@^3.3.18
3720 silly packumentCache full:https://registry.npmjs.org/nanoid cache-miss
3721 http fetch GET 200 https://registry.npmjs.org/nanoid 174ms (cache updated)
3722 silly packumentCache full:https://registry.npmjs.org/nanoid set size:undefined disposed:false
3723 silly placeDep node_modules/drizzle-kit esbuild@0.25.12 OK for: drizzle-kit@0.31.10 want: ^0.25.4
3724 silly placeDep ROOT @esbuild/aix-ppc64@0.28.2 OK for: esbuild@0.28.2 want: 0.28.2
3725 silly placeDep ROOT @esbuild/android-arm@0.28.2 OK for: esbuild@0.28.2 want: 0.28.2
3726 silly placeDep ROOT @esbuild/android-arm64@0.28.2 OK for: esbuild@0.28.2 want: 0.28.2
3727 silly placeDep ROOT @esbuild/android-x64@0.28.2 OK for: esbuild@0.28.2 want: 0.28.2
3728 silly placeDep ROOT @esbuild/darwin-arm64@0.28.2 OK for: esbuild@0.28.2 want: 0.28.2
3729 silly placeDep ROOT @esbuild/darwin-x64@0.28.2 OK for: esbuild@0.28.2 want: 0.28.2
3730 silly placeDep ROOT @esbuild/freebsd-arm64@0.28.2 OK for: esbuild@0.28.2 want: 0.28.2
3731 silly placeDep ROOT @esbuild/freebsd-x64@0.28.2 OK for: esbuild@0.28.2 want: 0.28.2
3732 silly placeDep ROOT @esbuild/linux-arm@0.28.2 OK for: esbuild@0.28.2 want: 0.28.2
3733 silly placeDep ROOT @esbuild/linux-arm64@0.28.2 OK for: esbuild@0.28.2 want: 0.28.2
3734 silly placeDep ROOT @esbuild/linux-ia32@0.28.2 OK for: esbuild@0.28.2 want: 0.28.2
3735 silly placeDep ROOT @esbuild/linux-loong64@0.28.2 OK for: esbuild@0.28.2 want: 0.28.2
3736 silly placeDep ROOT @esbuild/linux-mips64el@0.28.2 OK for: esbuild@0.28.2 want: 0.28.2
3737 silly placeDep ROOT @esbuild/linux-ppc64@0.28.2 OK for: esbuild@0.28.2 want: 0.28.2
3738 silly placeDep ROOT @esbuild/linux-riscv64@0.28.2 OK for: esbuild@0.28.2 want: 0.28.2
3739 silly placeDep ROOT @esbuild/linux-s390x@0.28.2 OK for: esbuild@0.28.2 want: 0.28.2
3740 silly placeDep ROOT @esbuild/linux-x64@0.28.2 OK for: esbuild@0.28.2 want: 0.28.2
3741 silly placeDep ROOT @esbuild/netbsd-arm64@0.28.2 OK for: esbuild@0.28.2 want: 0.28.2
3742 silly placeDep ROOT @esbuild/netbsd-x64@0.28.2 OK for: esbuild@0.28.2 want: 0.28.2
3743 silly placeDep ROOT @esbuild/openbsd-arm64@0.28.2 OK for: esbuild@0.28.2 want: 0.28.2
3744 silly placeDep ROOT @esbuild/openbsd-x64@0.28.2 OK for: esbuild@0.28.2 want: 0.28.2
3745 silly placeDep ROOT @esbuild/openharmony-arm64@0.28.2 OK for: esbuild@0.28.2 want: 0.28.2
3746 silly placeDep ROOT @esbuild/sunos-x64@0.28.2 OK for: esbuild@0.28.2 want: 0.28.2
3747 silly placeDep ROOT @esbuild/win32-arm64@0.28.2 OK for: esbuild@0.28.2 want: 0.28.2
3748 silly placeDep ROOT @esbuild/win32-ia32@0.28.2 OK for: esbuild@0.28.2 want: 0.28.2
3749 silly placeDep ROOT @esbuild/win32-x64@0.28.2 OK for: esbuild@0.28.2 want: 0.28.2
3750 silly placeDep ROOT nanoid@3.3.19 OK for: postcss@8.5.28 want: ^3.3.18
3751 silly fetch manifest typescript@^5.0.0
3752 silly packumentCache full:https://registry.npmjs.org/typescript cache-miss
3753 http cache https://registry.npmjs.org/typescript 185ms (cache hit)
3754 silly packumentCache full:https://registry.npmjs.org/typescript set size:15685586 disposed:false
3755 silly placeDep ROOT globrex@0.1.2 OK for: vite-tsconfig-paths@6.1.1 want: ^0.1.2
3756 silly placeDep ROOT tsconfck@3.1.6 OK for: vite-tsconfig-paths@6.1.1 want: ^3.0.3
3757 silly placeDep ROOT isexe@2.0.0 OK for: which@2.0.2 want: ^2.0.0
3758 silly placeDep ROOT @oozcitak/dom@2.0.2 OK for: xmlbuilder2@4.0.3 want: ^2.0.2
3759 silly placeDep ROOT @oozcitak/infra@2.0.2 OK for: xmlbuilder2@4.0.3 want: ^2.0.2
3760 silly placeDep ROOT @oozcitak/util@10.0.0 OK for: xmlbuilder2@4.0.3 want: ^10.0.0
3761 silly fetch manifest @oozcitak/url@^3.0.0
3762 silly packumentCache full:https://registry.npmjs.org/@oozcitak%2furl cache-miss
3763 http fetch GET 200 https://registry.npmjs.org/@oozcitak%2furl 551ms (cache miss)
3764 silly packumentCache full:https://registry.npmjs.org/@oozcitak%2furl set size:undefined disposed:false
3765 silly placeDep ROOT @oozcitak/url@3.0.0 OK for: @oozcitak/dom@2.0.2 want: ^3.0.0
3766 silly placeDep node_modules/@esbuild-kit/core-utils @esbuild/android-arm@0.18.20 OK for: esbuild@0.18.20 want: 0.18.20
3767 silly placeDep node_modules/@esbuild-kit/core-utils @esbuild/android-arm64@0.18.20 OK for: esbuild@0.18.20 want: 0.18.20
3768 silly placeDep node_modules/@esbuild-kit/core-utils @esbuild/android-x64@0.18.20 OK for: esbuild@0.18.20 want: 0.18.20
3769 silly placeDep node_modules/@esbuild-kit/core-utils @esbuild/darwin-arm64@0.18.20 OK for: esbuild@0.18.20 want: 0.18.20
3770 silly placeDep node_modules/@esbuild-kit/core-utils @esbuild/darwin-x64@0.18.20 OK for: esbuild@0.18.20 want: 0.18.20
3771 silly placeDep node_modules/@esbuild-kit/core-utils @esbuild/freebsd-arm64@0.18.20 OK for: esbuild@0.18.20 want: 0.18.20
3772 silly placeDep node_modules/@esbuild-kit/core-utils @esbuild/freebsd-x64@0.18.20 OK for: esbuild@0.18.20 want: 0.18.20
3773 silly placeDep node_modules/@esbuild-kit/core-utils @esbuild/linux-arm@0.18.20 OK for: esbuild@0.18.20 want: 0.18.20
3774 silly placeDep node_modules/@esbuild-kit/core-utils @esbuild/linux-arm64@0.18.20 OK for: esbuild@0.18.20 want: 0.18.20
3775 silly placeDep node_modules/@esbuild-kit/core-utils @esbuild/linux-ia32@0.18.20 OK for: esbuild@0.18.20 want: 0.18.20
3776 silly placeDep node_modules/@esbuild-kit/core-utils @esbuild/linux-loong64@0.18.20 OK for: esbuild@0.18.20 want: 0.18.20
3777 silly placeDep node_modules/@esbuild-kit/core-utils @esbuild/linux-mips64el@0.18.20 OK for: esbuild@0.18.20 want: 0.18.20
3778 silly placeDep node_modules/@esbuild-kit/core-utils @esbuild/linux-ppc64@0.18.20 OK for: esbuild@0.18.20 want: 0.18.20
3779 silly placeDep node_modules/@esbuild-kit/core-utils @esbuild/linux-riscv64@0.18.20 OK for: esbuild@0.18.20 want: 0.18.20
3780 silly placeDep node_modules/@esbuild-kit/core-utils @esbuild/linux-s390x@0.18.20 OK for: esbuild@0.18.20 want: 0.18.20
3781 silly placeDep node_modules/@esbuild-kit/core-utils @esbuild/linux-x64@0.18.20 OK for: esbuild@0.18.20 want: 0.18.20
3782 silly placeDep node_modules/@esbuild-kit/core-utils @esbuild/netbsd-x64@0.18.20 OK for: esbuild@0.18.20 want: 0.18.20
3783 silly placeDep node_modules/@esbuild-kit/core-utils @esbuild/openbsd-x64@0.18.20 OK for: esbuild@0.18.20 want: 0.18.20
3784 silly placeDep node_modules/@esbuild-kit/core-utils @esbuild/sunos-x64@0.18.20 OK for: esbuild@0.18.20 want: 0.18.20
3785 silly placeDep node_modules/@esbuild-kit/core-utils @esbuild/win32-arm64@0.18.20 OK for: esbuild@0.18.20 want: 0.18.20
3786 silly placeDep node_modules/@esbuild-kit/core-utils @esbuild/win32-ia32@0.18.20 OK for: esbuild@0.18.20 want: 0.18.20
3787 silly placeDep node_modules/@esbuild-kit/core-utils @esbuild/win32-x64@0.18.20 OK for: esbuild@0.18.20 want: 0.18.20
3788 silly placeDep ROOT fast-json-stable-stringify@2.1.0 OK for: ajv@6.15.0 want: ^2.0.0
3789 silly placeDep node_modules/@eslint/eslintrc json-schema-traverse@0.4.1 OK for: ajv@6.15.0 want: ^0.4.1
3790 silly placeDep ROOT uri-js@4.4.1 OK for: ajv@6.15.0 want: ^4.2.2
3791 silly fetch manifest punycode@^2.1.0
3792 silly packumentCache full:https://registry.npmjs.org/punycode cache-miss
3793 http fetch GET 200 https://registry.npmjs.org/punycode 91ms (cache miss)
3794 silly packumentCache full:https://registry.npmjs.org/punycode set size:undefined disposed:false
3795 silly placeDep ROOT punycode@2.3.1 OK for: uri-js@4.4.1 want: ^2.1.0
3796 silly placeDep node_modules/@rolldown/binding-wasm32-wasi @emnapi/wasi-threads@2.0.1 OK for: @emnapi/core@2.0.0-alpha.3 want: 2.0.1
3797 silly placeDep node_modules/@tailwindcss/node lightningcss-android-arm64@1.32.0 OK for: lightningcss@1.32.0 want: 1.32.0
3798 silly placeDep node_modules/@tailwindcss/node lightningcss-darwin-arm64@1.32.0 OK for: lightningcss@1.32.0 want: 1.32.0
3799 silly placeDep node_modules/@tailwindcss/node lightningcss-darwin-x64@1.32.0 OK for: lightningcss@1.32.0 want: 1.32.0
3800 silly placeDep node_modules/@tailwindcss/node lightningcss-freebsd-x64@1.32.0 OK for: lightningcss@1.32.0 want: 1.32.0
3801 silly placeDep node_modules/@tailwindcss/node lightningcss-linux-arm-gnueabihf@1.32.0 OK for: lightningcss@1.32.0 want: 1.32.0
3802 silly placeDep node_modules/@tailwindcss/node lightningcss-linux-arm64-gnu@1.32.0 OK for: lightningcss@1.32.0 want: 1.32.0
3803 silly placeDep node_modules/@tailwindcss/node lightningcss-linux-arm64-musl@1.32.0 OK for: lightningcss@1.32.0 want: 1.32.0
3804 silly placeDep node_modules/@tailwindcss/node lightningcss-linux-x64-gnu@1.32.0 OK for: lightningcss@1.32.0 want: 1.32.0
3805 silly placeDep node_modules/@tailwindcss/node lightningcss-linux-x64-musl@1.32.0 OK for: lightningcss@1.32.0 want: 1.32.0
3806 silly placeDep node_modules/@tailwindcss/node lightningcss-win32-arm64-msvc@1.32.0 OK for: lightningcss@1.32.0 want: 1.32.0
3807 silly placeDep node_modules/@tailwindcss/node lightningcss-win32-x64-msvc@1.32.0 OK for: lightningcss@1.32.0 want: 1.32.0
3808 silly placeDep node_modules/@typescript-eslint/typescript-estree brace-expansion@5.0.12 OK for: minimatch@10.2.6 want: ^5.0.8
3809 silly fetch manifest balanced-match@^4.0.2
3810 silly packumentCache full:https://registry.npmjs.org/balanced-match cache-hit
3811 silly placeDep node_modules/@typescript-eslint/typescript-estree balanced-match@4.0.4 OK for: brace-expansion@5.0.12 want: ^4.0.2
3812 silly placeDep node_modules/drizzle-kit @esbuild/aix-ppc64@0.25.12 OK for: esbuild@0.25.12 want: 0.25.12
3813 silly placeDep node_modules/drizzle-kit @esbuild/android-arm@0.25.12 OK for: esbuild@0.25.12 want: 0.25.12
3814 silly placeDep node_modules/drizzle-kit @esbuild/android-arm64@0.25.12 OK for: esbuild@0.25.12 want: 0.25.12
3815 silly placeDep node_modules/drizzle-kit @esbuild/android-x64@0.25.12 OK for: esbuild@0.25.12 want: 0.25.12
3816 silly placeDep node_modules/drizzle-kit @esbuild/darwin-arm64@0.25.12 OK for: esbuild@0.25.12 want: 0.25.12
3817 silly placeDep node_modules/drizzle-kit @esbuild/darwin-x64@0.25.12 OK for: esbuild@0.25.12 want: 0.25.12
3818 silly placeDep node_modules/drizzle-kit @esbuild/freebsd-arm64@0.25.12 OK for: esbuild@0.25.12 want: 0.25.12
3819 silly placeDep node_modules/drizzle-kit @esbuild/freebsd-x64@0.25.12 OK for: esbuild@0.25.12 want: 0.25.12
3820 silly placeDep node_modules/drizzle-kit @esbuild/linux-arm@0.25.12 OK for: esbuild@0.25.12 want: 0.25.12
3821 silly placeDep node_modules/drizzle-kit @esbuild/linux-arm64@0.25.12 OK for: esbuild@0.25.12 want: 0.25.12
3822 silly placeDep node_modules/drizzle-kit @esbuild/linux-ia32@0.25.12 OK for: esbuild@0.25.12 want: 0.25.12
3823 silly placeDep node_modules/drizzle-kit @esbuild/linux-loong64@0.25.12 OK for: esbuild@0.25.12 want: 0.25.12
3824 silly placeDep node_modules/drizzle-kit @esbuild/linux-mips64el@0.25.12 OK for: esbuild@0.25.12 want: 0.25.12
3825 silly placeDep node_modules/drizzle-kit @esbuild/linux-ppc64@0.25.12 OK for: esbuild@0.25.12 want: 0.25.12
3826 silly placeDep node_modules/drizzle-kit @esbuild/linux-riscv64@0.25.12 OK for: esbuild@0.25.12 want: 0.25.12
3827 silly placeDep node_modules/drizzle-kit @esbuild/linux-s390x@0.25.12 OK for: esbuild@0.25.12 want: 0.25.12
3828 silly placeDep node_modules/drizzle-kit @esbuild/linux-x64@0.25.12 OK for: esbuild@0.25.12 want: 0.25.12
3829 silly placeDep node_modules/drizzle-kit @esbuild/netbsd-arm64@0.25.12 OK for: esbuild@0.25.12 want: 0.25.12
3830 silly placeDep node_modules/drizzle-kit @esbuild/netbsd-x64@0.25.12 OK for: esbuild@0.25.12 want: 0.25.12
3831 silly placeDep node_modules/drizzle-kit @esbuild/openbsd-arm64@0.25.12 OK for: esbuild@0.25.12 want: 0.25.12
3832 silly placeDep node_modules/drizzle-kit @esbuild/openbsd-x64@0.25.12 OK for: esbuild@0.25.12 want: 0.25.12
3833 silly placeDep node_modules/drizzle-kit @esbuild/openharmony-arm64@0.25.12 OK for: esbuild@0.25.12 want: 0.25.12
3834 silly placeDep node_modules/drizzle-kit @esbuild/sunos-x64@0.25.12 OK for: esbuild@0.25.12 want: 0.25.12
3835 silly placeDep node_modules/drizzle-kit @esbuild/win32-arm64@0.25.12 OK for: esbuild@0.25.12 want: 0.25.12
3836 silly placeDep node_modules/drizzle-kit @esbuild/win32-ia32@0.25.12 OK for: esbuild@0.25.12 want: 0.25.12
3837 silly placeDep node_modules/drizzle-kit @esbuild/win32-x64@0.25.12 OK for: esbuild@0.25.12 want: 0.25.12
3838 silly placeDep node_modules/eslint json-schema-traverse@0.4.1 OK for: ajv@6.15.0 want: ^0.4.1
3839 silly placeDep ROOT ansi-styles@4.3.0 OK for: chalk@4.1.2 want: ^4.1.0
3840 silly placeDep ROOT supports-color@7.2.0 OK for: chalk@4.1.2 want: ^7.1.0
3841 silly fetch manifest color-convert@^2.0.1
3842 silly packumentCache full:https://registry.npmjs.org/color-convert cache-miss
3843 silly fetch manifest has-flag@^4.0.0
3844 silly packumentCache full:https://registry.npmjs.org/has-flag cache-miss
3845 http fetch GET 200 https://registry.npmjs.org/has-flag 114ms (cache revalidated)
3846 silly packumentCache full:https://registry.npmjs.org/has-flag set size:15180 disposed:false
3847 http fetch GET 200 https://registry.npmjs.org/color-convert 133ms (cache revalidated)
3848 silly packumentCache full:https://registry.npmjs.org/color-convert set size:72663 disposed:false
3849 silly placeDep ROOT color-convert@2.0.1 OK for: ansi-styles@4.3.0 want: ^2.0.1
3850 silly fetch manifest color-name@~1.1.4
3851 silly packumentCache full:https://registry.npmjs.org/color-name cache-miss
3852 http fetch GET 200 https://registry.npmjs.org/color-name 97ms (cache revalidated)
3853 silly packumentCache full:https://registry.npmjs.org/color-name set size:20968 disposed:false
3854 silly placeDep ROOT color-name@1.1.4 OK for: color-convert@2.0.1 want: ~1.1.4
3855 silly placeDep ROOT has-flag@4.0.0 OK for: supports-color@7.2.0 want: ^4.0.0
3856 silly reify moves {}
3857 silly audit bulk request {
3857 silly audit   '@eslint/js': [ '9.39.5' ],
3857 silly audit   '@hookform/resolvers': [ '5.9.1' ],
3857 silly audit   'react-hook-form': [ '7.88.0' ],
3857 silly audit   react: [ '19.3.0' ],
3857 silly audit   '@lovable.dev/vite-tanstack-config': [ '2.23.0' ],
3857 silly audit   vite: [ '8.1.5' ],
3857 silly audit   '@tailwindcss/vite': [ '4.3.3' ],
3857 silly audit   'vite-tsconfig-paths': [ '6.1.1' ],
3857 silly audit   '@vitejs/plugin-react': [ '5.2.0' ],
3857 silly audit   '@tanstack/react-start': [ '1.168.32' ],
3857 silly audit   'react-dom': [ '19.3.0' ],
3857 silly audit   '@radix-ui/react-accordion': [ '1.2.20' ],
3857 silly audit   '@radix-ui/react-alert-dialog': [ '1.1.23' ],
3857 silly audit   '@radix-ui/react-aspect-ratio': [ '1.1.15' ],
3857 silly audit   '@radix-ui/react-avatar': [ '1.2.6' ],
3857 silly audit   '@radix-ui/react-checkbox': [ '1.3.11' ],
3857 silly audit   '@radix-ui/react-collapsible': [ '1.1.20' ],
3857 silly audit   '@radix-ui/react-context-menu': [ '2.3.7' ],
3857 silly audit   '@radix-ui/react-dialog': [ '1.1.23' ],
3857 silly audit   '@radix-ui/react-dropdown-menu': [ '2.1.24' ],
3857 silly audit   '@radix-ui/react-hover-card': [ '1.1.23' ],
3857 silly audit   '@radix-ui/react-label': [ '2.1.15' ],
3857 silly audit   '@radix-ui/react-menubar': [ '1.1.24' ],
3857 silly audit   '@radix-ui/react-navigation-menu': [ '1.2.22' ],
3857 silly audit   '@radix-ui/react-popover': [ '1.1.23' ],
3857 silly audit   '@radix-ui/react-progress': [ '1.1.16' ],
3857 silly audit   '@radix-ui/react-radio-group': [ '1.4.7' ],
3857 silly audit   '@radix-ui/react-scroll-area': [ '1.2.18' ],
3857 silly audit   '@radix-ui/react-select': [ '2.3.7' ],
3857 silly audit   '@radix-ui/react-separator': [ '1.1.15' ],
3857 silly audit   '@radix-ui/react-slider': [ '1.4.7' ],
3857 silly audit   '@radix-ui/react-slot': [ '1.3.3' ],
3857 silly audit   '@radix-ui/react-switch': [ '1.3.7' ],
3857 silly audit   '@radix-ui/react-tabs': [ '1.1.21' ],
3857 silly audit   '@radix-ui/react-toggle': [ '1.1.18' ],
3857 silly audit   '@radix-ui/react-toggle-group': [ '1.1.19' ],
3857 silly audit   '@radix-ui/react-tooltip': [ '1.2.16' ],
3857 silly audit   '@supabase/supabase-js': [ '2.116.0' ],
3857 silly audit   '@tanstack/react-query': [ '5.103.1' ],
3857 silly audit   '@tanstack/react-router': [ '1.170.18' ],
3857 silly audit   '@tanstack/router-plugin': [ '1.168.23' ],
3857 silly audit   '@types/node': [ '22.20.3' ],
3857 silly audit   '@types/react': [ '19.3.0' ],
3857 silly audit   '@types/react-dom': [ '19.3.0' ],
3857 silly audit   'class-variance-authority': [ '0.7.1' ],
3857 silly audit   clsx: [ '2.1.1' ],
3857 silly audit   cmdk: [ '1.1.1' ],
3857 silly audit   'date-fns': [ '4.4.0' ],
3857 silly audit   'drizzle-kit': [ '0.31.10' ],
3857 silly audit   'drizzle-orm': [ '0.45.2' ],
3857 silly audit   'embla-carousel-react': [ '8.6.0' ],
3857 silly audit   eslint: [ '9.39.5' ],
3857 silly audit   'eslint-config-prettier': [ '10.1.8' ],
3857 silly audit   'eslint-plugin-prettier': [ '5.5.6' ],
3857 silly audit   prettier: [ '3.9.8' ],
3857 silly audit   'eslint-plugin-react-hooks': [ '5.2.0' ],
3857 silly audit   'eslint-plugin-react-refresh': [ '0.4.26' ],
3857 silly audit   globals: [ '15.15.0', '14.0.0' ],
3857 silly audit   'input-otp': [ '1.5.0' ],
3857 silly audit   'lucide-react': [ '0.575.0' ],
3857 silly audit   nitro: [ '3.0.260603-beta' ],
3857 silly audit   postgres: [ '3.4.9' ],
3857 silly audit   'react-day-picker': [ '9.14.0' ],
3857 silly audit   'react-resizable-panels': [ '4.12.4' ],
3857 silly audit   recharts: [ '2.15.4' ],
3857 silly audit   sonner: [ '2.0.8' ],
3857 silly audit   'tailwind-merge': [ '3.7.0' ],
3857 silly audit   tailwindcss: [ '4.3.3' ],
3857 silly audit   'tw-animate-css': [ '1.4.0' ],
3857 silly audit   typescript: [ '5.9.3' ],
3857 silly audit   'typescript-eslint': [ '8.70.0' ],
3857 silly audit   vaul: [ '1.1.2' ],
3857 silly audit   zod: [ '3.25.76', '4.6.5' ],
3857 silly audit   '@standard-schema/utils': [ '0.3.0' ],
3857 silly audit   '@tanstack/devtools-vite': [ '0.8.5' ],
3857 silly audit   lightningcss: [ '1.33.0', '1.32.0' ],
3857 silly audit   '@radix-ui/primitive': [ '1.1.7' ],
3857 silly audit   '@radix-ui/react-collection': [ '1.1.15' ],
3857 silly audit   '@radix-ui/react-compose-refs': [ '1.1.5' ],
3857 silly audit   '@radix-ui/react-context': [ '1.2.2' ],
3857 silly audit   '@radix-ui/react-direction': [ '1.1.4' ],
3857 silly audit   '@radix-ui/react-id': [ '1.1.4' ],
3857 silly audit   '@radix-ui/react-primitive': [ '2.1.10' ],
3857 silly audit   '@radix-ui/react-use-controllable-state': [ '1.2.6' ],
3857 silly audit   '@radix-ui/react-use-callback-ref': [ '1.1.4' ],
3857 silly audit   '@radix-ui/react-use-is-hydrated': [ '0.1.3' ],
3857 silly audit   '@radix-ui/react-use-layout-effect': [ '1.1.4' ],
3857 silly audit   '@radix-ui/react-presence': [ '1.1.10' ],
3857 silly audit   '@radix-ui/react-use-size': [ '1.1.4' ],
3857 silly audit   '@radix-ui/react-menu': [ '2.1.24' ],
3857 silly audit   '@radix-ui/react-dismissable-layer': [ '1.1.19' ],
3857 silly audit   '@radix-ui/react-focus-guards': [ '1.1.6' ],
3857 silly audit   '@radix-ui/react-focus-scope': [ '1.1.16' ],
3857 silly audit   '@radix-ui/react-portal': [ '1.1.17' ],
3857 silly audit   'aria-hidden': [ '1.2.6' ],
3857 silly audit   'react-remove-scroll': [ '2.7.2' ],
3857 silly audit   '@radix-ui/react-use-effect-event': [ '0.0.5' ],
3857 silly audit   '@radix-ui/react-popper': [ '1.3.7' ],
3857 silly audit   '@radix-ui/react-roving-focus': [ '1.1.19' ],
3857 silly audit   '@radix-ui/react-use-previous': [ '1.1.4' ],
3857 silly audit   '@radix-ui/react-visually-hidden': [ '1.2.11' ],
3857 silly audit   '@floating-ui/react-dom': [ '2.1.9' ],
3857 silly audit   '@radix-ui/react-arrow': [ '1.1.15' ],
3857 silly audit   '@radix-ui/react-use-rect': [ '1.1.4' ],
3857 silly audit   '@radix-ui/rect': [ '1.1.3' ],
3857 silly audit   '@floating-ui/dom': [ '1.8.0' ],
3857 silly audit   '@floating-ui/core': [ '1.8.0' ],
3857 silly audit   '@floating-ui/utils': [ '0.2.12' ],
3857 silly audit   '@radix-ui/number': [ '1.1.3' ],
3857 silly audit   '@supabase/auth-js': [ '2.116.0' ],
3857 silly audit   '@supabase/functions-js': [ '2.116.0' ],
3857 silly audit   '@supabase/postgrest-js': [ '2.116.0' ],
3857 silly audit   '@supabase/realtime-js': [ '2.116.0' ],
3857 silly audit   '@supabase/storage-js': [ '2.116.0' ],
3857 silly audit   tslib: [ '2.8.1' ],
3857 silly audit   '@supabase/phoenix': [ '0.4.5' ],
3857 silly audit   'iceberg-js': [ '0.8.1' ],
3857 silly audit   '@tailwindcss/node': [ '4.3.3' ],
3857 silly audit   '@tailwindcss/oxide': [ '4.3.3' ],
3857 silly audit   '@jridgewell/remapping': [ '2.3.5' ],
3857 silly audit   'enhanced-resolve': [ '5.25.1' ],
3857 silly audit   jiti: [ '2.7.0' ],
3857 silly audit   'magic-string': [ '0.30.21' ],
3857 silly audit   'source-map-js': [ '1.2.1' ],
3857 silly audit   '@jridgewell/gen-mapping': [ '0.3.13' ],
3857 silly audit   '@jridgewell/trace-mapping': [ '0.3.31' ],
3857 silly audit   '@jridgewell/sourcemap-codec': [ '1.6.0' ],
3857 silly audit   '@jridgewell/resolve-uri': [ '3.1.2' ],
3857 silly audit   '@tailwindcss/oxide-android-arm64': [ '4.3.3' ],
3857 silly audit   '@tailwindcss/oxide-darwin-arm64': [ '4.3.3' ],
3857 silly audit   '@tailwindcss/oxide-darwin-x64': [ '4.3.3' ],
3857 silly audit   '@tailwindcss/oxide-freebsd-x64': [ '4.3.3' ],
3857 silly audit   '@tailwindcss/oxide-linux-arm-gnueabihf': [ '4.3.3' ],
3857 silly audit   '@tailwindcss/oxide-linux-arm64-gnu': [ '4.3.3' ],
3857 silly audit   '@tailwindcss/oxide-linux-arm64-musl': [ '4.3.3' ],
3857 silly audit   '@tailwindcss/oxide-linux-x64-gnu': [ '4.3.3' ],
3857 silly audit   '@tailwindcss/oxide-linux-x64-musl': [ '4.3.3' ],
3857 silly audit   '@tailwindcss/oxide-wasm32-wasi': [ '4.3.3' ],
3857 silly audit   '@tailwindcss/oxide-win32-arm64-msvc': [ '4.3.3' ],
3857 silly audit   '@tailwindcss/oxide-win32-x64-msvc': [ '4.3.3' ],
3857 silly audit   '@tanstack/devtools-bundler-core': [ '0.1.3' ],
3857 silly audit   '@tanstack/devtools-client': [ '0.0.8' ],
3857 silly audit   '@tanstack/devtools-event-bus': [ '0.4.3' ],
3857 silly audit   chalk: [ '5.6.2', '4.1.2' ],
3857 silly audit   'launch-editor': [ '2.14.1' ],
3857 silly audit   'oxc-parser': [ '0.120.0' ],
3857 silly audit   picomatch: [ '4.0.7' ],
3857 silly audit   '@tanstack/devtools-event-client': [ '0.5.0' ],
3857 silly audit   ws: [ '8.21.3' ],
3857 silly audit   '@tanstack/query-core': [ '5.103.1' ],
3857 silly audit   '@tanstack/history': [ '1.162.0' ],
3857 silly audit   '@tanstack/react-store': [ '0.9.3' ],
3857 silly audit   '@tanstack/router-core': [ '1.171.15' ],
3857 silly audit   isbot: [ '5.2.2' ],
3857 silly audit   '@tanstack/react-start-client': [ '1.168.16' ],
3857 silly audit   '@tanstack/react-start-rsc': [ '0.1.31' ],
3857 silly audit   '@tanstack/react-start-server': [ '1.167.22' ],
3857 silly audit   '@tanstack/router-utils': [ '1.162.2' ],
3857 silly audit   '@tanstack/start-client-core': [ '1.170.14' ],
3857 silly audit   '@tanstack/start-plugin-core': [ '1.171.24' ],
3857 silly audit   '@tanstack/start-server-core': [ '1.169.17' ],
3857 silly audit   pathe: [ '2.0.3' ],
3857 silly audit   '@tanstack/start-fn-stubs': [ '1.162.0' ],
3857 silly audit   '@tanstack/start-storage-context': [ '1.167.17' ],
3857 silly audit   '@tanstack/store': [ '0.9.3' ],
3857 silly audit   'use-sync-external-store': [ '1.7.0' ],
3857 silly audit   'cookie-es': [ '3.1.1' ],
3857 silly audit   seroval: [ '1.6.7' ],
3857 silly audit   'seroval-plugins': [ '1.6.7' ],
3857 silly audit   '@babel/core': [ '7.29.7' ],
3857 silly audit   '@babel/template': [ '7.29.7' ],
3857 silly audit   '@babel/types': [ '7.29.8' ],
3857 silly audit   '@tanstack/router-generator': [ '1.167.21' ],
3857 silly audit   chokidar: [ '5.0.0' ],
3857 silly audit   unplugin: [ '3.4.0' ],
3857 silly audit   '@babel/code-frame': [ '7.29.7', '7.27.1' ],
3857 silly audit   '@babel/generator': [ '7.29.8' ],
3857 silly audit   '@babel/helper-compilation-targets': [ '7.29.7' ],
3857 silly audit   '@babel/helper-module-transforms': [ '7.29.7' ],
3857 silly audit   '@babel/helpers': [ '7.29.7' ],
3857 silly audit   '@babel/parser': [ '7.29.8' ],
3857 silly audit   '@babel/traverse': [ '7.29.8' ],
3857 silly audit   'convert-source-map': [ '2.0.0' ],
3857 silly audit   debug: [ '4.4.3' ],
3857 silly audit   gensync: [ '1.0.0-beta.2' ],
3857 silly audit   json5: [ '2.2.3' ],
3857 silly audit   semver: [ '6.3.1', '7.8.5' ],
3857 silly audit   '@babel/helper-validator-identifier': [ '7.29.7' ],
3857 silly audit   'js-tokens': [ '4.0.0' ],
3857 silly audit   picocolors: [ '1.1.1' ],
3857 silly audit   jsesc: [ '3.1.0' ],
3857 silly audit   '@babel/compat-data': [ '7.29.7' ],
3857 silly audit   '@babel/helper-validator-option': [ '7.29.7' ],
3857 silly audit   browserslist: [ '4.29.0' ],
3857 silly audit   'lru-cache': [ '5.1.1' ],
3857 silly audit   '@babel/helper-module-imports': [ '7.29.7' ],
3857 silly audit   '@babel/helper-globals': [ '7.29.7' ],
3857 silly audit   '@babel/helper-string-parser': [ '7.29.7' ],
3857 silly audit   '@tanstack/virtual-file-routes': [ '1.162.0' ],
3857 silly audit   ansis: [ '4.4.0' ],
3857 silly audit   'babel-dead-code-elimination': [ '1.0.12' ],
3857 silly audit   diff: [ '8.0.4' ],
3857 silly audit   tinyglobby: [ '0.2.17' ],
3857 silly audit   exsolve: [ '1.1.1' ],
3857 silly audit   'source-map': [ '0.7.6', '0.6.1' ],
3857 silly audit   srvx: [ '0.11.22', '1.0.5' ],
3857 silly audit   ufo: [ '1.6.4' ],
3857 silly audit   vitefu: [ '1.1.3' ],
3857 silly audit   xmlbuilder2: [ '4.0.3' ],
3857 silly audit   fetchdts: [ '0.1.7' ],
3857 silly audit   h3: [ '2.0.1-rc.20', '2.0.1-rc.32' ],
3857 silly audit   'undici-types': [ '6.21.0' ],
3857 silly audit   csstype: [ '3.2.3' ],
3857 silly audit   '@babel/plugin-transform-react-jsx-self': [ '7.29.7' ],
3857 silly audit   '@babel/plugin-transform-react-jsx-source': [ '7.29.7' ],
3857 silly audit   '@rolldown/pluginutils': [ '1.0.0-rc.3', '1.0.1' ],
3857 silly audit   '@types/babel__core': [ '7.20.5' ],
3857 silly audit   'react-refresh': [ '0.18.0' ],
3857 silly audit   '@babel/helper-plugin-utils': [ '7.29.7' ],
3857 silly audit   '@types/babel__generator': [ '7.27.0' ],
3857 silly audit   '@types/babel__template': [ '7.4.4' ],
3857 silly audit   '@types/babel__traverse': [ '7.28.0' ],
3857 silly audit   'baseline-browser-mapping': [ '2.11.25' ],
3857 silly audit   'caniuse-lite': [ '1.0.30001810' ],
3857 silly audit   'electron-to-chromium': [ '1.5.430' ],
3857 silly audit   'node-releases': [ '2.0.56' ],
3857 silly audit   'update-browserslist-db': [ '1.3.3' ],
3857 silly audit   readdirp: [ '5.1.1' ],
3857 silly audit   ms: [ '2.1.3' ],
3857 silly audit   '@drizzle-team/brocli': [ '0.10.2' ],
3857 silly audit   '@esbuild-kit/esm-loader': [ '2.6.5' ],
3857 silly audit   esbuild: [ '0.18.20', '0.28.2', '0.25.12' ],
3857 silly audit   tsx: [ '4.23.13' ],
3857 silly audit   '@esbuild-kit/core-utils': [ '3.3.2' ],
3857 silly audit   'get-tsconfig': [ '4.14.3' ],
3857 silly audit   'source-map-support': [ '0.5.21' ],
3857 silly audit   'embla-carousel': [ '8.6.0' ],
3857 silly audit   'embla-carousel-reactive-utils': [ '8.6.0' ],
3857 silly audit   'graceful-fs': [ '4.2.11' ],
3857 silly audit   tapable: [ '2.3.3' ],
3857 silly audit   '@eslint-community/eslint-utils': [ '4.10.1' ],
3857 silly audit   '@eslint-community/regexpp': [ '4.12.2' ],
3857 silly audit   '@eslint/config-array': [ '0.21.2' ],
3857 silly audit   '@eslint/config-helpers': [ '0.4.2' ],
3857 silly audit   '@eslint/core': [ '0.17.0' ],
3857 silly audit   '@eslint/eslintrc': [ '3.3.7' ],
3857 silly audit   '@eslint/plugin-kit': [ '0.4.1' ],
3857 silly audit   '@humanfs/node': [ '0.16.8' ],
3857 silly audit   '@humanwhocodes/module-importer': [ '1.0.1' ],
3857 silly audit   '@humanwhocodes/retry': [ '0.4.3' ],
3857 silly audit   '@types/estree': [ '1.0.9' ],
3857 silly audit   'cross-spawn': [ '7.0.6' ],
3857 silly audit   'escape-string-regexp': [ '4.0.0' ],
3857 silly audit   'eslint-scope': [ '8.4.0' ],
3857 silly audit   'eslint-visitor-keys': [ '4.2.1', '3.4.3', '5.0.1' ],
3857 silly audit   espree: [ '10.4.0' ],
3857 silly audit   esquery: [ '1.7.0' ],
3857 silly audit   esutils: [ '2.0.3' ],
3857 silly audit   'fast-deep-equal': [ '3.1.3' ],
3857 silly audit   'file-entry-cache': [ '8.0.0' ],
3857 silly audit   'find-up': [ '5.0.0' ],
3857 silly audit   'glob-parent': [ '6.0.2' ],
3857 silly audit   ignore: [ '5.3.2', '7.0.9' ],
3857 silly audit   imurmurhash: [ '0.1.4' ],
3857 silly audit   'is-glob': [ '4.0.3' ],
3857 silly audit   'json-stable-stringify-without-jsonify': [ '1.0.1' ],
3857 silly audit   'lodash.merge': [ '4.6.2' ],
3857 silly audit   minimatch: [ '3.1.5', '10.2.6' ],
3857 silly audit   'natural-compare': [ '1.4.0' ],
3857 silly audit   optionator: [ '0.9.4' ],
3857 silly audit   '@eslint/object-schema': [ '2.1.7' ],
3857 silly audit   '@types/json-schema': [ '7.0.15' ],
3857 silly audit   'import-fresh': [ '3.3.1' ],
3857 silly audit   'js-yaml': [ '4.3.2' ],
3857 silly audit   'strip-json-comments': [ '3.1.1' ],
3857 silly audit   levn: [ '0.4.1' ],
3857 silly audit   ajv: [ '8.20.0', '6.15.0' ],
3857 silly audit   '@humanfs/core': [ '0.19.2' ],
3857 silly audit   '@humanfs/types': [ '0.15.0' ],
3857 silly audit   'fast-uri': [ '3.1.8' ],
3857 silly audit   'json-schema-traverse': [ '1.0.0', '0.4.1' ],
3857 silly audit   'require-from-string': [ '2.0.2' ],
3857 silly audit   'path-key': [ '3.1.1' ],
3857 silly audit   'shebang-command': [ '2.0.0' ],
3857 silly audit   which: [ '2.0.2' ],
3857 silly audit   'prettier-linter-helpers': [ '1.0.1' ],
3857 silly audit   synckit: [ '0.11.13' ],
3857 silly audit   esrecurse: [ '4.3.0' ],
3857 silly audit   estraverse: [ '5.3.0' ],
3857 silly audit   acorn: [ '8.18.0' ],
3857 silly audit   'acorn-jsx': [ '5.3.2' ],
3857 silly audit   'flat-cache': [ '4.0.1' ],
3857 silly audit   'locate-path': [ '6.0.0' ],
3857 silly audit   'path-exists': [ '4.0.0' ],
3857 silly audit   flatted: [ '3.4.4' ],
3857 silly audit   keyv: [ '4.5.4' ],
3857 silly audit   'resolve-pkg-maps': [ '1.0.0' ],
3857 silly audit   rou3: [ '0.8.1', '0.9.2' ],
3857 silly audit   'parent-module': [ '1.0.1' ],
3857 silly audit   'resolve-from': [ '4.0.0' ],
3857 silly audit   'is-extglob': [ '2.1.1' ],
3857 silly audit   argparse: [ '2.0.1' ],
3857 silly audit   'json-buffer': [ '3.0.1' ],
3857 silly audit   'shell-quote': [ '1.10.0' ],
3857 silly audit   'prelude-ls': [ '1.2.1' ],
3857 silly audit   'type-check': [ '0.4.0' ],
3857 silly audit   'detect-libc': [ '2.1.2' ],
3857 silly audit   'lightningcss-android-arm64': [ '1.33.0', '1.32.0' ],
3857 silly audit   'lightningcss-darwin-arm64': [ '1.33.0', '1.32.0' ],
3857 silly audit   'lightningcss-darwin-x64': [ '1.33.0', '1.32.0' ],
3857 silly audit   'lightningcss-freebsd-x64': [ '1.33.0', '1.32.0' ],
3857 silly audit   'lightningcss-linux-arm-gnueabihf': [ '1.33.0', '1.32.0' ],
3857 silly audit   'lightningcss-linux-arm64-gnu': [ '1.33.0', '1.32.0' ],
3857 silly audit   'lightningcss-linux-arm64-musl': [ '1.33.0', '1.32.0' ],
3857 silly audit   'lightningcss-linux-x64-gnu': [ '1.33.0', '1.32.0' ],
3857 silly audit   'lightningcss-linux-x64-musl': [ '1.33.0', '1.32.0' ],
3857 silly audit   'lightningcss-win32-arm64-msvc': [ '1.33.0', '1.32.0' ],
3857 silly audit   'lightningcss-win32-x64-msvc': [ '1.33.0', '1.32.0' ],
3857 silly audit   'p-locate': [ '5.0.0' ],
3857 silly audit   yallist: [ '3.1.1' ],
3857 silly audit   'brace-expansion': [ '1.1.21', '5.0.12' ],
3857 silly audit   'balanced-match': [ '1.0.2', '4.0.4' ],
3857 silly audit   'concat-map': [ '0.0.1' ],
3857 silly audit   consola: [ '3.4.2' ],
3857 silly audit   crossws: [ '0.4.12' ],
3857 silly audit   db0: [ '0.3.4' ],
3857 silly audit   'env-runner': [ '0.1.16' ],
3857 silly audit   hookable: [ '6.1.2' ],
3857 silly audit   nf3: [ '0.3.24' ],
3857 silly audit   ofetch: [ '2.0.0-alpha.3' ],
3857 silly audit   ohash: [ '2.0.12' ],
3857 silly audit   rolldown: [ '1.2.1' ],
3857 silly audit   unenv: [ '2.0.0-rc.24' ],
3857 silly audit   unstorage: [ '2.0.0-alpha.10' ],
3857 silly audit   httpxy: [ '0.5.5' ],
3857 silly audit   ocache: [ '0.3.0', '0.1.5' ],
3857 silly audit   'deep-is': [ '0.1.4' ],
3857 silly audit   'fast-levenshtein': [ '2.0.6' ],
3857 silly audit   'word-wrap': [ '1.2.5' ],
3857 silly audit   '@oxc-parser/binding-android-arm-eabi': [ '0.120.0' ],
3857 silly audit   '@oxc-parser/binding-android-arm64': [ '0.120.0' ],
3857 silly audit   '@oxc-parser/binding-darwin-arm64': [ '0.120.0' ],
3857 silly audit   '@oxc-parser/binding-darwin-x64': [ '0.120.0' ],
3857 silly audit   '@oxc-parser/binding-freebsd-x64': [ '0.120.0' ],
3857 silly audit   '@oxc-parser/binding-linux-arm-gnueabihf': [ '0.120.0' ],
3857 silly audit   '@oxc-parser/binding-linux-arm-musleabihf': [ '0.120.0' ],
3857 silly audit   '@oxc-parser/binding-linux-arm64-gnu': [ '0.120.0' ],
3857 silly audit   '@oxc-parser/binding-linux-arm64-musl': [ '0.120.0' ],
3857 silly audit   '@oxc-parser/binding-linux-ppc64-gnu': [ '0.120.0' ],
3857 silly audit   '@oxc-parser/binding-linux-riscv64-gnu': [ '0.120.0' ],
3857 silly audit   '@oxc-parser/binding-linux-riscv64-musl': [ '0.120.0' ],
3857 silly audit   '@oxc-parser/binding-linux-s390x-gnu': [ '0.120.0' ],
3857 silly audit   '@oxc-parser/binding-linux-x64-gnu': [ '0.120.0' ],
3857 silly audit   '@oxc-parser/binding-linux-x64-musl': [ '0.120.0' ],
3857 silly audit   '@oxc-parser/binding-openharmony-arm64': [ '0.120.0' ],
3857 silly audit   '@oxc-parser/binding-wasm32-wasi': [ '0.120.0' ],
3857 silly audit   '@oxc-parser/binding-win32-arm64-msvc': [ '0.120.0' ],
3857 silly audit   '@oxc-parser/binding-win32-ia32-msvc': [ '0.120.0' ],
3857 silly audit   '@oxc-parser/binding-win32-x64-msvc': [ '0.120.0' ],
3857 silly audit   '@oxc-project/types': [ '0.120.0', '0.142.0' ],
3857 silly audit   '@napi-rs/wasm-runtime': [ '1.2.4' ],
3857 silly audit   '@emnapi/core': [ '1.11.3', '2.0.0-alpha.3' ],
3857 silly audit   '@emnapi/runtime': [ '1.11.3', '2.0.0-alpha.3' ],
3857 silly audit   '@emnapi/wasi-threads': [ '1.2.3', '2.0.1' ],
3857 silly audit   '@tybys/wasm-util': [ '0.10.4' ],
3857 silly audit   'p-limit': [ '3.1.0' ],
3857 silly audit   'yocto-queue': [ '0.1.0' ],
3857 silly audit   callsites: [ '3.1.0' ],
3857 silly audit   'fast-diff': [ '1.3.0' ],
3857 silly audit   '@date-fns/tz': [ '1.5.0' ],
3857 silly audit   '@tabby_ai/hijri-converter': [ '1.0.5' ],
3857 silly audit   'date-fns-jalali': [ '4.1.0-0' ],
3857 silly audit   scheduler: [ '0.28.0' ],
3857 silly audit   'react-remove-scroll-bar': [ '2.3.8' ],
3857 silly audit   'react-style-singleton': [ '2.2.3' ],
3857 silly audit   'use-callback-ref': [ '1.3.3' ],
3857 silly audit   'use-sidecar': [ '1.1.3' ],
3857 silly audit   'get-nonce': [ '1.0.1' ],
3857 silly audit   eventemitter3: [ '4.0.7' ],
3857 silly audit   lodash: [ '4.18.1' ],
3857 silly audit   'react-is': [ '18.3.1', '16.13.1' ],
3857 silly audit   'react-smooth': [ '4.0.4' ],
3857 silly audit   'recharts-scale': [ '0.4.5' ],
3857 silly audit   'tiny-invariant': [ '1.3.3' ],
3857 silly audit   'victory-vendor': [ '36.9.2' ],
3857 silly audit   'fast-equals': [ '5.4.2' ],
3857 silly audit   'prop-types': [ '15.8.1' ],
3857 silly audit   'react-transition-group': [ '4.4.5' ],
3857 silly audit   'loose-envify': [ '1.4.0' ],
3857 silly audit   'object-assign': [ '4.1.1' ],
3857 silly audit   '@babel/runtime': [ '7.29.7' ],
3857 silly audit   'dom-helpers': [ '5.2.1' ],
3857 silly audit   'decimal.js-light': [ '2.5.1' ],
3857 silly audit   '@rolldown/binding-android-arm64': [ '1.2.1' ],
3857 silly audit   '@rolldown/binding-darwin-arm64': [ '1.2.1' ],
3857 silly audit   '@rolldown/binding-darwin-x64': [ '1.2.1' ],
3857 silly audit   '@rolldown/binding-freebsd-x64': [ '1.2.1' ],
3857 silly audit   '@rolldown/binding-linux-arm-gnueabihf': [ '1.2.1' ],
3857 silly audit   '@rolldown/binding-linux-arm64-gnu': [ '1.2.1' ],
3857 silly audit   '@rolldown/binding-linux-arm64-musl': [ '1.2.1' ],
3857 silly audit   '@rolldown/binding-linux-ppc64-gnu': [ '1.2.1' ],
3857 silly audit   '@rolldown/binding-linux-s390x-gnu': [ '1.2.1' ],
3857 silly audit   '@rolldown/binding-linux-x64-gnu': [ '1.2.1' ],
3857 silly audit   '@rolldown/binding-linux-x64-musl': [ '1.2.1' ],
3857 silly audit   '@rolldown/binding-openharmony-arm64': [ '1.2.1' ],
3857 silly audit   '@rolldown/binding-wasm32-wasi': [ '1.2.1' ],
3857 silly audit   '@rolldown/binding-win32-arm64-msvc': [ '1.2.1' ],
3857 silly audit   '@rolldown/binding-win32-x64-msvc': [ '1.2.1' ],
3857 silly audit   'shebang-regex': [ '3.0.0' ],
3857 silly audit   'buffer-from': [ '1.1.2' ],
3857 silly audit   '@pkgr/core': [ '0.3.6' ],
3857 silly audit   fdir: [ '6.5.0' ],
3857 silly audit   fsevents: [ '2.3.3' ],
3857 silly audit   '@typescript-eslint/eslint-plugin': [ '8.70.0' ],
3857 silly audit   '@typescript-eslint/parser': [ '8.70.0' ],
3857 silly audit   '@typescript-eslint/typescript-estree': [ '8.70.0' ],
3857 silly audit   '@typescript-eslint/utils': [ '8.70.0' ],
3857 silly audit   '@typescript-eslint/scope-manager': [ '8.70.0' ],
3857 silly audit   '@typescript-eslint/type-utils': [ '8.70.0' ],
3857 silly audit   '@typescript-eslint/visitor-keys': [ '8.70.0' ],
3857 silly audit   'ts-api-utils': [ '2.5.0' ],
3857 silly audit   '@typescript-eslint/types': [ '8.70.0' ],
3857 silly audit   '@typescript-eslint/project-service': [ '8.70.0' ],
3857 silly audit   '@typescript-eslint/tsconfig-utils': [ '8.70.0' ],
3857 silly audit   'webpack-virtual-modules': [ '0.6.2' ],
3857 silly audit   escalade: [ '3.2.0' ],
3857 silly audit   'detect-node-es': [ '1.1.0' ],
3857 silly audit   '@types/d3-array': [ '3.2.2' ],
3857 silly audit   '@types/d3-ease': [ '3.0.2' ],
3857 silly audit   '@types/d3-interpolate': [ '3.0.4' ],
3857 silly audit   '@types/d3-scale': [ '4.0.9' ],
3857 silly audit   '@types/d3-shape': [ '3.2.0' ],
3857 silly audit   '@types/d3-time': [ '3.0.4' ],
3857 silly audit   '@types/d3-timer': [ '3.0.2' ],
3857 silly audit   'd3-array': [ '3.2.4' ],
3857 silly audit   'd3-ease': [ '3.0.1' ],
3857 silly audit   'd3-interpolate': [ '3.0.1' ],
3857 silly audit   'd3-scale': [ '4.0.2' ],
3857 silly audit   'd3-shape': [ '3.2.0' ],
3857 silly audit   'd3-time': [ '3.1.0' ],
3857 silly audit   'd3-timer': [ '3.0.1' ],
3857 silly audit   '@types/d3-color': [ '3.1.3' ],
3857 silly audit   '@types/d3-path': [ '3.1.1' ],
3857 silly audit   internmap: [ '2.0.3' ],
3857 silly audit   'd3-color': [ '3.1.0' ],
3857 silly audit   'd3-format': [ '3.1.2' ],
3857 silly audit   'd3-time-format': [ '4.1.0' ],
3857 silly audit   'd3-path': [ '3.1.0' ],
3857 silly audit   postcss: [ '8.5.28' ],
3857 silly audit   '@esbuild/aix-ppc64': [ '0.28.2', '0.25.12' ],
3857 silly audit   '@esbuild/android-arm': [ '0.28.2', '0.18.20', '0.25.12' ],
3857 silly audit   '@esbuild/android-arm64': [ '0.28.2', '0.18.20', '0.25.12' ],
3857 silly audit   '@esbuild/android-x64': [ '0.28.2', '0.18.20', '0.25.12' ],
3857 silly audit   '@esbuild/darwin-arm64': [ '0.28.2', '0.18.20', '0.25.12' ],
3857 silly audit   '@esbuild/darwin-x64': [ '0.28.2', '0.18.20', '0.25.12' ],
3857 silly audit   '@esbuild/freebsd-arm64': [ '0.28.2', '0.18.20', '0.25.12' ],
3857 silly audit   '@esbuild/freebsd-x64': [ '0.28.2', '0.18.20', '0.25.12' ],
3857 silly audit   '@esbuild/linux-arm': [ '0.28.2', '0.18.20', '0.25.12' ],
3857 silly audit   '@esbuild/linux-arm64': [ '0.28.2', '0.18.20', '0.25.12' ],
3857 silly audit   '@esbuild/linux-ia32': [ '0.28.2', '0.18.20', '0.25.12' ],
3857 silly audit   '@esbuild/linux-loong64': [ '0.28.2', '0.18.20', '0.25.12' ],
3857 silly audit   '@esbuild/linux-mips64el': [ '0.28.2', '0.18.20', '0.25.12' ],
3857 silly audit   '@esbuild/linux-ppc64': [ '0.28.2', '0.18.20', '0.25.12' ],
3857 silly audit   '@esbuild/linux-riscv64': [ '0.28.2', '0.18.20', '0.25.12' ],
3857 silly audit   '@esbuild/linux-s390x': [ '0.28.2', '0.18.20', '0.25.12' ],
3857 silly audit   '@esbuild/linux-x64': [ '0.28.2', '0.18.20', '0.25.12' ],
3857 silly audit   '@esbuild/netbsd-arm64': [ '0.28.2', '0.25.12' ],
3857 silly audit   '@esbuild/netbsd-x64': [ '0.28.2', '0.18.20', '0.25.12' ],
3857 silly audit   '@esbuild/openbsd-arm64': [ '0.28.2', '0.25.12' ],
3857 silly audit   '@esbuild/openbsd-x64': [ '0.28.2', '0.18.20', '0.25.12' ],
3857 silly audit   '@esbuild/openharmony-arm64': [ '0.28.2', '0.25.12' ],
3857 silly audit   '@esbuild/sunos-x64': [ '0.28.2', '0.18.20', '0.25.12' ],
3857 silly audit   '@esbuild/win32-arm64': [ '0.28.2', '0.18.20', '0.25.12' ],
3857 silly audit   '@esbuild/win32-ia32': [ '0.28.2', '0.18.20', '0.25.12' ],
3857 silly audit   '@esbuild/win32-x64': [ '0.28.2', '0.18.20', '0.25.12' ],
3857 silly audit   nanoid: [ '3.3.19' ],
3857 silly audit   globrex: [ '0.1.2' ],
3857 silly audit   tsconfck: [ '3.1.6' ],
3857 silly audit   isexe: [ '2.0.0' ],
3857 silly audit   '@oozcitak/dom': [ '2.0.2' ],
3857 silly audit   '@oozcitak/infra': [ '2.0.2' ],
3857 silly audit   '@oozcitak/util': [ '10.0.0' ],
3857 silly audit   '@oozcitak/url': [ '3.0.0' ],
3857 silly audit   'fast-json-stable-stringify': [ '2.1.0' ],
3857 silly audit   'uri-js': [ '4.4.1' ],
3857 silly audit   punycode: [ '2.3.1' ],
3857 silly audit   'ansi-styles': [ '4.3.0' ],
3857 silly audit   'supports-color': [ '7.2.0' ],
3857 silly audit   'color-convert': [ '2.0.1' ],
3857 silly audit   'color-name': [ '1.1.4' ],
3857 silly audit   'has-flag': [ '4.0.0' ]
3857 silly audit }
3858 http cache has-flag@https://registry.npmjs.org/has-flag/-/has-flag-4.0.0.tgz 0ms (cache hit)
3859 http cache color-name@https://registry.npmjs.org/color-name/-/color-name-1.1.4.tgz 0ms (cache hit)
3860 http cache color-convert@https://registry.npmjs.org/color-convert/-/color-convert-2.0.1.tgz 0ms (cache hit)
3861 http cache supports-color@https://registry.npmjs.org/supports-color/-/supports-color-7.2.0.tgz 0ms (cache hit)
3862 http cache ansi-styles@https://registry.npmjs.org/ansi-styles/-/ansi-styles-4.3.0.tgz 0ms (cache hit)
3863 http cache punycode@https://registry.npmjs.org/punycode/-/punycode-2.3.1.tgz 0ms (cache hit)
3864 http cache uri-js@https://registry.npmjs.org/uri-js/-/uri-js-4.4.1.tgz 0ms (cache hit)
3865 http cache fast-json-stable-stringify@https://registry.npmjs.org/fast-json-stable-stringify/-/fast-json-stable-stringify-2.1.0.tgz 0ms (cache hit)
3866 http cache @oozcitak/url@https://registry.npmjs.org/@oozcitak/url/-/url-3.0.0.tgz 0ms (cache hit)
3867 http cache @oozcitak/util@https://registry.npmjs.org/@oozcitak/util/-/util-10.0.0.tgz 0ms (cache hit)
3868 http cache @oozcitak/infra@https://registry.npmjs.org/@oozcitak/infra/-/infra-2.0.2.tgz 1ms (cache hit)
3869 http cache @oozcitak/dom@https://registry.npmjs.org/@oozcitak/dom/-/dom-2.0.2.tgz 0ms (cache hit)
3870 http cache isexe@https://registry.npmjs.org/isexe/-/isexe-2.0.0.tgz 0ms (cache hit)
3871 http cache tsconfck@https://registry.npmjs.org/tsconfck/-/tsconfck-3.1.6.tgz 0ms (cache hit)
3872 http cache globrex@https://registry.npmjs.org/globrex/-/globrex-0.1.2.tgz 0ms (cache hit)
3873 http cache nanoid@https://registry.npmjs.org/nanoid/-/nanoid-3.3.19.tgz 0ms (cache hit)
3874 http cache @esbuild/android-arm64@https://registry.npmjs.org/@esbuild/android-arm64/-/android-arm64-0.28.2.tgz 0ms (cache hit)
3875 http cache postcss@https://registry.npmjs.org/postcss/-/postcss-8.5.28.tgz 0ms (cache hit)
3876 http cache esbuild@https://registry.npmjs.org/esbuild/-/esbuild-0.28.2.tgz 0ms (cache hit)
3877 http cache d3-path@https://registry.npmjs.org/d3-path/-/d3-path-3.1.0.tgz 0ms (cache hit)
3878 http cache d3-time-format@https://registry.npmjs.org/d3-time-format/-/d3-time-format-4.1.0.tgz 0ms (cache hit)
3879 http cache d3-format@https://registry.npmjs.org/d3-format/-/d3-format-3.1.2.tgz 1ms (cache hit)
3880 http cache d3-color@https://registry.npmjs.org/d3-color/-/d3-color-3.1.0.tgz 0ms (cache hit)
3881 http cache internmap@https://registry.npmjs.org/internmap/-/internmap-2.0.3.tgz 0ms (cache hit)
3882 http cache @types/d3-path@https://registry.npmjs.org/@types/d3-path/-/d3-path-3.1.1.tgz 0ms (cache hit)
3883 http cache @types/d3-color@https://registry.npmjs.org/@types/d3-color/-/d3-color-3.1.3.tgz 0ms (cache hit)
3884 http cache d3-timer@https://registry.npmjs.org/d3-timer/-/d3-timer-3.0.1.tgz 0ms (cache hit)
3885 http cache d3-time@https://registry.npmjs.org/d3-time/-/d3-time-3.1.0.tgz 1ms (cache hit)
3886 http cache d3-shape@https://registry.npmjs.org/d3-shape/-/d3-shape-3.2.0.tgz 0ms (cache hit)
3887 http cache d3-scale@https://registry.npmjs.org/d3-scale/-/d3-scale-4.0.2.tgz 0ms (cache hit)
3888 http cache d3-interpolate@https://registry.npmjs.org/d3-interpolate/-/d3-interpolate-3.0.1.tgz 0ms (cache hit)
3889 http cache d3-ease@https://registry.npmjs.org/d3-ease/-/d3-ease-3.0.1.tgz 0ms (cache hit)
3890 http cache d3-array@https://registry.npmjs.org/d3-array/-/d3-array-3.2.4.tgz 0ms (cache hit)
3891 http cache @types/d3-timer@https://registry.npmjs.org/@types/d3-timer/-/d3-timer-3.0.2.tgz 0ms (cache hit)
3892 http cache @types/d3-time@https://registry.npmjs.org/@types/d3-time/-/d3-time-3.0.4.tgz 0ms (cache hit)
3893 http cache @types/d3-shape@https://registry.npmjs.org/@types/d3-shape/-/d3-shape-3.2.0.tgz 0ms (cache hit)
3894 http cache @types/d3-scale@https://registry.npmjs.org/@types/d3-scale/-/d3-scale-4.0.9.tgz 0ms (cache hit)
3895 http cache @types/d3-interpolate@https://registry.npmjs.org/@types/d3-interpolate/-/d3-interpolate-3.0.4.tgz 0ms (cache hit)
3896 http cache @types/d3-array@https://registry.npmjs.org/@types/d3-array/-/d3-array-3.2.2.tgz 0ms (cache hit)
3897 http cache @types/d3-ease@https://registry.npmjs.org/@types/d3-ease/-/d3-ease-3.0.2.tgz 0ms (cache hit)
3898 http cache detect-node-es@https://registry.npmjs.org/detect-node-es/-/detect-node-es-1.1.0.tgz 0ms (cache hit)
3899 http cache escalade@https://registry.npmjs.org/escalade/-/escalade-3.2.0.tgz 1ms (cache hit)
3900 http cache webpack-virtual-modules@https://registry.npmjs.org/webpack-virtual-modules/-/webpack-virtual-modules-0.6.2.tgz 0ms (cache hit)
3901 http cache @typescript-eslint/tsconfig-utils@https://registry.npmjs.org/@typescript-eslint/tsconfig-utils/-/tsconfig-utils-8.70.0.tgz 0ms (cache hit)
3902 http cache @typescript-eslint/project-service@https://registry.npmjs.org/@typescript-eslint/project-service/-/project-service-8.70.0.tgz 0ms (cache hit)
3903 http cache @typescript-eslint/types@https://registry.npmjs.org/@typescript-eslint/types/-/types-8.70.0.tgz 1ms (cache hit)
3904 http cache ts-api-utils@https://registry.npmjs.org/ts-api-utils/-/ts-api-utils-2.5.0.tgz 0ms (cache hit)
3905 http cache @typescript-eslint/visitor-keys@https://registry.npmjs.org/@typescript-eslint/visitor-keys/-/visitor-keys-8.70.0.tgz 0ms (cache hit)
3906 http cache @typescript-eslint/type-utils@https://registry.npmjs.org/@typescript-eslint/type-utils/-/type-utils-8.70.0.tgz 0ms (cache hit)
3907 http cache @typescript-eslint/scope-manager@https://registry.npmjs.org/@typescript-eslint/scope-manager/-/scope-manager-8.70.0.tgz 0ms (cache hit)
3908 http cache @typescript-eslint/utils@https://registry.npmjs.org/@typescript-eslint/utils/-/utils-8.70.0.tgz 0ms (cache hit)
3909 http cache @typescript-eslint/typescript-estree@https://registry.npmjs.org/@typescript-eslint/typescript-estree/-/typescript-estree-8.70.0.tgz 0ms (cache hit)
3910 http cache @typescript-eslint/parser@https://registry.npmjs.org/@typescript-eslint/parser/-/parser-8.70.0.tgz 0ms (cache hit)
3911 http cache @typescript-eslint/eslint-plugin@https://registry.npmjs.org/@typescript-eslint/eslint-plugin/-/eslint-plugin-8.70.0.tgz 0ms (cache hit)
3912 http cache fdir@https://registry.npmjs.org/fdir/-/fdir-6.5.0.tgz 0ms (cache hit)
3913 http cache @pkgr/core@https://registry.npmjs.org/@pkgr/core/-/core-0.3.6.tgz 0ms (cache hit)
3914 http cache buffer-from@https://registry.npmjs.org/buffer-from/-/buffer-from-1.1.2.tgz 0ms (cache hit)
3915 http cache shebang-regex@https://registry.npmjs.org/shebang-regex/-/shebang-regex-3.0.0.tgz 0ms (cache hit)
3916 http cache @rolldown/binding-wasm32-wasi@https://registry.npmjs.org/@rolldown/binding-wasm32-wasi/-/binding-wasm32-wasi-1.2.1.tgz 0ms (cache hit)
3917 http cache @rolldown/binding-android-arm64@https://registry.npmjs.org/@rolldown/binding-android-arm64/-/binding-android-arm64-1.2.1.tgz 0ms (cache hit)
3918 http cache decimal.js-light@https://registry.npmjs.org/decimal.js-light/-/decimal.js-light-2.5.1.tgz 0ms (cache hit)
3919 http cache dom-helpers@https://registry.npmjs.org/dom-helpers/-/dom-helpers-5.2.1.tgz 0ms (cache hit)
3920 http cache @babel/runtime@https://registry.npmjs.org/@babel/runtime/-/runtime-7.29.7.tgz 0ms (cache hit)
3921 http cache object-assign@https://registry.npmjs.org/object-assign/-/object-assign-4.1.1.tgz 0ms (cache hit)
3922 http cache loose-envify@https://registry.npmjs.org/loose-envify/-/loose-envify-1.4.0.tgz 0ms (cache hit)
3923 http cache react-transition-group@https://registry.npmjs.org/react-transition-group/-/react-transition-group-4.4.5.tgz 0ms (cache hit)
3924 http cache prop-types@https://registry.npmjs.org/prop-types/-/prop-types-15.8.1.tgz 0ms (cache hit)
3925 http cache fast-equals@https://registry.npmjs.org/fast-equals/-/fast-equals-5.4.2.tgz 0ms (cache hit)
3926 http cache victory-vendor@https://registry.npmjs.org/victory-vendor/-/victory-vendor-36.9.2.tgz 0ms (cache hit)
3927 http cache tiny-invariant@https://registry.npmjs.org/tiny-invariant/-/tiny-invariant-1.3.3.tgz 0ms (cache hit)
3928 http cache recharts-scale@https://registry.npmjs.org/recharts-scale/-/recharts-scale-0.4.5.tgz 0ms (cache hit)
3929 http cache react-smooth@https://registry.npmjs.org/react-smooth/-/react-smooth-4.0.4.tgz 0ms (cache hit)
3930 http cache react-is@https://registry.npmjs.org/react-is/-/react-is-18.3.1.tgz 0ms (cache hit)
3931 http cache lodash@https://registry.npmjs.org/lodash/-/lodash-4.18.1.tgz 0ms (cache hit)
3932 http cache eventemitter3@https://registry.npmjs.org/eventemitter3/-/eventemitter3-4.0.7.tgz 0ms (cache hit)
3933 http cache get-nonce@https://registry.npmjs.org/get-nonce/-/get-nonce-1.0.1.tgz 0ms (cache hit)
3934 http cache use-sidecar@https://registry.npmjs.org/use-sidecar/-/use-sidecar-1.1.3.tgz 0ms (cache hit)
3935 http cache use-callback-ref@https://registry.npmjs.org/use-callback-ref/-/use-callback-ref-1.3.3.tgz 1ms (cache hit)
3936 http cache react-style-singleton@https://registry.npmjs.org/react-style-singleton/-/react-style-singleton-2.2.3.tgz 0ms (cache hit)
3937 http cache react-remove-scroll-bar@https://registry.npmjs.org/react-remove-scroll-bar/-/react-remove-scroll-bar-2.3.8.tgz 0ms (cache hit)
3938 http cache scheduler@https://registry.npmjs.org/scheduler/-/scheduler-0.28.0.tgz 0ms (cache hit)
3939 http cache date-fns-jalali@https://registry.npmjs.org/date-fns-jalali/-/date-fns-jalali-4.1.0-0.tgz 0ms (cache hit)
3940 http cache @tabby_ai/hijri-converter@https://registry.npmjs.org/@tabby_ai/hijri-converter/-/hijri-converter-1.0.5.tgz 0ms (cache hit)
3941 http cache @date-fns/tz@https://registry.npmjs.org/@date-fns/tz/-/tz-1.5.0.tgz 0ms (cache hit)
3942 http cache fast-diff@https://registry.npmjs.org/fast-diff/-/fast-diff-1.3.0.tgz 0ms (cache hit)
3943 http cache callsites@https://registry.npmjs.org/callsites/-/callsites-3.1.0.tgz 0ms (cache hit)
3944 http cache yocto-queue@https://registry.npmjs.org/yocto-queue/-/yocto-queue-0.1.0.tgz 0ms (cache hit)
3945 http cache p-limit@https://registry.npmjs.org/p-limit/-/p-limit-3.1.0.tgz 0ms (cache hit)
3946 http cache @tybys/wasm-util@https://registry.npmjs.org/@tybys/wasm-util/-/wasm-util-0.10.4.tgz 0ms (cache hit)
3947 http cache @emnapi/wasi-threads@https://registry.npmjs.org/@emnapi/wasi-threads/-/wasi-threads-1.2.3.tgz 0ms (cache hit)
3948 http cache @emnapi/core@https://registry.npmjs.org/@emnapi/core/-/core-1.11.3.tgz 0ms (cache hit)
3949 http cache @napi-rs/wasm-runtime@https://registry.npmjs.org/@napi-rs/wasm-runtime/-/wasm-runtime-1.2.4.tgz 0ms (cache hit)
3950 http cache @oxc-project/types@https://registry.npmjs.org/@oxc-project/types/-/types-0.120.0.tgz 0ms (cache hit)
3951 http cache @oxc-parser/binding-android-arm64@https://registry.npmjs.org/@oxc-parser/binding-android-arm64/-/binding-android-arm64-0.120.0.tgz 0ms (cache hit)
3952 http cache word-wrap@https://registry.npmjs.org/word-wrap/-/word-wrap-1.2.5.tgz 0ms (cache hit)
3953 http cache fast-levenshtein@https://registry.npmjs.org/fast-levenshtein/-/fast-levenshtein-2.0.6.tgz 0ms (cache hit)
3954 http cache deep-is@https://registry.npmjs.org/deep-is/-/deep-is-0.1.4.tgz 0ms (cache hit)
3955 http cache ocache@https://registry.npmjs.org/ocache/-/ocache-0.3.0.tgz 0ms (cache hit)
3956 http cache httpxy@https://registry.npmjs.org/httpxy/-/httpxy-0.5.5.tgz 0ms (cache hit)
3957 http cache unstorage@https://registry.npmjs.org/unstorage/-/unstorage-2.0.0-alpha.10.tgz 0ms (cache hit)
3958 http cache unenv@https://registry.npmjs.org/unenv/-/unenv-2.0.0-rc.24.tgz 0ms (cache hit)
3959 http cache rolldown@https://registry.npmjs.org/rolldown/-/rolldown-1.2.1.tgz 1ms (cache hit)
3960 http cache ohash@https://registry.npmjs.org/ohash/-/ohash-2.0.12.tgz 0ms (cache hit)
3961 http cache ofetch@https://registry.npmjs.org/ofetch/-/ofetch-2.0.0-alpha.3.tgz 0ms (cache hit)
3962 http cache nf3@https://registry.npmjs.org/nf3/-/nf3-0.3.24.tgz 0ms (cache hit)
3963 http cache hookable@https://registry.npmjs.org/hookable/-/hookable-6.1.2.tgz 0ms (cache hit)
3964 http cache h3@https://registry.npmjs.org/h3/-/h3-2.0.1-rc.32.tgz 0ms (cache hit)
3965 http cache env-runner@https://registry.npmjs.org/env-runner/-/env-runner-0.1.16.tgz 0ms (cache hit)
3966 http cache db0@https://registry.npmjs.org/db0/-/db0-0.3.4.tgz 0ms (cache hit)
3967 http cache crossws@https://registry.npmjs.org/crossws/-/crossws-0.4.12.tgz 0ms (cache hit)
3968 http cache consola@https://registry.npmjs.org/consola/-/consola-3.4.2.tgz 0ms (cache hit)
3969 http cache concat-map@https://registry.npmjs.org/concat-map/-/concat-map-0.0.1.tgz 0ms (cache hit)
3970 http cache balanced-match@https://registry.npmjs.org/balanced-match/-/balanced-match-1.0.2.tgz 0ms (cache hit)
3971 http cache brace-expansion@https://registry.npmjs.org/brace-expansion/-/brace-expansion-1.1.21.tgz 0ms (cache hit)
3972 http cache yallist@https://registry.npmjs.org/yallist/-/yallist-3.1.1.tgz 0ms (cache hit)
3973 http cache p-locate@https://registry.npmjs.org/p-locate/-/p-locate-5.0.0.tgz 0ms (cache hit)
3974 http cache lightningcss-android-arm64@https://registry.npmjs.org/lightningcss-android-arm64/-/lightningcss-android-arm64-1.33.0.tgz 0ms (cache hit)
3975 http cache detect-libc@https://registry.npmjs.org/detect-libc/-/detect-libc-2.1.2.tgz 0ms (cache hit)
3976 http cache type-check@https://registry.npmjs.org/type-check/-/type-check-0.4.0.tgz 0ms (cache hit)
3977 http cache prelude-ls@https://registry.npmjs.org/prelude-ls/-/prelude-ls-1.2.1.tgz 0ms (cache hit)
3978 http cache shell-quote@https://registry.npmjs.org/shell-quote/-/shell-quote-1.10.0.tgz 0ms (cache hit)
3979 http cache json-buffer@https://registry.npmjs.org/json-buffer/-/json-buffer-3.0.1.tgz 0ms (cache hit)
3980 http cache argparse@https://registry.npmjs.org/argparse/-/argparse-2.0.1.tgz 0ms (cache hit)
3981 http cache is-extglob@https://registry.npmjs.org/is-extglob/-/is-extglob-2.1.1.tgz 0ms (cache hit)
3982 http cache resolve-from@https://registry.npmjs.org/resolve-from/-/resolve-from-4.0.0.tgz 0ms (cache hit)
3983 http cache parent-module@https://registry.npmjs.org/parent-module/-/parent-module-1.0.1.tgz 0ms (cache hit)
3984 http cache rou3@https://registry.npmjs.org/rou3/-/rou3-0.8.1.tgz 0ms (cache hit)
3985 http cache resolve-pkg-maps@https://registry.npmjs.org/resolve-pkg-maps/-/resolve-pkg-maps-1.0.0.tgz 1ms (cache hit)
3986 http cache keyv@https://registry.npmjs.org/keyv/-/keyv-4.5.4.tgz 0ms (cache hit)
3987 http cache flatted@https://registry.npmjs.org/flatted/-/flatted-3.4.4.tgz 0ms (cache hit)
3988 http cache path-exists@https://registry.npmjs.org/path-exists/-/path-exists-4.0.0.tgz 0ms (cache hit)
3989 http cache locate-path@https://registry.npmjs.org/locate-path/-/locate-path-6.0.0.tgz 1ms (cache hit)
3990 http cache flat-cache@https://registry.npmjs.org/flat-cache/-/flat-cache-4.0.1.tgz 0ms (cache hit)
3991 http cache acorn-jsx@https://registry.npmjs.org/acorn-jsx/-/acorn-jsx-5.3.2.tgz 0ms (cache hit)
3992 http cache acorn@https://registry.npmjs.org/acorn/-/acorn-8.18.0.tgz 0ms (cache hit)
3993 http cache estraverse@https://registry.npmjs.org/estraverse/-/estraverse-5.3.0.tgz 0ms (cache hit)
3994 http cache esrecurse@https://registry.npmjs.org/esrecurse/-/esrecurse-4.3.0.tgz 0ms (cache hit)
3995 http cache synckit@https://registry.npmjs.org/synckit/-/synckit-0.11.13.tgz 0ms (cache hit)
3996 http cache prettier-linter-helpers@https://registry.npmjs.org/prettier-linter-helpers/-/prettier-linter-helpers-1.0.1.tgz 0ms (cache hit)
3997 http cache which@https://registry.npmjs.org/which/-/which-2.0.2.tgz 0ms (cache hit)
3998 http cache shebang-command@https://registry.npmjs.org/shebang-command/-/shebang-command-2.0.0.tgz 0ms (cache hit)
3999 http cache path-key@https://registry.npmjs.org/path-key/-/path-key-3.1.1.tgz 0ms (cache hit)
4000 http cache require-from-string@https://registry.npmjs.org/require-from-string/-/require-from-string-2.0.2.tgz 0ms (cache hit)
4001 http cache json-schema-traverse@https://registry.npmjs.org/json-schema-traverse/-/json-schema-traverse-1.0.0.tgz 0ms (cache hit)
4002 http cache fast-uri@https://registry.npmjs.org/fast-uri/-/fast-uri-3.1.8.tgz 0ms (cache hit)
4003 http cache @humanfs/types@https://registry.npmjs.org/@humanfs/types/-/types-0.15.0.tgz 0ms (cache hit)
4004 http cache @humanfs/core@https://registry.npmjs.org/@humanfs/core/-/core-0.19.2.tgz 0ms (cache hit)
4005 http cache ajv@https://registry.npmjs.org/ajv/-/ajv-8.20.0.tgz 1ms (cache hit)
4006 http cache levn@https://registry.npmjs.org/levn/-/levn-0.4.1.tgz 0ms (cache hit)
4007 http cache strip-json-comments@https://registry.npmjs.org/strip-json-comments/-/strip-json-comments-3.1.1.tgz 0ms (cache hit)
4008 http cache js-yaml@https://registry.npmjs.org/js-yaml/-/js-yaml-4.3.2.tgz 0ms (cache hit)
4009 http cache import-fresh@https://registry.npmjs.org/import-fresh/-/import-fresh-3.3.1.tgz 0ms (cache hit)
4010 http cache @types/json-schema@https://registry.npmjs.org/@types/json-schema/-/json-schema-7.0.15.tgz 0ms (cache hit)
4011 http cache @eslint/object-schema@https://registry.npmjs.org/@eslint/object-schema/-/object-schema-2.1.7.tgz 0ms (cache hit)
4012 http cache optionator@https://registry.npmjs.org/optionator/-/optionator-0.9.4.tgz 1ms (cache hit)
4013 http cache minimatch@https://registry.npmjs.org/minimatch/-/minimatch-3.1.5.tgz 0ms (cache hit)
4014 http cache lodash.merge@https://registry.npmjs.org/lodash.merge/-/lodash.merge-4.6.2.tgz 0ms (cache hit)
4015 http cache json-stable-stringify-without-jsonify@https://registry.npmjs.org/json-stable-stringify-without-jsonify/-/json-stable-stringify-without-jsonify-1.0.1.tgz 0ms (cache hit)
4016 http cache is-glob@https://registry.npmjs.org/is-glob/-/is-glob-4.0.3.tgz 0ms (cache hit)
4017 http cache imurmurhash@https://registry.npmjs.org/imurmurhash/-/imurmurhash-0.1.4.tgz 0ms (cache hit)
4018 http cache ignore@https://registry.npmjs.org/ignore/-/ignore-5.3.2.tgz 0ms (cache hit)
4019 http cache glob-parent@https://registry.npmjs.org/glob-parent/-/glob-parent-6.0.2.tgz 0ms (cache hit)
4020 http cache natural-compare@https://registry.npmjs.org/natural-compare/-/natural-compare-1.4.0.tgz 0ms (cache hit)
4021 http cache find-up@https://registry.npmjs.org/find-up/-/find-up-5.0.0.tgz 0ms (cache hit)
4022 http cache file-entry-cache@https://registry.npmjs.org/file-entry-cache/-/file-entry-cache-8.0.0.tgz 0ms (cache hit)
4023 http cache fast-deep-equal@https://registry.npmjs.org/fast-deep-equal/-/fast-deep-equal-3.1.3.tgz 0ms (cache hit)
4024 http cache esutils@https://registry.npmjs.org/esutils/-/esutils-2.0.3.tgz 0ms (cache hit)
4025 http cache esquery@https://registry.npmjs.org/esquery/-/esquery-1.7.0.tgz 0ms (cache hit)
4026 http cache espree@https://registry.npmjs.org/espree/-/espree-10.4.0.tgz 0ms (cache hit)
4027 http cache eslint-scope@https://registry.npmjs.org/eslint-scope/-/eslint-scope-8.4.0.tgz 1ms (cache hit)
4028 http cache eslint-visitor-keys@https://registry.npmjs.org/eslint-visitor-keys/-/eslint-visitor-keys-4.2.1.tgz 0ms (cache hit)
4029 http cache escape-string-regexp@https://registry.npmjs.org/escape-string-regexp/-/escape-string-regexp-4.0.0.tgz 0ms (cache hit)
4030 http cache cross-spawn@https://registry.npmjs.org/cross-spawn/-/cross-spawn-7.0.6.tgz 0ms (cache hit)
4031 http cache @humanwhocodes/retry@https://registry.npmjs.org/@humanwhocodes/retry/-/retry-0.4.3.tgz 0ms (cache hit)
4032 http cache @humanwhocodes/module-importer@https://registry.npmjs.org/@humanwhocodes/module-importer/-/module-importer-1.0.1.tgz 0ms (cache hit)
4033 http cache @humanfs/node@https://registry.npmjs.org/@humanfs/node/-/node-0.16.8.tgz 0ms (cache hit)
4034 http cache @eslint/plugin-kit@https://registry.npmjs.org/@eslint/plugin-kit/-/plugin-kit-0.4.1.tgz 0ms (cache hit)
4035 http cache @eslint/eslintrc@https://registry.npmjs.org/@eslint/eslintrc/-/eslintrc-3.3.7.tgz 0ms (cache hit)
4036 http cache @eslint/core@https://registry.npmjs.org/@eslint/core/-/core-0.17.0.tgz 0ms (cache hit)
4037 http cache @eslint-community/regexpp@https://registry.npmjs.org/@eslint-community/regexpp/-/regexpp-4.12.2.tgz 0ms (cache hit)
4038 http cache @eslint/config-helpers@https://registry.npmjs.org/@eslint/config-helpers/-/config-helpers-0.4.2.tgz 0ms (cache hit)
4039 http cache @eslint-community/eslint-utils@https://registry.npmjs.org/@eslint-community/eslint-utils/-/eslint-utils-4.10.1.tgz 0ms (cache hit)
4040 http cache tapable@https://registry.npmjs.org/tapable/-/tapable-2.3.3.tgz 0ms (cache hit)
4041 http cache graceful-fs@https://registry.npmjs.org/graceful-fs/-/graceful-fs-4.2.11.tgz 0ms (cache hit)
4042 http cache embla-carousel@https://registry.npmjs.org/embla-carousel/-/embla-carousel-8.6.0.tgz 0ms (cache hit)
4043 http cache source-map-support@https://registry.npmjs.org/source-map-support/-/source-map-support-0.5.21.tgz 0ms (cache hit)
4044 http cache embla-carousel-reactive-utils@https://registry.npmjs.org/embla-carousel-reactive-utils/-/embla-carousel-reactive-utils-8.6.0.tgz 1ms (cache hit)
4045 http cache get-tsconfig@https://registry.npmjs.org/get-tsconfig/-/get-tsconfig-4.14.3.tgz 0ms (cache hit)
4046 http cache @esbuild-kit/core-utils@https://registry.npmjs.org/@esbuild-kit/core-utils/-/core-utils-3.3.2.tgz 0ms (cache hit)
4047 http cache tsx@https://registry.npmjs.org/tsx/-/tsx-4.23.13.tgz 0ms (cache hit)
4048 http cache @esbuild-kit/esm-loader@https://registry.npmjs.org/@esbuild-kit/esm-loader/-/esm-loader-2.6.5.tgz 0ms (cache hit)
4049 http cache @drizzle-team/brocli@https://registry.npmjs.org/@drizzle-team/brocli/-/brocli-0.10.2.tgz 0ms (cache hit)
4050 http cache @types/estree@https://registry.npmjs.org/@types/estree/-/estree-1.0.9.tgz 0ms (cache hit)
4051 http cache ms@https://registry.npmjs.org/ms/-/ms-2.1.3.tgz 0ms (cache hit)
4052 http cache readdirp@https://registry.npmjs.org/readdirp/-/readdirp-5.1.1.tgz 1ms (cache hit)
4053 http cache update-browserslist-db@https://registry.npmjs.org/update-browserslist-db/-/update-browserslist-db-1.3.3.tgz 0ms (cache hit)
4054 http cache node-releases@https://registry.npmjs.org/node-releases/-/node-releases-2.0.56.tgz 0ms (cache hit)
4055 http cache electron-to-chromium@https://registry.npmjs.org/electron-to-chromium/-/electron-to-chromium-1.5.430.tgz 0ms (cache hit)
4056 http cache caniuse-lite@https://registry.npmjs.org/caniuse-lite/-/caniuse-lite-1.0.30001810.tgz 0ms (cache hit)
4057 http cache baseline-browser-mapping@https://registry.npmjs.org/baseline-browser-mapping/-/baseline-browser-mapping-2.11.25.tgz 0ms (cache hit)
4058 http cache @types/babel__traverse@https://registry.npmjs.org/@types/babel__traverse/-/babel__traverse-7.28.0.tgz 0ms (cache hit)
4059 http cache @types/babel__template@https://registry.npmjs.org/@types/babel__template/-/babel__template-7.4.4.tgz 0ms (cache hit)
4060 http cache @types/babel__generator@https://registry.npmjs.org/@types/babel__generator/-/babel__generator-7.27.0.tgz 0ms (cache hit)
4061 http cache @babel/helper-plugin-utils@https://registry.npmjs.org/@babel/helper-plugin-utils/-/helper-plugin-utils-7.29.7.tgz 0ms (cache hit)
4062 http cache react-refresh@https://registry.npmjs.org/react-refresh/-/react-refresh-0.18.0.tgz 0ms (cache hit)
4063 http cache @types/babel__core@https://registry.npmjs.org/@types/babel__core/-/babel__core-7.20.5.tgz 0ms (cache hit)
4064 http cache @rolldown/pluginutils@https://registry.npmjs.org/@rolldown/pluginutils/-/pluginutils-1.0.0-rc.3.tgz 1ms (cache hit)
4065 http cache @babel/plugin-transform-react-jsx-source@https://registry.npmjs.org/@babel/plugin-transform-react-jsx-source/-/plugin-transform-react-jsx-source-7.29.7.tgz 0ms (cache hit)
4066 http cache @babel/plugin-transform-react-jsx-self@https://registry.npmjs.org/@babel/plugin-transform-react-jsx-self/-/plugin-transform-react-jsx-self-7.29.7.tgz 1ms (cache hit)
4067 http cache csstype@https://registry.npmjs.org/csstype/-/csstype-3.2.3.tgz 0ms (cache hit)
4068 http cache undici-types@https://registry.npmjs.org/undici-types/-/undici-types-6.21.0.tgz 0ms (cache hit)
4069 http cache h3-v2@https://registry.npmjs.org/h3/-/h3-2.0.1-rc.20.tgz 0ms (cache hit)
4070 http cache fetchdts@https://registry.npmjs.org/fetchdts/-/fetchdts-0.1.7.tgz 0ms (cache hit)
4071 http cache xmlbuilder2@https://registry.npmjs.org/xmlbuilder2/-/xmlbuilder2-4.0.3.tgz 0ms (cache hit)
4072 http cache vitefu@https://registry.npmjs.org/vitefu/-/vitefu-1.1.3.tgz 0ms (cache hit)
4073 http cache ufo@https://registry.npmjs.org/ufo/-/ufo-1.6.4.tgz 0ms (cache hit)
4074 http cache srvx@https://registry.npmjs.org/srvx/-/srvx-0.11.22.tgz 0ms (cache hit)
4075 http cache source-map@https://registry.npmjs.org/source-map/-/source-map-0.7.6.tgz 0ms (cache hit)
4076 http cache exsolve@https://registry.npmjs.org/exsolve/-/exsolve-1.1.1.tgz 0ms (cache hit)
4077 http cache tinyglobby@https://registry.npmjs.org/tinyglobby/-/tinyglobby-0.2.17.tgz 0ms (cache hit)
4078 http cache diff@https://registry.npmjs.org/diff/-/diff-8.0.4.tgz 0ms (cache hit)
4079 http cache babel-dead-code-elimination@https://registry.npmjs.org/babel-dead-code-elimination/-/babel-dead-code-elimination-1.0.12.tgz 1ms (cache hit)
4080 http cache ansis@https://registry.npmjs.org/ansis/-/ansis-4.4.0.tgz 0ms (cache hit)
4081 http cache @tanstack/virtual-file-routes@https://registry.npmjs.org/@tanstack/virtual-file-routes/-/virtual-file-routes-1.162.0.tgz 0ms (cache hit)
4082 http cache @babel/helper-string-parser@https://registry.npmjs.org/@babel/helper-string-parser/-/helper-string-parser-7.29.7.tgz 0ms (cache hit)
4083 http cache @babel/helper-globals@https://registry.npmjs.org/@babel/helper-globals/-/helper-globals-7.29.7.tgz 1ms (cache hit)
4084 http cache @babel/helper-module-imports@https://registry.npmjs.org/@babel/helper-module-imports/-/helper-module-imports-7.29.7.tgz 0ms (cache hit)
4085 http cache lru-cache@https://registry.npmjs.org/lru-cache/-/lru-cache-5.1.1.tgz 0ms (cache hit)
4086 http cache browserslist@https://registry.npmjs.org/browserslist/-/browserslist-4.29.0.tgz 0ms (cache hit)
4087 http cache @babel/helper-validator-option@https://registry.npmjs.org/@babel/helper-validator-option/-/helper-validator-option-7.29.7.tgz 0ms (cache hit)
4088 http cache @babel/compat-data@https://registry.npmjs.org/@babel/compat-data/-/compat-data-7.29.7.tgz 0ms (cache hit)
4089 http cache jsesc@https://registry.npmjs.org/jsesc/-/jsesc-3.1.0.tgz 0ms (cache hit)
4090 http cache picocolors@https://registry.npmjs.org/picocolors/-/picocolors-1.1.1.tgz 0ms (cache hit)
4091 http cache js-tokens@https://registry.npmjs.org/js-tokens/-/js-tokens-4.0.0.tgz 0ms (cache hit)
4092 http cache @babel/helper-validator-identifier@https://registry.npmjs.org/@babel/helper-validator-identifier/-/helper-validator-identifier-7.29.7.tgz 1ms (cache hit)
4093 http cache semver@https://registry.npmjs.org/semver/-/semver-6.3.1.tgz 0ms (cache hit)
4094 http cache json5@https://registry.npmjs.org/json5/-/json5-2.2.3.tgz 0ms (cache hit)
4095 http cache gensync@https://registry.npmjs.org/gensync/-/gensync-1.0.0-beta.2.tgz 0ms (cache hit)
4096 http cache debug@https://registry.npmjs.org/debug/-/debug-4.4.3.tgz 0ms (cache hit)
4097 http cache convert-source-map@https://registry.npmjs.org/convert-source-map/-/convert-source-map-2.0.0.tgz 0ms (cache hit)
4098 http cache @babel/traverse@https://registry.npmjs.org/@babel/traverse/-/traverse-7.29.8.tgz 1ms (cache hit)
4099 http cache @babel/parser@https://registry.npmjs.org/@babel/parser/-/parser-7.29.8.tgz 0ms (cache hit)
4100 http cache @babel/helpers@https://registry.npmjs.org/@babel/helpers/-/helpers-7.29.7.tgz 0ms (cache hit)
4101 http cache @babel/helper-module-transforms@https://registry.npmjs.org/@babel/helper-module-transforms/-/helper-module-transforms-7.29.7.tgz 0ms (cache hit)
4102 http cache @babel/helper-compilation-targets@https://registry.npmjs.org/@babel/helper-compilation-targets/-/helper-compilation-targets-7.29.7.tgz 0ms (cache hit)
4103 http cache @babel/generator@https://registry.npmjs.org/@babel/generator/-/generator-7.29.8.tgz 0ms (cache hit)
4104 http cache @babel/code-frame@https://registry.npmjs.org/@babel/code-frame/-/code-frame-7.29.7.tgz 0ms (cache hit)
4105 http cache unplugin@https://registry.npmjs.org/unplugin/-/unplugin-3.4.0.tgz 0ms (cache hit)
4106 http cache chokidar@https://registry.npmjs.org/chokidar/-/chokidar-5.0.0.tgz 0ms (cache hit)
4107 http cache @tanstack/router-generator@https://registry.npmjs.org/@tanstack/router-generator/-/router-generator-1.167.21.tgz 0ms (cache hit)
4108 http cache @babel/types@https://registry.npmjs.org/@babel/types/-/types-7.29.8.tgz 0ms (cache hit)
4109 http cache @babel/template@https://registry.npmjs.org/@babel/template/-/template-7.29.7.tgz 0ms (cache hit)
4110 http cache @babel/core@https://registry.npmjs.org/@babel/core/-/core-7.29.7.tgz 0ms (cache hit)
4111 http cache seroval-plugins@https://registry.npmjs.org/seroval-plugins/-/seroval-plugins-1.6.7.tgz 0ms (cache hit)
4112 http cache cookie-es@https://registry.npmjs.org/cookie-es/-/cookie-es-3.1.1.tgz 0ms (cache hit)
4113 http cache use-sync-external-store@https://registry.npmjs.org/use-sync-external-store/-/use-sync-external-store-1.7.0.tgz 0ms (cache hit)
4114 http cache @tanstack/store@https://registry.npmjs.org/@tanstack/store/-/store-0.9.3.tgz 1ms (cache hit)
4115 http cache @tanstack/start-storage-context@https://registry.npmjs.org/@tanstack/start-storage-context/-/start-storage-context-1.167.17.tgz 0ms (cache hit)
4116 http cache pathe@https://registry.npmjs.org/pathe/-/pathe-2.0.3.tgz 0ms (cache hit)
4117 http cache @tanstack/start-server-core@https://registry.npmjs.org/@tanstack/start-server-core/-/start-server-core-1.169.17.tgz 0ms (cache hit)
4118 http cache @tanstack/start-fn-stubs@https://registry.npmjs.org/@tanstack/start-fn-stubs/-/start-fn-stubs-1.162.0.tgz 0ms (cache hit)
4119 http cache @tanstack/start-client-core@https://registry.npmjs.org/@tanstack/start-client-core/-/start-client-core-1.170.14.tgz 0ms (cache hit)
4120 http cache @tanstack/start-plugin-core@https://registry.npmjs.org/@tanstack/start-plugin-core/-/start-plugin-core-1.171.24.tgz 0ms (cache hit)
4121 http cache @tanstack/react-start-server@https://registry.npmjs.org/@tanstack/react-start-server/-/react-start-server-1.167.22.tgz 0ms (cache hit)
4122 http cache @tanstack/react-start-rsc@https://registry.npmjs.org/@tanstack/react-start-rsc/-/react-start-rsc-0.1.31.tgz 0ms (cache hit)
4123 http cache @tanstack/react-start-client@https://registry.npmjs.org/@tanstack/react-start-client/-/react-start-client-1.168.16.tgz 0ms (cache hit)
4124 http cache @tanstack/router-utils@https://registry.npmjs.org/@tanstack/router-utils/-/router-utils-1.162.2.tgz 0ms (cache hit)
4125 http cache @tanstack/router-core@https://registry.npmjs.org/@tanstack/router-core/-/router-core-1.171.15.tgz 0ms (cache hit)
4126 http cache isbot@https://registry.npmjs.org/isbot/-/isbot-5.2.2.tgz 0ms (cache hit)
4127 http cache seroval@https://registry.npmjs.org/seroval/-/seroval-1.6.7.tgz 0ms (cache hit)
4128 http cache @tanstack/react-store@https://registry.npmjs.org/@tanstack/react-store/-/react-store-0.9.3.tgz 0ms (cache hit)
4129 http cache @tanstack/history@https://registry.npmjs.org/@tanstack/history/-/history-1.162.0.tgz 0ms (cache hit)
4130 http cache @tanstack/query-core@https://registry.npmjs.org/@tanstack/query-core/-/query-core-5.103.1.tgz 0ms (cache hit)
4131 http cache ws@https://registry.npmjs.org/ws/-/ws-8.21.3.tgz 1ms (cache hit)
4132 http cache @tanstack/devtools-event-client@https://registry.npmjs.org/@tanstack/devtools-event-client/-/devtools-event-client-0.5.0.tgz 0ms (cache hit)
4133 http cache picomatch@https://registry.npmjs.org/picomatch/-/picomatch-4.0.7.tgz 0ms (cache hit)
4134 http cache oxc-parser@https://registry.npmjs.org/oxc-parser/-/oxc-parser-0.120.0.tgz 0ms (cache hit)
4135 http cache launch-editor@https://registry.npmjs.org/launch-editor/-/launch-editor-2.14.1.tgz 0ms (cache hit)
4136 http cache chalk@https://registry.npmjs.org/chalk/-/chalk-5.6.2.tgz 0ms (cache hit)
4137 http cache @tanstack/devtools-event-bus@https://registry.npmjs.org/@tanstack/devtools-event-bus/-/devtools-event-bus-0.4.3.tgz 0ms (cache hit)
4138 http cache @tanstack/devtools-client@https://registry.npmjs.org/@tanstack/devtools-client/-/devtools-client-0.0.8.tgz 0ms (cache hit)
4139 http cache @tanstack/devtools-bundler-core@https://registry.npmjs.org/@tanstack/devtools-bundler-core/-/devtools-bundler-core-0.1.3.tgz 0ms (cache hit)
4140 http cache @tailwindcss/oxide-android-arm64@https://registry.npmjs.org/@tailwindcss/oxide-android-arm64/-/oxide-android-arm64-4.3.3.tgz 0ms (cache hit)
4141 http cache @jridgewell/resolve-uri@https://registry.npmjs.org/@jridgewell/resolve-uri/-/resolve-uri-3.1.2.tgz 0ms (cache hit)
4142 http cache @jridgewell/sourcemap-codec@https://registry.npmjs.org/@jridgewell/sourcemap-codec/-/sourcemap-codec-1.6.0.tgz 0ms (cache hit)
4143 http cache @jridgewell/trace-mapping@https://registry.npmjs.org/@jridgewell/trace-mapping/-/trace-mapping-0.3.31.tgz 0ms (cache hit)
4144 http cache @jridgewell/gen-mapping@https://registry.npmjs.org/@jridgewell/gen-mapping/-/gen-mapping-0.3.13.tgz 0ms (cache hit)
4145 http cache source-map-js@https://registry.npmjs.org/source-map-js/-/source-map-js-1.2.1.tgz 0ms (cache hit)
4146 http cache magic-string@https://registry.npmjs.org/magic-string/-/magic-string-0.30.21.tgz 1ms (cache hit)
4147 http cache jiti@https://registry.npmjs.org/jiti/-/jiti-2.7.0.tgz 0ms (cache hit)
4148 http cache enhanced-resolve@https://registry.npmjs.org/enhanced-resolve/-/enhanced-resolve-5.25.1.tgz 0ms (cache hit)
4149 http cache @jridgewell/remapping@https://registry.npmjs.org/@jridgewell/remapping/-/remapping-2.3.5.tgz 0ms (cache hit)
4150 http cache @tailwindcss/oxide@https://registry.npmjs.org/@tailwindcss/oxide/-/oxide-4.3.3.tgz 0ms (cache hit)
4151 http cache @tailwindcss/node@https://registry.npmjs.org/@tailwindcss/node/-/node-4.3.3.tgz 0ms (cache hit)
4152 http cache iceberg-js@https://registry.npmjs.org/iceberg-js/-/iceberg-js-0.8.1.tgz 0ms (cache hit)
4153 http cache @supabase/phoenix@https://registry.npmjs.org/@supabase/phoenix/-/phoenix-0.4.5.tgz 0ms (cache hit)
4154 http cache tslib@https://registry.npmjs.org/tslib/-/tslib-2.8.1.tgz 0ms (cache hit)
4155 http cache @supabase/storage-js@https://registry.npmjs.org/@supabase/storage-js/-/storage-js-2.116.0.tgz 0ms (cache hit)
4156 http cache @supabase/realtime-js@https://registry.npmjs.org/@supabase/realtime-js/-/realtime-js-2.116.0.tgz 0ms (cache hit)
4157 http cache @supabase/postgrest-js@https://registry.npmjs.org/@supabase/postgrest-js/-/postgrest-js-2.116.0.tgz 0ms (cache hit)
4158 http cache @supabase/functions-js@https://registry.npmjs.org/@supabase/functions-js/-/functions-js-2.116.0.tgz 0ms (cache hit)
4159 http cache @supabase/auth-js@https://registry.npmjs.org/@supabase/auth-js/-/auth-js-2.116.0.tgz 0ms (cache hit)
4160 http cache @radix-ui/number@https://registry.npmjs.org/@radix-ui/number/-/number-1.1.3.tgz 0ms (cache hit)
4161 http cache @floating-ui/utils@https://registry.npmjs.org/@floating-ui/utils/-/utils-0.2.12.tgz 1ms (cache hit)
4162 http cache @floating-ui/core@https://registry.npmjs.org/@floating-ui/core/-/core-1.8.0.tgz 0ms (cache hit)
4163 http cache @floating-ui/dom@https://registry.npmjs.org/@floating-ui/dom/-/dom-1.8.0.tgz 0ms (cache hit)
4164 http cache @radix-ui/rect@https://registry.npmjs.org/@radix-ui/rect/-/rect-1.1.3.tgz 0ms (cache hit)
4165 http cache @radix-ui/react-use-rect@https://registry.npmjs.org/@radix-ui/react-use-rect/-/react-use-rect-1.1.4.tgz 0ms (cache hit)
4166 http cache @radix-ui/react-arrow@https://registry.npmjs.org/@radix-ui/react-arrow/-/react-arrow-1.1.15.tgz 0ms (cache hit)
4167 http cache @floating-ui/react-dom@https://registry.npmjs.org/@floating-ui/react-dom/-/react-dom-2.1.9.tgz 0ms (cache hit)
4168 http cache @radix-ui/react-visually-hidden@https://registry.npmjs.org/@radix-ui/react-visually-hidden/-/react-visually-hidden-1.2.11.tgz 0ms (cache hit)
4169 http cache @radix-ui/react-use-previous@https://registry.npmjs.org/@radix-ui/react-use-previous/-/react-use-previous-1.1.4.tgz 0ms (cache hit)
4170 http cache @radix-ui/react-roving-focus@https://registry.npmjs.org/@radix-ui/react-roving-focus/-/react-roving-focus-1.1.19.tgz 0ms (cache hit)
4171 http cache @radix-ui/react-popper@https://registry.npmjs.org/@radix-ui/react-popper/-/react-popper-1.3.7.tgz 0ms (cache hit)
4172 http cache @radix-ui/react-use-effect-event@https://registry.npmjs.org/@radix-ui/react-use-effect-event/-/react-use-effect-event-0.0.5.tgz 0ms (cache hit)
4173 http cache react-remove-scroll@https://registry.npmjs.org/react-remove-scroll/-/react-remove-scroll-2.7.2.tgz 0ms (cache hit)
4174 http cache aria-hidden@https://registry.npmjs.org/aria-hidden/-/aria-hidden-1.2.6.tgz 1ms (cache hit)
4175 http cache @radix-ui/react-portal@https://registry.npmjs.org/@radix-ui/react-portal/-/react-portal-1.1.17.tgz 0ms (cache hit)
4176 http cache @radix-ui/react-focus-scope@https://registry.npmjs.org/@radix-ui/react-focus-scope/-/react-focus-scope-1.1.16.tgz 0ms (cache hit)
4177 http cache @radix-ui/react-focus-guards@https://registry.npmjs.org/@radix-ui/react-focus-guards/-/react-focus-guards-1.1.6.tgz 0ms (cache hit)
4178 http cache @radix-ui/react-dismissable-layer@https://registry.npmjs.org/@radix-ui/react-dismissable-layer/-/react-dismissable-layer-1.1.19.tgz 0ms (cache hit)
4179 http cache @radix-ui/react-menu@https://registry.npmjs.org/@radix-ui/react-menu/-/react-menu-2.1.24.tgz 0ms (cache hit)
4180 http cache @radix-ui/react-use-size@https://registry.npmjs.org/@radix-ui/react-use-size/-/react-use-size-1.1.4.tgz 0ms (cache hit)
4181 http cache @radix-ui/react-presence@https://registry.npmjs.org/@radix-ui/react-presence/-/react-presence-1.1.10.tgz 0ms (cache hit)
4182 http cache @radix-ui/react-use-layout-effect@https://registry.npmjs.org/@radix-ui/react-use-layout-effect/-/react-use-layout-effect-1.1.4.tgz 0ms (cache hit)
4183 http cache @radix-ui/react-use-callback-ref@https://registry.npmjs.org/@radix-ui/react-use-callback-ref/-/react-use-callback-ref-1.1.4.tgz 1ms (cache hit)
4184 http cache @radix-ui/react-use-controllable-state@https://registry.npmjs.org/@radix-ui/react-use-controllable-state/-/react-use-controllable-state-1.2.6.tgz 0ms (cache hit)
4185 http cache @radix-ui/react-primitive@https://registry.npmjs.org/@radix-ui/react-primitive/-/react-primitive-2.1.10.tgz 1ms (cache hit)
4186 http cache @radix-ui/react-id@https://registry.npmjs.org/@radix-ui/react-id/-/react-id-1.1.4.tgz 0ms (cache hit)
4187 http cache @radix-ui/react-context@https://registry.npmjs.org/@radix-ui/react-context/-/react-context-1.2.2.tgz 0ms (cache hit)
4188 http cache @radix-ui/react-compose-refs@https://registry.npmjs.org/@radix-ui/react-compose-refs/-/react-compose-refs-1.1.5.tgz 0ms (cache hit)
4189 http cache @radix-ui/react-direction@https://registry.npmjs.org/@radix-ui/react-direction/-/react-direction-1.1.4.tgz 0ms (cache hit)
4190 http cache @radix-ui/react-collection@https://registry.npmjs.org/@radix-ui/react-collection/-/react-collection-1.1.15.tgz 0ms (cache hit)
4191 http cache @radix-ui/primitive@https://registry.npmjs.org/@radix-ui/primitive/-/primitive-1.1.7.tgz 0ms (cache hit)
4192 http cache lightningcss@https://registry.npmjs.org/lightningcss/-/lightningcss-1.33.0.tgz 0ms (cache hit)
4193 http cache @tanstack/devtools-vite@https://registry.npmjs.org/@tanstack/devtools-vite/-/devtools-vite-0.8.5.tgz 0ms (cache hit)
4194 http cache @standard-schema/utils@https://registry.npmjs.org/@standard-schema/utils/-/utils-0.3.0.tgz 0ms (cache hit)
4195 http cache zod@https://registry.npmjs.org/zod/-/zod-3.25.76.tgz 0ms (cache hit)
4196 http cache vaul@https://registry.npmjs.org/vaul/-/vaul-1.1.2.tgz 0ms (cache hit)
4197 http cache typescript-eslint@https://registry.npmjs.org/typescript-eslint/-/typescript-eslint-8.70.0.tgz 0ms (cache hit)
4198 http cache typescript@https://registry.npmjs.org/typescript/-/typescript-5.9.3.tgz 0ms (cache hit)
4199 http cache tw-animate-css@https://registry.npmjs.org/tw-animate-css/-/tw-animate-css-1.4.0.tgz 0ms (cache hit)
4200 http cache tailwindcss@https://registry.npmjs.org/tailwindcss/-/tailwindcss-4.3.3.tgz 0ms (cache hit)
4201 http cache tailwind-merge@https://registry.npmjs.org/tailwind-merge/-/tailwind-merge-3.7.0.tgz 0ms (cache hit)
4202 http cache recharts@https://registry.npmjs.org/recharts/-/recharts-2.15.4.tgz 0ms (cache hit)
4203 http cache react-resizable-panels@https://registry.npmjs.org/react-resizable-panels/-/react-resizable-panels-4.12.4.tgz 0ms (cache hit)
4204 http cache react-day-picker@https://registry.npmjs.org/react-day-picker/-/react-day-picker-9.14.0.tgz 0ms (cache hit)
4205 http cache postgres@https://registry.npmjs.org/postgres/-/postgres-3.4.9.tgz 0ms (cache hit)
4206 http cache sonner@https://registry.npmjs.org/sonner/-/sonner-2.0.8.tgz 0ms (cache hit)
4207 http cache nitro@https://registry.npmjs.org/nitro/-/nitro-3.0.260603-beta.tgz 0ms (cache hit)
4208 http cache lucide-react@https://registry.npmjs.org/lucide-react/-/lucide-react-0.575.0.tgz 1ms (cache hit)
4209 http cache input-otp@https://registry.npmjs.org/input-otp/-/input-otp-1.5.0.tgz 0ms (cache hit)
4210 http cache globals@https://registry.npmjs.org/globals/-/globals-15.15.0.tgz 0ms (cache hit)
4211 http cache eslint-plugin-react-refresh@https://registry.npmjs.org/eslint-plugin-react-refresh/-/eslint-plugin-react-refresh-0.4.26.tgz 0ms (cache hit)
4212 http cache eslint-plugin-react-hooks@https://registry.npmjs.org/eslint-plugin-react-hooks/-/eslint-plugin-react-hooks-5.2.0.tgz 0ms (cache hit)
4213 http cache prettier@https://registry.npmjs.org/prettier/-/prettier-3.9.8.tgz 0ms (cache hit)
4214 http cache eslint-plugin-prettier@https://registry.npmjs.org/eslint-plugin-prettier/-/eslint-plugin-prettier-5.5.6.tgz 0ms (cache hit)
4215 http cache eslint-config-prettier@https://registry.npmjs.org/eslint-config-prettier/-/eslint-config-prettier-10.1.8.tgz 0ms (cache hit)
4216 http cache eslint@https://registry.npmjs.org/eslint/-/eslint-9.39.5.tgz 0ms (cache hit)
4217 http cache embla-carousel-react@https://registry.npmjs.org/embla-carousel-react/-/embla-carousel-react-8.6.0.tgz 0ms (cache hit)
4218 http cache drizzle-orm@https://registry.npmjs.org/drizzle-orm/-/drizzle-orm-0.45.2.tgz 0ms (cache hit)
4219 http cache drizzle-kit@https://registry.npmjs.org/drizzle-kit/-/drizzle-kit-0.31.10.tgz 0ms (cache hit)
4220 http cache date-fns@https://registry.npmjs.org/date-fns/-/date-fns-4.4.0.tgz 0ms (cache hit)
4221 http cache cmdk@https://registry.npmjs.org/cmdk/-/cmdk-1.1.1.tgz 0ms (cache hit)
4222 http cache clsx@https://registry.npmjs.org/clsx/-/clsx-2.1.1.tgz 0ms (cache hit)
4223 http cache class-variance-authority@https://registry.npmjs.org/class-variance-authority/-/class-variance-authority-0.7.1.tgz 0ms (cache hit)
4224 http cache @types/react-dom@https://registry.npmjs.org/@types/react-dom/-/react-dom-19.3.0.tgz 0ms (cache hit)
4225 http cache @types/react@https://registry.npmjs.org/@types/react/-/react-19.3.0.tgz 0ms (cache hit)
4226 http cache @types/node@https://registry.npmjs.org/@types/node/-/node-22.20.3.tgz 0ms (cache hit)
4227 http cache @tanstack/router-plugin@https://registry.npmjs.org/@tanstack/router-plugin/-/router-plugin-1.168.23.tgz 0ms (cache hit)
4228 http cache @tanstack/react-router@https://registry.npmjs.org/@tanstack/react-router/-/react-router-1.170.18.tgz 0ms (cache hit)
4229 http cache @tanstack/react-query@https://registry.npmjs.org/@tanstack/react-query/-/react-query-5.103.1.tgz 0ms (cache hit)
4230 http cache @supabase/supabase-js@https://registry.npmjs.org/@supabase/supabase-js/-/supabase-js-2.116.0.tgz 1ms (cache hit)
4231 http cache @radix-ui/react-tooltip@https://registry.npmjs.org/@radix-ui/react-tooltip/-/react-tooltip-1.2.16.tgz 0ms (cache hit)
4232 http cache @radix-ui/react-toggle-group@https://registry.npmjs.org/@radix-ui/react-toggle-group/-/react-toggle-group-1.1.19.tgz 0ms (cache hit)
4233 http cache @radix-ui/react-toggle@https://registry.npmjs.org/@radix-ui/react-toggle/-/react-toggle-1.1.18.tgz 0ms (cache hit)
4234 http cache @radix-ui/react-tabs@https://registry.npmjs.org/@radix-ui/react-tabs/-/react-tabs-1.1.21.tgz 1ms (cache hit)
4235 http cache @radix-ui/react-switch@https://registry.npmjs.org/@radix-ui/react-switch/-/react-switch-1.3.7.tgz 0ms (cache hit)
4236 http cache @radix-ui/react-use-is-hydrated@https://registry.npmjs.org/@radix-ui/react-use-is-hydrated/-/react-use-is-hydrated-0.1.3.tgz 0ms (cache hit)
4237 http cache @radix-ui/react-separator@https://registry.npmjs.org/@radix-ui/react-separator/-/react-separator-1.1.15.tgz 0ms (cache hit)
4238 http cache @radix-ui/react-slider@https://registry.npmjs.org/@radix-ui/react-slider/-/react-slider-1.4.7.tgz 0ms (cache hit)
4239 http cache @radix-ui/react-slot@https://registry.npmjs.org/@radix-ui/react-slot/-/react-slot-1.3.3.tgz 0ms (cache hit)
4240 http cache @radix-ui/react-select@https://registry.npmjs.org/@radix-ui/react-select/-/react-select-2.3.7.tgz 0ms (cache hit)
4241 http cache @radix-ui/react-scroll-area@https://registry.npmjs.org/@radix-ui/react-scroll-area/-/react-scroll-area-1.2.18.tgz 0ms (cache hit)
4242 http cache @radix-ui/react-radio-group@https://registry.npmjs.org/@radix-ui/react-radio-group/-/react-radio-group-1.4.7.tgz 0ms (cache hit)
4243 http cache @radix-ui/react-progress@https://registry.npmjs.org/@radix-ui/react-progress/-/react-progress-1.1.16.tgz 0ms (cache hit)
4244 http cache @radix-ui/react-popover@https://registry.npmjs.org/@radix-ui/react-popover/-/react-popover-1.1.23.tgz 0ms (cache hit)
4245 http cache @radix-ui/react-navigation-menu@https://registry.npmjs.org/@radix-ui/react-navigation-menu/-/react-navigation-menu-1.2.22.tgz 0ms (cache hit)
4246 http cache @radix-ui/react-menubar@https://registry.npmjs.org/@radix-ui/react-menubar/-/react-menubar-1.1.24.tgz 1ms (cache hit)
4247 http cache @radix-ui/react-label@https://registry.npmjs.org/@radix-ui/react-label/-/react-label-2.1.15.tgz 0ms (cache hit)
4248 http cache @radix-ui/react-hover-card@https://registry.npmjs.org/@radix-ui/react-hover-card/-/react-hover-card-1.1.23.tgz 0ms (cache hit)
4249 http cache @radix-ui/react-dropdown-menu@https://registry.npmjs.org/@radix-ui/react-dropdown-menu/-/react-dropdown-menu-2.1.24.tgz 0ms (cache hit)
4250 http cache @radix-ui/react-dialog@https://registry.npmjs.org/@radix-ui/react-dialog/-/react-dialog-1.1.23.tgz 0ms (cache hit)
4251 http cache @radix-ui/react-context-menu@https://registry.npmjs.org/@radix-ui/react-context-menu/-/react-context-menu-2.3.7.tgz 1ms (cache hit)
4252 http cache @radix-ui/react-collapsible@https://registry.npmjs.org/@radix-ui/react-collapsible/-/react-collapsible-1.1.20.tgz 0ms (cache hit)
4253 http cache @radix-ui/react-checkbox@https://registry.npmjs.org/@radix-ui/react-checkbox/-/react-checkbox-1.3.11.tgz 0ms (cache hit)
4254 http cache @radix-ui/react-avatar@https://registry.npmjs.org/@radix-ui/react-avatar/-/react-avatar-1.2.6.tgz 0ms (cache hit)
4255 http cache @radix-ui/react-aspect-ratio@https://registry.npmjs.org/@radix-ui/react-aspect-ratio/-/react-aspect-ratio-1.1.15.tgz 0ms (cache hit)
4256 http cache @radix-ui/react-alert-dialog@https://registry.npmjs.org/@radix-ui/react-alert-dialog/-/react-alert-dialog-1.1.23.tgz 0ms (cache hit)
4257 http cache @radix-ui/react-accordion@https://registry.npmjs.org/@radix-ui/react-accordion/-/react-accordion-1.2.20.tgz 0ms (cache hit)
4258 http cache react-dom@https://registry.npmjs.org/react-dom/-/react-dom-19.3.0.tgz 0ms (cache hit)
4259 http cache @tanstack/react-start@https://registry.npmjs.org/@tanstack/react-start/-/react-start-1.168.32.tgz 0ms (cache hit)
4260 http cache @vitejs/plugin-react@https://registry.npmjs.org/@vitejs/plugin-react/-/plugin-react-5.2.0.tgz 0ms (cache hit)
4261 http cache vite-tsconfig-paths@https://registry.npmjs.org/vite-tsconfig-paths/-/vite-tsconfig-paths-6.1.1.tgz 0ms (cache hit)
4262 http cache @tailwindcss/vite@https://registry.npmjs.org/@tailwindcss/vite/-/vite-4.3.3.tgz 0ms (cache hit)
4263 http cache vite@https://registry.npmjs.org/vite/-/vite-8.1.5.tgz 0ms (cache hit)
4264 http cache @lovable.dev/vite-tanstack-config@https://registry.npmjs.org/@lovable.dev/vite-tanstack-config/-/vite-tanstack-config-2.23.0.tgz 0ms (cache hit)
4265 http cache react@https://registry.npmjs.org/react/-/react-19.3.0.tgz 0ms (cache hit)
4266 http cache react-hook-form@https://registry.npmjs.org/react-hook-form/-/react-hook-form-7.88.0.tgz 1ms (cache hit)
4267 http cache @hookform/resolvers@https://registry.npmjs.org/@hookform/resolvers/-/resolvers-5.9.1.tgz 0ms (cache hit)
4268 http cache @eslint/js@https://registry.npmjs.org/@eslint/js/-/js-9.39.5.tgz 0ms (cache hit)
4269 http cache @eslint/config-array@https://registry.npmjs.org/@eslint/config-array/-/config-array-0.21.2.tgz 0ms (cache hit)
4270 http cache @emnapi/runtime@https://registry.npmjs.org/@emnapi/runtime/-/runtime-1.11.3.tgz 0ms (cache hit)
4271 http cache eslint-visitor-keys@https://registry.npmjs.org/eslint-visitor-keys/-/eslint-visitor-keys-5.0.1.tgz 0ms (cache hit)
4272 http cache brace-expansion@https://registry.npmjs.org/brace-expansion/-/brace-expansion-5.0.12.tgz 0ms (cache hit)
4273 http cache minimatch@https://registry.npmjs.org/minimatch/-/minimatch-10.2.6.tgz 0ms (cache hit)
4274 http cache ignore@https://registry.npmjs.org/ignore/-/ignore-7.0.9.tgz 0ms (cache hit)
4275 http cache @emnapi/runtime@https://registry.npmjs.org/@emnapi/runtime/-/runtime-2.0.0-alpha.3.tgz 0ms (cache hit)
4276 http cache @emnapi/core@https://registry.npmjs.org/@emnapi/core/-/core-2.0.0-alpha.3.tgz 0ms (cache hit)
4277 http cache @emnapi/wasi-threads@https://registry.npmjs.org/@emnapi/wasi-threads/-/wasi-threads-2.0.1.tgz 0ms (cache hit)
4278 http cache react-is@https://registry.npmjs.org/react-is/-/react-is-16.13.1.tgz 0ms (cache hit)
4279 http cache @rolldown/pluginutils@https://registry.npmjs.org/@rolldown/pluginutils/-/pluginutils-1.0.1.tgz 0ms (cache hit)
4280 http cache @oxc-project/types@https://registry.npmjs.org/@oxc-project/types/-/types-0.142.0.tgz 0ms (cache hit)
4281 http cache srvx@https://registry.npmjs.org/srvx/-/srvx-1.0.5.tgz 0ms (cache hit)
4282 http cache rou3@https://registry.npmjs.org/rou3/-/rou3-0.9.2.tgz 0ms (cache hit)
4283 http cache globals@https://registry.npmjs.org/globals/-/globals-14.0.0.tgz 0ms (cache hit)
4284 http cache ajv@https://registry.npmjs.org/ajv/-/ajv-6.15.0.tgz 0ms (cache hit)
4285 http cache eslint-visitor-keys@https://registry.npmjs.org/eslint-visitor-keys/-/eslint-visitor-keys-3.4.3.tgz 0ms (cache hit)
4286 http cache source-map@https://registry.npmjs.org/source-map/-/source-map-0.6.1.tgz 0ms (cache hit)
4287 http cache @esbuild/android-arm64@https://registry.npmjs.org/@esbuild/android-arm64/-/android-arm64-0.18.20.tgz 0ms (cache hit)
4288 http cache json-schema-traverse@https://registry.npmjs.org/json-schema-traverse/-/json-schema-traverse-0.4.1.tgz 0ms (cache hit)
4289 http cache esbuild@https://registry.npmjs.org/esbuild/-/esbuild-0.18.20.tgz 0ms (cache hit)
4290 http cache zod@https://registry.npmjs.org/zod/-/zod-4.6.5.tgz 0ms (cache hit)
4291 http cache zod@https://registry.npmjs.org/zod/-/zod-4.6.5.tgz 0ms (cache hit)
4292 http cache @babel/code-frame@https://registry.npmjs.org/@babel/code-frame/-/code-frame-7.27.1.tgz 0ms (cache hit)
4293 http cache lightningcss-android-arm64@https://registry.npmjs.org/lightningcss-android-arm64/-/lightningcss-android-arm64-1.32.0.tgz 0ms (cache hit)
4294 http cache lightningcss@https://registry.npmjs.org/lightningcss/-/lightningcss-1.32.0.tgz 0ms (cache hit)
4295 http cache ocache@https://registry.npmjs.org/ocache/-/ocache-0.1.5.tgz 0ms (cache hit)
4296 http cache json-schema-traverse@https://registry.npmjs.org/json-schema-traverse/-/json-schema-traverse-0.4.1.tgz 0ms (cache hit)
4297 http cache ajv@https://registry.npmjs.org/ajv/-/ajv-6.15.0.tgz 0ms (cache hit)
4298 http cache chalk@https://registry.npmjs.org/chalk/-/chalk-4.1.2.tgz 0ms (cache hit)
4299 http cache @esbuild/android-arm64@https://registry.npmjs.org/@esbuild/android-arm64/-/android-arm64-0.25.12.tgz 0ms (cache hit)
4300 http cache esbuild@https://registry.npmjs.org/esbuild/-/esbuild-0.25.12.tgz 0ms (cache hit)
4301 http cache zod@https://registry.npmjs.org/zod/-/zod-4.6.5.tgz 1ms (cache hit)
4302 http cache semver@https://registry.npmjs.org/semver/-/semver-7.8.5.tgz 0ms (cache hit)
4303 http cache balanced-match@https://registry.npmjs.org/balanced-match/-/balanced-match-4.0.4.tgz 0ms (cache hit)
4304 silly tarball no local data for punycode@https://registry.npmjs.org/punycode/-/punycode-2.3.1.tgz. Extracting by manifest.
4305 silly tarball no local data for uri-js@https://registry.npmjs.org/uri-js/-/uri-js-4.4.1.tgz. Extracting by manifest.
4306 silly tarball no local data for fast-json-stable-stringify@https://registry.npmjs.org/fast-json-stable-stringify/-/fast-json-stable-stringify-2.1.0.tgz. Extracting by manifest.
4307 silly tarball no local data for @oozcitak/url@https://registry.npmjs.org/@oozcitak/url/-/url-3.0.0.tgz. Extracting by manifest.
4308 silly tarball no local data for @oozcitak/util@https://registry.npmjs.org/@oozcitak/util/-/util-10.0.0.tgz. Extracting by manifest.
4309 silly tarball no local data for @oozcitak/infra@https://registry.npmjs.org/@oozcitak/infra/-/infra-2.0.2.tgz. Extracting by manifest.
4310 silly tarball no local data for @oozcitak/dom@https://registry.npmjs.org/@oozcitak/dom/-/dom-2.0.2.tgz. Extracting by manifest.
4311 silly tarball no local data for tsconfck@https://registry.npmjs.org/tsconfck/-/tsconfck-3.1.6.tgz. Extracting by manifest.
4312 silly tarball no local data for globrex@https://registry.npmjs.org/globrex/-/globrex-0.1.2.tgz. Extracting by manifest.
4313 silly tarball no local data for nanoid@https://registry.npmjs.org/nanoid/-/nanoid-3.3.19.tgz. Extracting by manifest.
4314 silly tarball no local data for @esbuild/android-arm64@https://registry.npmjs.org/@esbuild/android-arm64/-/android-arm64-0.28.2.tgz. Extracting by manifest.
4315 silly tarball no local data for postcss@https://registry.npmjs.org/postcss/-/postcss-8.5.28.tgz. Extracting by manifest.
4316 silly tarball no local data for esbuild@https://registry.npmjs.org/esbuild/-/esbuild-0.28.2.tgz. Extracting by manifest.
4317 silly tarball no local data for d3-path@https://registry.npmjs.org/d3-path/-/d3-path-3.1.0.tgz. Extracting by manifest.
4318 silly tarball no local data for d3-time-format@https://registry.npmjs.org/d3-time-format/-/d3-time-format-4.1.0.tgz. Extracting by manifest.
4319 silly tarball no local data for d3-format@https://registry.npmjs.org/d3-format/-/d3-format-3.1.2.tgz. Extracting by manifest.
4320 silly tarball no local data for d3-color@https://registry.npmjs.org/d3-color/-/d3-color-3.1.0.tgz. Extracting by manifest.
4321 silly tarball no local data for internmap@https://registry.npmjs.org/internmap/-/internmap-2.0.3.tgz. Extracting by manifest.
4322 silly tarball no local data for @types/d3-path@https://registry.npmjs.org/@types/d3-path/-/d3-path-3.1.1.tgz. Extracting by manifest.
4323 silly tarball no local data for d3-timer@https://registry.npmjs.org/d3-timer/-/d3-timer-3.0.1.tgz. Extracting by manifest.
4324 silly tarball no local data for @types/d3-color@https://registry.npmjs.org/@types/d3-color/-/d3-color-3.1.3.tgz. Extracting by manifest.
4325 silly tarball no local data for d3-time@https://registry.npmjs.org/d3-time/-/d3-time-3.1.0.tgz. Extracting by manifest.
4326 silly tarball no local data for d3-shape@https://registry.npmjs.org/d3-shape/-/d3-shape-3.2.0.tgz. Extracting by manifest.
4327 silly tarball no local data for d3-scale@https://registry.npmjs.org/d3-scale/-/d3-scale-4.0.2.tgz. Extracting by manifest.
4328 silly tarball no local data for d3-interpolate@https://registry.npmjs.org/d3-interpolate/-/d3-interpolate-3.0.1.tgz. Extracting by manifest.
4329 silly tarball no local data for d3-ease@https://registry.npmjs.org/d3-ease/-/d3-ease-3.0.1.tgz. Extracting by manifest.
4330 silly tarball no local data for d3-array@https://registry.npmjs.org/d3-array/-/d3-array-3.2.4.tgz. Extracting by manifest.
4331 silly tarball no local data for @types/d3-timer@https://registry.npmjs.org/@types/d3-timer/-/d3-timer-3.0.2.tgz. Extracting by manifest.
4332 silly tarball no local data for @types/d3-time@https://registry.npmjs.org/@types/d3-time/-/d3-time-3.0.4.tgz. Extracting by manifest.
4333 silly tarball no local data for @types/d3-shape@https://registry.npmjs.org/@types/d3-shape/-/d3-shape-3.2.0.tgz. Extracting by manifest.
4334 silly tarball no local data for @types/d3-scale@https://registry.npmjs.org/@types/d3-scale/-/d3-scale-4.0.9.tgz. Extracting by manifest.
4335 silly tarball no local data for @types/d3-interpolate@https://registry.npmjs.org/@types/d3-interpolate/-/d3-interpolate-3.0.4.tgz. Extracting by manifest.
4336 silly tarball no local data for @types/d3-array@https://registry.npmjs.org/@types/d3-array/-/d3-array-3.2.2.tgz. Extracting by manifest.
4337 silly tarball no local data for @types/d3-ease@https://registry.npmjs.org/@types/d3-ease/-/d3-ease-3.0.2.tgz. Extracting by manifest.
4338 silly tarball no local data for detect-node-es@https://registry.npmjs.org/detect-node-es/-/detect-node-es-1.1.0.tgz. Extracting by manifest.
4339 silly tarball no local data for @typescript-eslint/tsconfig-utils@https://registry.npmjs.org/@typescript-eslint/tsconfig-utils/-/tsconfig-utils-8.70.0.tgz. Extracting by manifest.
4340 silly tarball no local data for @typescript-eslint/project-service@https://registry.npmjs.org/@typescript-eslint/project-service/-/project-service-8.70.0.tgz. Extracting by manifest.
4341 silly tarball no local data for webpack-virtual-modules@https://registry.npmjs.org/webpack-virtual-modules/-/webpack-virtual-modules-0.6.2.tgz. Extracting by manifest.
4342 silly tarball no local data for @typescript-eslint/types@https://registry.npmjs.org/@typescript-eslint/types/-/types-8.70.0.tgz. Extracting by manifest.
4343 silly tarball no local data for ts-api-utils@https://registry.npmjs.org/ts-api-utils/-/ts-api-utils-2.5.0.tgz. Extracting by manifest.
4344 silly tarball no local data for @typescript-eslint/type-utils@https://registry.npmjs.org/@typescript-eslint/type-utils/-/type-utils-8.70.0.tgz. Extracting by manifest.
4345 silly tarball no local data for @typescript-eslint/visitor-keys@https://registry.npmjs.org/@typescript-eslint/visitor-keys/-/visitor-keys-8.70.0.tgz. Extracting by manifest.
4346 silly tarball no local data for @typescript-eslint/scope-manager@https://registry.npmjs.org/@typescript-eslint/scope-manager/-/scope-manager-8.70.0.tgz. Extracting by manifest.
4347 silly tarball no local data for @typescript-eslint/utils@https://registry.npmjs.org/@typescript-eslint/utils/-/utils-8.70.0.tgz. Extracting by manifest.
4348 silly tarball no local data for @typescript-eslint/typescript-estree@https://registry.npmjs.org/@typescript-eslint/typescript-estree/-/typescript-estree-8.70.0.tgz. Extracting by manifest.
4349 silly tarball no local data for @typescript-eslint/parser@https://registry.npmjs.org/@typescript-eslint/parser/-/parser-8.70.0.tgz. Extracting by manifest.
4350 silly tarball no local data for @typescript-eslint/eslint-plugin@https://registry.npmjs.org/@typescript-eslint/eslint-plugin/-/eslint-plugin-8.70.0.tgz. Extracting by manifest.
4351 silly tarball no local data for @pkgr/core@https://registry.npmjs.org/@pkgr/core/-/core-0.3.6.tgz. Extracting by manifest.
4352 silly tarball no local data for @rolldown/binding-wasm32-wasi@https://registry.npmjs.org/@rolldown/binding-wasm32-wasi/-/binding-wasm32-wasi-1.2.1.tgz. Extracting by manifest.
4353 silly tarball no local data for @rolldown/binding-android-arm64@https://registry.npmjs.org/@rolldown/binding-android-arm64/-/binding-android-arm64-1.2.1.tgz. Extracting by manifest.
4354 silly tarball no local data for decimal.js-light@https://registry.npmjs.org/decimal.js-light/-/decimal.js-light-2.5.1.tgz. Extracting by manifest.
4355 silly tarball no local data for dom-helpers@https://registry.npmjs.org/dom-helpers/-/dom-helpers-5.2.1.tgz. Extracting by manifest.
4356 silly tarball no local data for react-transition-group@https://registry.npmjs.org/react-transition-group/-/react-transition-group-4.4.5.tgz. Extracting by manifest.
4357 silly tarball no local data for prop-types@https://registry.npmjs.org/prop-types/-/prop-types-15.8.1.tgz. Extracting by manifest.
4358 silly tarball no local data for fast-equals@https://registry.npmjs.org/fast-equals/-/fast-equals-5.4.2.tgz. Extracting by manifest.
4359 silly tarball no local data for victory-vendor@https://registry.npmjs.org/victory-vendor/-/victory-vendor-36.9.2.tgz. Extracting by manifest.
4360 silly tarball no local data for recharts-scale@https://registry.npmjs.org/recharts-scale/-/recharts-scale-0.4.5.tgz. Extracting by manifest.
4361 silly tarball no local data for react-smooth@https://registry.npmjs.org/react-smooth/-/react-smooth-4.0.4.tgz. Extracting by manifest.
4362 silly tarball no local data for react-is@https://registry.npmjs.org/react-is/-/react-is-18.3.1.tgz. Extracting by manifest.
4363 silly tarball no local data for eventemitter3@https://registry.npmjs.org/eventemitter3/-/eventemitter3-4.0.7.tgz. Extracting by manifest.
4364 silly tarball no local data for get-nonce@https://registry.npmjs.org/get-nonce/-/get-nonce-1.0.1.tgz. Extracting by manifest.
4365 silly tarball no local data for use-sidecar@https://registry.npmjs.org/use-sidecar/-/use-sidecar-1.1.3.tgz. Extracting by manifest.
4366 silly tarball no local data for react-style-singleton@https://registry.npmjs.org/react-style-singleton/-/react-style-singleton-2.2.3.tgz. Extracting by manifest.
4367 silly tarball no local data for use-callback-ref@https://registry.npmjs.org/use-callback-ref/-/use-callback-ref-1.3.3.tgz. Extracting by manifest.
4368 silly tarball no local data for scheduler@https://registry.npmjs.org/scheduler/-/scheduler-0.28.0.tgz. Extracting by manifest.
4369 silly tarball no local data for react-remove-scroll-bar@https://registry.npmjs.org/react-remove-scroll-bar/-/react-remove-scroll-bar-2.3.8.tgz. Extracting by manifest.
4370 silly tarball no local data for date-fns-jalali@https://registry.npmjs.org/date-fns-jalali/-/date-fns-jalali-4.1.0-0.tgz. Extracting by manifest.
4371 silly tarball no local data for @date-fns/tz@https://registry.npmjs.org/@date-fns/tz/-/tz-1.5.0.tgz. Extracting by manifest.
4372 silly tarball no local data for @tabby_ai/hijri-converter@https://registry.npmjs.org/@tabby_ai/hijri-converter/-/hijri-converter-1.0.5.tgz. Extracting by manifest.
4373 silly tarball no local data for fast-diff@https://registry.npmjs.org/fast-diff/-/fast-diff-1.3.0.tgz. Extracting by manifest.
4374 silly tarball no local data for p-limit@https://registry.npmjs.org/p-limit/-/p-limit-3.1.0.tgz. Extracting by manifest.
4375 silly tarball no local data for yocto-queue@https://registry.npmjs.org/yocto-queue/-/yocto-queue-0.1.0.tgz. Extracting by manifest.
4376 silly tarball no local data for @tybys/wasm-util@https://registry.npmjs.org/@tybys/wasm-util/-/wasm-util-0.10.4.tgz. Extracting by manifest.
4377 silly tarball no local data for callsites@https://registry.npmjs.org/callsites/-/callsites-3.1.0.tgz. Extracting by manifest.
4378 silly tarball no local data for @emnapi/wasi-threads@https://registry.npmjs.org/@emnapi/wasi-threads/-/wasi-threads-1.2.3.tgz. Extracting by manifest.
4379 silly tarball no local data for @emnapi/core@https://registry.npmjs.org/@emnapi/core/-/core-1.11.3.tgz. Extracting by manifest.
4380 silly tarball no local data for @napi-rs/wasm-runtime@https://registry.npmjs.org/@napi-rs/wasm-runtime/-/wasm-runtime-1.2.4.tgz. Extracting by manifest.
4381 silly tarball no local data for @oxc-project/types@https://registry.npmjs.org/@oxc-project/types/-/types-0.120.0.tgz. Extracting by manifest.
4382 silly tarball no local data for @oxc-parser/binding-android-arm64@https://registry.npmjs.org/@oxc-parser/binding-android-arm64/-/binding-android-arm64-0.120.0.tgz. Extracting by manifest.
4383 silly tarball no local data for word-wrap@https://registry.npmjs.org/word-wrap/-/word-wrap-1.2.5.tgz. Extracting by manifest.
4384 silly tarball no local data for fast-levenshtein@https://registry.npmjs.org/fast-levenshtein/-/fast-levenshtein-2.0.6.tgz. Extracting by manifest.
4385 silly tarball no local data for deep-is@https://registry.npmjs.org/deep-is/-/deep-is-0.1.4.tgz. Extracting by manifest.
4386 silly tarball no local data for ocache@https://registry.npmjs.org/ocache/-/ocache-0.3.0.tgz. Extracting by manifest.
4387 silly tarball no local data for httpxy@https://registry.npmjs.org/httpxy/-/httpxy-0.5.5.tgz. Extracting by manifest.
4388 silly tarball no local data for unstorage@https://registry.npmjs.org/unstorage/-/unstorage-2.0.0-alpha.10.tgz. Extracting by manifest.
4389 silly tarball no local data for unenv@https://registry.npmjs.org/unenv/-/unenv-2.0.0-rc.24.tgz. Extracting by manifest.
4390 silly tarball no local data for ohash@https://registry.npmjs.org/ohash/-/ohash-2.0.12.tgz. Extracting by manifest.
4391 silly tarball no local data for rolldown@https://registry.npmjs.org/rolldown/-/rolldown-1.2.1.tgz. Extracting by manifest.
4392 silly tarball no local data for ofetch@https://registry.npmjs.org/ofetch/-/ofetch-2.0.0-alpha.3.tgz. Extracting by manifest.
4393 silly tarball no local data for nf3@https://registry.npmjs.org/nf3/-/nf3-0.3.24.tgz. Extracting by manifest.
4394 silly tarball no local data for hookable@https://registry.npmjs.org/hookable/-/hookable-6.1.2.tgz. Extracting by manifest.
4395 silly tarball no local data for h3@https://registry.npmjs.org/h3/-/h3-2.0.1-rc.32.tgz. Extracting by manifest.
4396 silly tarball no local data for db0@https://registry.npmjs.org/db0/-/db0-0.3.4.tgz. Extracting by manifest.
4397 silly tarball no local data for env-runner@https://registry.npmjs.org/env-runner/-/env-runner-0.1.16.tgz. Extracting by manifest.
4398 silly tarball no local data for crossws@https://registry.npmjs.org/crossws/-/crossws-0.4.12.tgz. Extracting by manifest.
4399 silly tarball no local data for consola@https://registry.npmjs.org/consola/-/consola-3.4.2.tgz. Extracting by manifest.
4400 silly tarball no local data for brace-expansion@https://registry.npmjs.org/brace-expansion/-/brace-expansion-1.1.21.tgz. Extracting by manifest.
4401 silly tarball no local data for p-locate@https://registry.npmjs.org/p-locate/-/p-locate-5.0.0.tgz. Extracting by manifest.
4402 silly tarball no local data for lightningcss-android-arm64@https://registry.npmjs.org/lightningcss-android-arm64/-/lightningcss-android-arm64-1.33.0.tgz. Extracting by manifest.
4403 silly tarball no local data for type-check@https://registry.npmjs.org/type-check/-/type-check-0.4.0.tgz. Extracting by manifest.
4404 silly tarball no local data for prelude-ls@https://registry.npmjs.org/prelude-ls/-/prelude-ls-1.2.1.tgz. Extracting by manifest.
4405 silly tarball no local data for shell-quote@https://registry.npmjs.org/shell-quote/-/shell-quote-1.10.0.tgz. Extracting by manifest.
4406 silly tarball no local data for json-buffer@https://registry.npmjs.org/json-buffer/-/json-buffer-3.0.1.tgz. Extracting by manifest.
4407 silly tarball no local data for resolve-from@https://registry.npmjs.org/resolve-from/-/resolve-from-4.0.0.tgz. Extracting by manifest.
4408 silly tarball no local data for parent-module@https://registry.npmjs.org/parent-module/-/parent-module-1.0.1.tgz. Extracting by manifest.
4409 silly tarball no local data for rou3@https://registry.npmjs.org/rou3/-/rou3-0.8.1.tgz. Extracting by manifest.
4410 silly tarball no local data for resolve-pkg-maps@https://registry.npmjs.org/resolve-pkg-maps/-/resolve-pkg-maps-1.0.0.tgz. Extracting by manifest.
4411 silly tarball no local data for keyv@https://registry.npmjs.org/keyv/-/keyv-4.5.4.tgz. Extracting by manifest.
4412 silly tarball no local data for flatted@https://registry.npmjs.org/flatted/-/flatted-3.4.4.tgz. Extracting by manifest.
4413 silly tarball no local data for locate-path@https://registry.npmjs.org/locate-path/-/locate-path-6.0.0.tgz. Extracting by manifest.
4414 silly tarball no local data for flat-cache@https://registry.npmjs.org/flat-cache/-/flat-cache-4.0.1.tgz. Extracting by manifest.
4415 silly tarball no local data for acorn-jsx@https://registry.npmjs.org/acorn-jsx/-/acorn-jsx-5.3.2.tgz. Extracting by manifest.
4416 silly tarball no local data for acorn@https://registry.npmjs.org/acorn/-/acorn-8.18.0.tgz. Extracting by manifest.
4417 silly tarball no local data for esrecurse@https://registry.npmjs.org/esrecurse/-/esrecurse-4.3.0.tgz. Extracting by manifest.
4418 silly tarball no local data for synckit@https://registry.npmjs.org/synckit/-/synckit-0.11.13.tgz. Extracting by manifest.
4419 silly tarball no local data for prettier-linter-helpers@https://registry.npmjs.org/prettier-linter-helpers/-/prettier-linter-helpers-1.0.1.tgz. Extracting by manifest.
4420 silly tarball no local data for require-from-string@https://registry.npmjs.org/require-from-string/-/require-from-string-2.0.2.tgz. Extracting by manifest.
4421 silly tarball no local data for json-schema-traverse@https://registry.npmjs.org/json-schema-traverse/-/json-schema-traverse-1.0.0.tgz. Extracting by manifest.
4422 silly tarball no local data for fast-uri@https://registry.npmjs.org/fast-uri/-/fast-uri-3.1.8.tgz. Extracting by manifest.
4423 silly tarball no local data for @humanfs/types@https://registry.npmjs.org/@humanfs/types/-/types-0.15.0.tgz. Extracting by manifest.
4424 silly tarball no local data for @humanfs/core@https://registry.npmjs.org/@humanfs/core/-/core-0.19.2.tgz. Extracting by manifest.
4425 silly tarball no local data for ajv@https://registry.npmjs.org/ajv/-/ajv-8.20.0.tgz. Extracting by manifest.
4426 silly tarball no local data for levn@https://registry.npmjs.org/levn/-/levn-0.4.1.tgz. Extracting by manifest.
4427 silly tarball no local data for strip-json-comments@https://registry.npmjs.org/strip-json-comments/-/strip-json-comments-3.1.1.tgz. Extracting by manifest.
4428 silly tarball no local data for js-yaml@https://registry.npmjs.org/js-yaml/-/js-yaml-4.3.2.tgz. Extracting by manifest.
4429 silly tarball no local data for import-fresh@https://registry.npmjs.org/import-fresh/-/import-fresh-3.3.1.tgz. Extracting by manifest.
4430 silly tarball no local data for @types/json-schema@https://registry.npmjs.org/@types/json-schema/-/json-schema-7.0.15.tgz. Extracting by manifest.
4431 silly tarball no local data for @eslint/object-schema@https://registry.npmjs.org/@eslint/object-schema/-/object-schema-2.1.7.tgz. Extracting by manifest.
4432 silly tarball no local data for optionator@https://registry.npmjs.org/optionator/-/optionator-0.9.4.tgz. Extracting by manifest.
4433 silly tarball no local data for lodash.merge@https://registry.npmjs.org/lodash.merge/-/lodash.merge-4.6.2.tgz. Extracting by manifest.
4434 silly tarball no local data for json-stable-stringify-without-jsonify@https://registry.npmjs.org/json-stable-stringify-without-jsonify/-/json-stable-stringify-without-jsonify-1.0.1.tgz. Extracting by manifest.
4435 silly tarball no local data for natural-compare@https://registry.npmjs.org/natural-compare/-/natural-compare-1.4.0.tgz. Extracting by manifest.
4436 silly tarball no local data for find-up@https://registry.npmjs.org/find-up/-/find-up-5.0.0.tgz. Extracting by manifest.
4437 silly tarball no local data for file-entry-cache@https://registry.npmjs.org/file-entry-cache/-/file-entry-cache-8.0.0.tgz. Extracting by manifest.
4438 silly tarball no local data for esquery@https://registry.npmjs.org/esquery/-/esquery-1.7.0.tgz. Extracting by manifest.
4439 silly tarball no local data for espree@https://registry.npmjs.org/espree/-/espree-10.4.0.tgz. Extracting by manifest.
4440 silly tarball no local data for eslint-scope@https://registry.npmjs.org/eslint-scope/-/eslint-scope-8.4.0.tgz. Extracting by manifest.
4441 silly tarball no local data for eslint-visitor-keys@https://registry.npmjs.org/eslint-visitor-keys/-/eslint-visitor-keys-4.2.1.tgz. Extracting by manifest.
4442 silly tarball no local data for escape-string-regexp@https://registry.npmjs.org/escape-string-regexp/-/escape-string-regexp-4.0.0.tgz. Extracting by manifest.
4443 silly tarball no local data for @humanwhocodes/retry@https://registry.npmjs.org/@humanwhocodes/retry/-/retry-0.4.3.tgz. Extracting by manifest.
4444 silly tarball no local data for @humanwhocodes/module-importer@https://registry.npmjs.org/@humanwhocodes/module-importer/-/module-importer-1.0.1.tgz. Extracting by manifest.
4445 silly tarball no local data for @humanfs/node@https://registry.npmjs.org/@humanfs/node/-/node-0.16.8.tgz. Extracting by manifest.
4446 silly tarball no local data for @eslint/plugin-kit@https://registry.npmjs.org/@eslint/plugin-kit/-/plugin-kit-0.4.1.tgz. Extracting by manifest.
4447 silly tarball no local data for @eslint/eslintrc@https://registry.npmjs.org/@eslint/eslintrc/-/eslintrc-3.3.7.tgz. Extracting by manifest.
4448 silly tarball no local data for @eslint/core@https://registry.npmjs.org/@eslint/core/-/core-0.17.0.tgz. Extracting by manifest.
4449 silly tarball no local data for @eslint-community/regexpp@https://registry.npmjs.org/@eslint-community/regexpp/-/regexpp-4.12.2.tgz. Extracting by manifest.
4450 silly tarball no local data for @eslint/config-helpers@https://registry.npmjs.org/@eslint/config-helpers/-/config-helpers-0.4.2.tgz. Extracting by manifest.
4451 silly tarball no local data for @eslint-community/eslint-utils@https://registry.npmjs.org/@eslint-community/eslint-utils/-/eslint-utils-4.10.1.tgz. Extracting by manifest.
4452 silly tarball no local data for tapable@https://registry.npmjs.org/tapable/-/tapable-2.3.3.tgz. Extracting by manifest.
4453 silly tarball no local data for embla-carousel@https://registry.npmjs.org/embla-carousel/-/embla-carousel-8.6.0.tgz. Extracting by manifest.
4454 silly tarball no local data for embla-carousel-reactive-utils@https://registry.npmjs.org/embla-carousel-reactive-utils/-/embla-carousel-reactive-utils-8.6.0.tgz. Extracting by manifest.
4455 silly tarball no local data for get-tsconfig@https://registry.npmjs.org/get-tsconfig/-/get-tsconfig-4.14.3.tgz. Extracting by manifest.
4456 silly tarball no local data for @esbuild-kit/core-utils@https://registry.npmjs.org/@esbuild-kit/core-utils/-/core-utils-3.3.2.tgz. Extracting by manifest.
4457 silly tarball no local data for tsx@https://registry.npmjs.org/tsx/-/tsx-4.23.13.tgz. Extracting by manifest.
4458 silly tarball no local data for @esbuild-kit/esm-loader@https://registry.npmjs.org/@esbuild-kit/esm-loader/-/esm-loader-2.6.5.tgz. Extracting by manifest.
4459 silly tarball no local data for @drizzle-team/brocli@https://registry.npmjs.org/@drizzle-team/brocli/-/brocli-0.10.2.tgz. Extracting by manifest.
4460 silly tarball no local data for @types/estree@https://registry.npmjs.org/@types/estree/-/estree-1.0.9.tgz. Extracting by manifest.
4461 silly tarball no local data for readdirp@https://registry.npmjs.org/readdirp/-/readdirp-5.1.1.tgz. Extracting by manifest.
4462 silly tarball no local data for update-browserslist-db@https://registry.npmjs.org/update-browserslist-db/-/update-browserslist-db-1.3.3.tgz. Extracting by manifest.
4463 silly tarball no local data for node-releases@https://registry.npmjs.org/node-releases/-/node-releases-2.0.56.tgz. Extracting by manifest.
4464 silly tarball no local data for electron-to-chromium@https://registry.npmjs.org/electron-to-chromium/-/electron-to-chromium-1.5.430.tgz. Extracting by manifest.
4465 silly tarball no local data for baseline-browser-mapping@https://registry.npmjs.org/baseline-browser-mapping/-/baseline-browser-mapping-2.11.25.tgz. Extracting by manifest.
4466 silly tarball no local data for @types/babel__traverse@https://registry.npmjs.org/@types/babel__traverse/-/babel__traverse-7.28.0.tgz. Extracting by manifest.
4467 silly tarball no local data for @types/babel__template@https://registry.npmjs.org/@types/babel__template/-/babel__template-7.4.4.tgz. Extracting by manifest.
4468 silly tarball no local data for @types/babel__generator@https://registry.npmjs.org/@types/babel__generator/-/babel__generator-7.27.0.tgz. Extracting by manifest.
4469 silly tarball no local data for react-refresh@https://registry.npmjs.org/react-refresh/-/react-refresh-0.18.0.tgz. Extracting by manifest.
4470 silly tarball no local data for @types/babel__core@https://registry.npmjs.org/@types/babel__core/-/babel__core-7.20.5.tgz. Extracting by manifest.
4471 silly tarball no local data for @rolldown/pluginutils@https://registry.npmjs.org/@rolldown/pluginutils/-/pluginutils-1.0.0-rc.3.tgz. Extracting by manifest.
4472 silly tarball no local data for @babel/plugin-transform-react-jsx-source@https://registry.npmjs.org/@babel/plugin-transform-react-jsx-source/-/plugin-transform-react-jsx-source-7.29.7.tgz. Extracting by manifest.
4473 silly tarball no local data for @babel/plugin-transform-react-jsx-self@https://registry.npmjs.org/@babel/plugin-transform-react-jsx-self/-/plugin-transform-react-jsx-self-7.29.7.tgz. Extracting by manifest.
4474 silly tarball no local data for h3-v2@https://registry.npmjs.org/h3/-/h3-2.0.1-rc.20.tgz. Extracting by manifest.
4475 silly tarball no local data for fetchdts@https://registry.npmjs.org/fetchdts/-/fetchdts-0.1.7.tgz. Extracting by manifest.
4476 silly tarball no local data for xmlbuilder2@https://registry.npmjs.org/xmlbuilder2/-/xmlbuilder2-4.0.3.tgz. Extracting by manifest.
4477 silly tarball no local data for vitefu@https://registry.npmjs.org/vitefu/-/vitefu-1.1.3.tgz. Extracting by manifest.
4478 silly tarball no local data for ufo@https://registry.npmjs.org/ufo/-/ufo-1.6.4.tgz. Extracting by manifest.
4479 silly tarball no local data for srvx@https://registry.npmjs.org/srvx/-/srvx-0.11.22.tgz. Extracting by manifest.
4480 silly tarball no local data for source-map@https://registry.npmjs.org/source-map/-/source-map-0.7.6.tgz. Extracting by manifest.
4481 silly tarball no local data for exsolve@https://registry.npmjs.org/exsolve/-/exsolve-1.1.1.tgz. Extracting by manifest.
4482 silly tarball no local data for diff@https://registry.npmjs.org/diff/-/diff-8.0.4.tgz. Extracting by manifest.
4483 silly tarball no local data for ansis@https://registry.npmjs.org/ansis/-/ansis-4.4.0.tgz. Extracting by manifest.
4484 silly tarball no local data for babel-dead-code-elimination@https://registry.npmjs.org/babel-dead-code-elimination/-/babel-dead-code-elimination-1.0.12.tgz. Extracting by manifest.
4485 silly tarball no local data for @tanstack/virtual-file-routes@https://registry.npmjs.org/@tanstack/virtual-file-routes/-/virtual-file-routes-1.162.0.tgz. Extracting by manifest.
4486 silly tarball no local data for browserslist@https://registry.npmjs.org/browserslist/-/browserslist-4.29.0.tgz. Extracting by manifest.
4487 silly tarball no local data for unplugin@https://registry.npmjs.org/unplugin/-/unplugin-3.4.0.tgz. Extracting by manifest.
4488 silly tarball no local data for chokidar@https://registry.npmjs.org/chokidar/-/chokidar-5.0.0.tgz. Extracting by manifest.
4489 silly tarball no local data for @tanstack/router-generator@https://registry.npmjs.org/@tanstack/router-generator/-/router-generator-1.167.21.tgz. Extracting by manifest.
4490 silly tarball no local data for seroval-plugins@https://registry.npmjs.org/seroval-plugins/-/seroval-plugins-1.6.7.tgz. Extracting by manifest.
4491 silly tarball no local data for cookie-es@https://registry.npmjs.org/cookie-es/-/cookie-es-3.1.1.tgz. Extracting by manifest.
4492 silly tarball no local data for use-sync-external-store@https://registry.npmjs.org/use-sync-external-store/-/use-sync-external-store-1.7.0.tgz. Extracting by manifest.
4493 silly tarball no local data for @tanstack/store@https://registry.npmjs.org/@tanstack/store/-/store-0.9.3.tgz. Extracting by manifest.
4494 silly tarball no local data for @tanstack/start-storage-context@https://registry.npmjs.org/@tanstack/start-storage-context/-/start-storage-context-1.167.17.tgz. Extracting by manifest.
4495 silly tarball no local data for pathe@https://registry.npmjs.org/pathe/-/pathe-2.0.3.tgz. Extracting by manifest.
4496 silly tarball no local data for @tanstack/start-server-core@https://registry.npmjs.org/@tanstack/start-server-core/-/start-server-core-1.169.17.tgz. Extracting by manifest.
4497 silly tarball no local data for @tanstack/start-fn-stubs@https://registry.npmjs.org/@tanstack/start-fn-stubs/-/start-fn-stubs-1.162.0.tgz. Extracting by manifest.
4498 silly tarball no local data for @tanstack/start-client-core@https://registry.npmjs.org/@tanstack/start-client-core/-/start-client-core-1.170.14.tgz. Extracting by manifest.
4499 silly tarball no local data for @tanstack/start-plugin-core@https://registry.npmjs.org/@tanstack/start-plugin-core/-/start-plugin-core-1.171.24.tgz. Extracting by manifest.
4500 silly tarball no local data for @tanstack/react-start-server@https://registry.npmjs.org/@tanstack/react-start-server/-/react-start-server-1.167.22.tgz. Extracting by manifest.
4501 silly tarball no local data for @tanstack/react-start-rsc@https://registry.npmjs.org/@tanstack/react-start-rsc/-/react-start-rsc-0.1.31.tgz. Extracting by manifest.
4502 silly tarball no local data for @tanstack/react-start-client@https://registry.npmjs.org/@tanstack/react-start-client/-/react-start-client-1.168.16.tgz. Extracting by manifest.
4503 silly tarball no local data for @tanstack/router-utils@https://registry.npmjs.org/@tanstack/router-utils/-/router-utils-1.162.2.tgz. Extracting by manifest.
4504 silly tarball no local data for @tanstack/router-core@https://registry.npmjs.org/@tanstack/router-core/-/router-core-1.171.15.tgz. Extracting by manifest.
4505 silly tarball no local data for isbot@https://registry.npmjs.org/isbot/-/isbot-5.2.2.tgz. Extracting by manifest.
4506 silly tarball no local data for seroval@https://registry.npmjs.org/seroval/-/seroval-1.6.7.tgz. Extracting by manifest.
4507 silly tarball no local data for @tanstack/react-store@https://registry.npmjs.org/@tanstack/react-store/-/react-store-0.9.3.tgz. Extracting by manifest.
4508 silly tarball no local data for @tanstack/history@https://registry.npmjs.org/@tanstack/history/-/history-1.162.0.tgz. Extracting by manifest.
4509 silly tarball no local data for @tanstack/query-core@https://registry.npmjs.org/@tanstack/query-core/-/query-core-5.103.1.tgz. Extracting by manifest.
4510 silly tarball no local data for @tanstack/devtools-event-client@https://registry.npmjs.org/@tanstack/devtools-event-client/-/devtools-event-client-0.5.0.tgz. Extracting by manifest.
4511 silly tarball no local data for oxc-parser@https://registry.npmjs.org/oxc-parser/-/oxc-parser-0.120.0.tgz. Extracting by manifest.
4512 silly tarball no local data for launch-editor@https://registry.npmjs.org/launch-editor/-/launch-editor-2.14.1.tgz. Extracting by manifest.
4513 silly tarball no local data for chalk@https://registry.npmjs.org/chalk/-/chalk-5.6.2.tgz. Extracting by manifest.
4514 silly tarball no local data for @tanstack/devtools-event-bus@https://registry.npmjs.org/@tanstack/devtools-event-bus/-/devtools-event-bus-0.4.3.tgz. Extracting by manifest.
4515 silly tarball no local data for @tanstack/devtools-client@https://registry.npmjs.org/@tanstack/devtools-client/-/devtools-client-0.0.8.tgz. Extracting by manifest.
4516 silly tarball no local data for @tanstack/devtools-bundler-core@https://registry.npmjs.org/@tanstack/devtools-bundler-core/-/devtools-bundler-core-0.1.3.tgz. Extracting by manifest.
4517 silly tarball no local data for @tailwindcss/oxide-android-arm64@https://registry.npmjs.org/@tailwindcss/oxide-android-arm64/-/oxide-android-arm64-4.3.3.tgz. Extracting by manifest.
4518 silly tarball no local data for magic-string@https://registry.npmjs.org/magic-string/-/magic-string-0.30.21.tgz. Extracting by manifest.
4519 silly tarball no local data for jiti@https://registry.npmjs.org/jiti/-/jiti-2.7.0.tgz. Extracting by manifest.
4520 silly tarball no local data for enhanced-resolve@https://registry.npmjs.org/enhanced-resolve/-/enhanced-resolve-5.25.1.tgz. Extracting by manifest.
4521 silly tarball no local data for @tailwindcss/oxide@https://registry.npmjs.org/@tailwindcss/oxide/-/oxide-4.3.3.tgz. Extracting by manifest.
4522 silly tarball no local data for @tailwindcss/node@https://registry.npmjs.org/@tailwindcss/node/-/node-4.3.3.tgz. Extracting by manifest.
4523 silly tarball no local data for @supabase/storage-js@https://registry.npmjs.org/@supabase/storage-js/-/storage-js-2.116.0.tgz. Extracting by manifest.
4524 silly tarball no local data for @supabase/realtime-js@https://registry.npmjs.org/@supabase/realtime-js/-/realtime-js-2.116.0.tgz. Extracting by manifest.
4525 silly tarball no local data for @supabase/postgrest-js@https://registry.npmjs.org/@supabase/postgrest-js/-/postgrest-js-2.116.0.tgz. Extracting by manifest.
4526 silly tarball no local data for @supabase/functions-js@https://registry.npmjs.org/@supabase/functions-js/-/functions-js-2.116.0.tgz. Extracting by manifest.
4527 silly tarball no local data for @supabase/auth-js@https://registry.npmjs.org/@supabase/auth-js/-/auth-js-2.116.0.tgz. Extracting by manifest.
4528 silly tarball no local data for @radix-ui/number@https://registry.npmjs.org/@radix-ui/number/-/number-1.1.3.tgz. Extracting by manifest.
4529 silly tarball no local data for @floating-ui/utils@https://registry.npmjs.org/@floating-ui/utils/-/utils-0.2.12.tgz. Extracting by manifest.
4530 silly tarball no local data for @floating-ui/core@https://registry.npmjs.org/@floating-ui/core/-/core-1.8.0.tgz. Extracting by manifest.
4531 silly tarball no local data for @floating-ui/dom@https://registry.npmjs.org/@floating-ui/dom/-/dom-1.8.0.tgz. Extracting by manifest.
4532 silly tarball no local data for @radix-ui/rect@https://registry.npmjs.org/@radix-ui/rect/-/rect-1.1.3.tgz. Extracting by manifest.
4533 silly tarball no local data for @radix-ui/react-use-rect@https://registry.npmjs.org/@radix-ui/react-use-rect/-/react-use-rect-1.1.4.tgz. Extracting by manifest.
4534 silly tarball no local data for @radix-ui/react-arrow@https://registry.npmjs.org/@radix-ui/react-arrow/-/react-arrow-1.1.15.tgz. Extracting by manifest.
4535 silly tarball no local data for @floating-ui/react-dom@https://registry.npmjs.org/@floating-ui/react-dom/-/react-dom-2.1.9.tgz. Extracting by manifest.
4536 silly tarball no local data for @radix-ui/react-visually-hidden@https://registry.npmjs.org/@radix-ui/react-visually-hidden/-/react-visually-hidden-1.2.11.tgz. Extracting by manifest.
4537 silly tarball no local data for @radix-ui/react-use-previous@https://registry.npmjs.org/@radix-ui/react-use-previous/-/react-use-previous-1.1.4.tgz. Extracting by manifest.
4538 silly tarball no local data for @radix-ui/react-roving-focus@https://registry.npmjs.org/@radix-ui/react-roving-focus/-/react-roving-focus-1.1.19.tgz. Extracting by manifest.
4539 silly tarball no local data for @radix-ui/react-popper@https://registry.npmjs.org/@radix-ui/react-popper/-/react-popper-1.3.7.tgz. Extracting by manifest.
4540 silly tarball no local data for @radix-ui/react-use-effect-event@https://registry.npmjs.org/@radix-ui/react-use-effect-event/-/react-use-effect-event-0.0.5.tgz. Extracting by manifest.
4541 silly tarball no local data for react-remove-scroll@https://registry.npmjs.org/react-remove-scroll/-/react-remove-scroll-2.7.2.tgz. Extracting by manifest.
4542 silly tarball no local data for aria-hidden@https://registry.npmjs.org/aria-hidden/-/aria-hidden-1.2.6.tgz. Extracting by manifest.
4543 silly tarball no local data for @radix-ui/react-portal@https://registry.npmjs.org/@radix-ui/react-portal/-/react-portal-1.1.17.tgz. Extracting by manifest.
4544 silly tarball no local data for @radix-ui/react-focus-scope@https://registry.npmjs.org/@radix-ui/react-focus-scope/-/react-focus-scope-1.1.16.tgz. Extracting by manifest.
4545 silly tarball no local data for @radix-ui/react-focus-guards@https://registry.npmjs.org/@radix-ui/react-focus-guards/-/react-focus-guards-1.1.6.tgz. Extracting by manifest.
4546 silly tarball no local data for @radix-ui/react-dismissable-layer@https://registry.npmjs.org/@radix-ui/react-dismissable-layer/-/react-dismissable-layer-1.1.19.tgz. Extracting by manifest.
4547 silly tarball no local data for @radix-ui/react-menu@https://registry.npmjs.org/@radix-ui/react-menu/-/react-menu-2.1.24.tgz. Extracting by manifest.
4548 silly tarball no local data for @radix-ui/react-use-size@https://registry.npmjs.org/@radix-ui/react-use-size/-/react-use-size-1.1.4.tgz. Extracting by manifest.
4549 silly tarball no local data for @radix-ui/react-presence@https://registry.npmjs.org/@radix-ui/react-presence/-/react-presence-1.1.10.tgz. Extracting by manifest.
4550 silly tarball no local data for @radix-ui/react-use-layout-effect@https://registry.npmjs.org/@radix-ui/react-use-layout-effect/-/react-use-layout-effect-1.1.4.tgz. Extracting by manifest.
4551 silly tarball no local data for @radix-ui/react-use-controllable-state@https://registry.npmjs.org/@radix-ui/react-use-controllable-state/-/react-use-controllable-state-1.2.6.tgz. Extracting by manifest.
4552 silly tarball no local data for @radix-ui/react-use-callback-ref@https://registry.npmjs.org/@radix-ui/react-use-callback-ref/-/react-use-callback-ref-1.1.4.tgz. Extracting by manifest.
4553 silly tarball no local data for @radix-ui/react-primitive@https://registry.npmjs.org/@radix-ui/react-primitive/-/react-primitive-2.1.10.tgz. Extracting by manifest.
4554 silly tarball no local data for @radix-ui/react-id@https://registry.npmjs.org/@radix-ui/react-id/-/react-id-1.1.4.tgz. Extracting by manifest.
4555 silly tarball no local data for @radix-ui/react-context@https://registry.npmjs.org/@radix-ui/react-context/-/react-context-1.2.2.tgz. Extracting by manifest.
4556 silly tarball no local data for @radix-ui/react-compose-refs@https://registry.npmjs.org/@radix-ui/react-compose-refs/-/react-compose-refs-1.1.5.tgz. Extracting by manifest.
4557 silly tarball no local data for @radix-ui/react-direction@https://registry.npmjs.org/@radix-ui/react-direction/-/react-direction-1.1.4.tgz. Extracting by manifest.
4558 silly tarball no local data for @radix-ui/react-collection@https://registry.npmjs.org/@radix-ui/react-collection/-/react-collection-1.1.15.tgz. Extracting by manifest.
4559 silly tarball no local data for @radix-ui/primitive@https://registry.npmjs.org/@radix-ui/primitive/-/primitive-1.1.7.tgz. Extracting by manifest.
4560 silly tarball no local data for @tanstack/devtools-vite@https://registry.npmjs.org/@tanstack/devtools-vite/-/devtools-vite-0.8.5.tgz. Extracting by manifest.
4561 silly tarball no local data for lightningcss@https://registry.npmjs.org/lightningcss/-/lightningcss-1.33.0.tgz. Extracting by manifest.
4562 silly tarball no local data for @standard-schema/utils@https://registry.npmjs.org/@standard-schema/utils/-/utils-0.3.0.tgz. Extracting by manifest.
4563 silly tarball no local data for zod@https://registry.npmjs.org/zod/-/zod-3.25.76.tgz. Extracting by manifest.
4564 silly tarball no local data for vaul@https://registry.npmjs.org/vaul/-/vaul-1.1.2.tgz. Extracting by manifest.
4565 silly tarball no local data for typescript-eslint@https://registry.npmjs.org/typescript-eslint/-/typescript-eslint-8.70.0.tgz. Extracting by manifest.
4566 silly tarball no local data for tw-animate-css@https://registry.npmjs.org/tw-animate-css/-/tw-animate-css-1.4.0.tgz. Extracting by manifest.
4567 silly tarball no local data for tailwindcss@https://registry.npmjs.org/tailwindcss/-/tailwindcss-4.3.3.tgz. Extracting by manifest.
4568 silly tarball no local data for tailwind-merge@https://registry.npmjs.org/tailwind-merge/-/tailwind-merge-3.7.0.tgz. Extracting by manifest.
4569 silly tarball no local data for recharts@https://registry.npmjs.org/recharts/-/recharts-2.15.4.tgz. Extracting by manifest.
4570 silly tarball no local data for react-resizable-panels@https://registry.npmjs.org/react-resizable-panels/-/react-resizable-panels-4.12.4.tgz. Extracting by manifest.
4571 silly tarball no local data for react-day-picker@https://registry.npmjs.org/react-day-picker/-/react-day-picker-9.14.0.tgz. Extracting by manifest.
4572 silly tarball no local data for postgres@https://registry.npmjs.org/postgres/-/postgres-3.4.9.tgz. Extracting by manifest.
4573 silly tarball no local data for sonner@https://registry.npmjs.org/sonner/-/sonner-2.0.8.tgz. Extracting by manifest.
4574 silly tarball no local data for nitro@https://registry.npmjs.org/nitro/-/nitro-3.0.260603-beta.tgz. Extracting by manifest.
4575 silly tarball no local data for lucide-react@https://registry.npmjs.org/lucide-react/-/lucide-react-0.575.0.tgz. Extracting by manifest.
4576 silly tarball no local data for input-otp@https://registry.npmjs.org/input-otp/-/input-otp-1.5.0.tgz. Extracting by manifest.
4577 silly tarball no local data for globals@https://registry.npmjs.org/globals/-/globals-15.15.0.tgz. Extracting by manifest.
4578 silly tarball no local data for eslint-plugin-react-refresh@https://registry.npmjs.org/eslint-plugin-react-refresh/-/eslint-plugin-react-refresh-0.4.26.tgz. Extracting by manifest.
4579 silly tarball no local data for eslint-plugin-react-hooks@https://registry.npmjs.org/eslint-plugin-react-hooks/-/eslint-plugin-react-hooks-5.2.0.tgz. Extracting by manifest.
4580 silly tarball no local data for prettier@https://registry.npmjs.org/prettier/-/prettier-3.9.8.tgz. Extracting by manifest.
4581 silly tarball no local data for eslint-plugin-prettier@https://registry.npmjs.org/eslint-plugin-prettier/-/eslint-plugin-prettier-5.5.6.tgz. Extracting by manifest.
4582 silly tarball no local data for eslint-config-prettier@https://registry.npmjs.org/eslint-config-prettier/-/eslint-config-prettier-10.1.8.tgz. Extracting by manifest.
4583 silly tarball no local data for eslint@https://registry.npmjs.org/eslint/-/eslint-9.39.5.tgz. Extracting by manifest.
4584 silly tarball no local data for embla-carousel-react@https://registry.npmjs.org/embla-carousel-react/-/embla-carousel-react-8.6.0.tgz. Extracting by manifest.
4585 silly tarball no local data for drizzle-orm@https://registry.npmjs.org/drizzle-orm/-/drizzle-orm-0.45.2.tgz. Extracting by manifest.
4586 silly tarball no local data for drizzle-kit@https://registry.npmjs.org/drizzle-kit/-/drizzle-kit-0.31.10.tgz. Extracting by manifest.
4587 silly tarball no local data for date-fns@https://registry.npmjs.org/date-fns/-/date-fns-4.4.0.tgz. Extracting by manifest.
4588 silly tarball no local data for cmdk@https://registry.npmjs.org/cmdk/-/cmdk-1.1.1.tgz. Extracting by manifest.
4589 silly tarball no local data for clsx@https://registry.npmjs.org/clsx/-/clsx-2.1.1.tgz. Extracting by manifest.
4590 silly tarball no local data for class-variance-authority@https://registry.npmjs.org/class-variance-authority/-/class-variance-authority-0.7.1.tgz. Extracting by manifest.
4591 silly tarball no local data for @types/react-dom@https://registry.npmjs.org/@types/react-dom/-/react-dom-19.3.0.tgz. Extracting by manifest.
4592 silly tarball no local data for @types/react@https://registry.npmjs.org/@types/react/-/react-19.3.0.tgz. Extracting by manifest.
4593 silly tarball no local data for @tanstack/router-plugin@https://registry.npmjs.org/@tanstack/router-plugin/-/router-plugin-1.168.23.tgz. Extracting by manifest.
4594 silly tarball no local data for @tanstack/react-router@https://registry.npmjs.org/@tanstack/react-router/-/react-router-1.170.18.tgz. Extracting by manifest.
4595 silly tarball no local data for @tanstack/react-query@https://registry.npmjs.org/@tanstack/react-query/-/react-query-5.103.1.tgz. Extracting by manifest.
4596 silly tarball no local data for @supabase/supabase-js@https://registry.npmjs.org/@supabase/supabase-js/-/supabase-js-2.116.0.tgz. Extracting by manifest.
4597 silly tarball no local data for @radix-ui/react-tooltip@https://registry.npmjs.org/@radix-ui/react-tooltip/-/react-tooltip-1.2.16.tgz. Extracting by manifest.
4598 silly tarball no local data for @radix-ui/react-toggle-group@https://registry.npmjs.org/@radix-ui/react-toggle-group/-/react-toggle-group-1.1.19.tgz. Extracting by manifest.
4599 silly tarball no local data for @radix-ui/react-toggle@https://registry.npmjs.org/@radix-ui/react-toggle/-/react-toggle-1.1.18.tgz. Extracting by manifest.
4600 silly tarball no local data for @radix-ui/react-tabs@https://registry.npmjs.org/@radix-ui/react-tabs/-/react-tabs-1.1.21.tgz. Extracting by manifest.
4601 silly tarball no local data for @radix-ui/react-switch@https://registry.npmjs.org/@radix-ui/react-switch/-/react-switch-1.3.7.tgz. Extracting by manifest.
4602 silly tarball no local data for @radix-ui/react-use-is-hydrated@https://registry.npmjs.org/@radix-ui/react-use-is-hydrated/-/react-use-is-hydrated-0.1.3.tgz. Extracting by manifest.
4603 silly tarball no local data for @radix-ui/react-separator@https://registry.npmjs.org/@radix-ui/react-separator/-/react-separator-1.1.15.tgz. Extracting by manifest.
4604 silly tarball no local data for @radix-ui/react-slider@https://registry.npmjs.org/@radix-ui/react-slider/-/react-slider-1.4.7.tgz. Extracting by manifest.
4605 silly tarball no local data for @radix-ui/react-slot@https://registry.npmjs.org/@radix-ui/react-slot/-/react-slot-1.3.3.tgz. Extracting by manifest.
4606 silly tarball no local data for @radix-ui/react-select@https://registry.npmjs.org/@radix-ui/react-select/-/react-select-2.3.7.tgz. Extracting by manifest.
4607 silly tarball no local data for @radix-ui/react-scroll-area@https://registry.npmjs.org/@radix-ui/react-scroll-area/-/react-scroll-area-1.2.18.tgz. Extracting by manifest.
4608 silly tarball no local data for @radix-ui/react-radio-group@https://registry.npmjs.org/@radix-ui/react-radio-group/-/react-radio-group-1.4.7.tgz. Extracting by manifest.
4609 silly tarball no local data for @radix-ui/react-progress@https://registry.npmjs.org/@radix-ui/react-progress/-/react-progress-1.1.16.tgz. Extracting by manifest.
4610 silly tarball no local data for @radix-ui/react-popover@https://registry.npmjs.org/@radix-ui/react-popover/-/react-popover-1.1.23.tgz. Extracting by manifest.
4611 silly tarball no local data for @radix-ui/react-navigation-menu@https://registry.npmjs.org/@radix-ui/react-navigation-menu/-/react-navigation-menu-1.2.22.tgz. Extracting by manifest.
4612 silly tarball no local data for @radix-ui/react-menubar@https://registry.npmjs.org/@radix-ui/react-menubar/-/react-menubar-1.1.24.tgz. Extracting by manifest.
4613 silly tarball no local data for @radix-ui/react-label@https://registry.npmjs.org/@radix-ui/react-label/-/react-label-2.1.15.tgz. Extracting by manifest.
4614 silly tarball no local data for @radix-ui/react-hover-card@https://registry.npmjs.org/@radix-ui/react-hover-card/-/react-hover-card-1.1.23.tgz. Extracting by manifest.
4615 silly tarball no local data for @radix-ui/react-dropdown-menu@https://registry.npmjs.org/@radix-ui/react-dropdown-menu/-/react-dropdown-menu-2.1.24.tgz. Extracting by manifest.
4616 silly tarball no local data for @radix-ui/react-dialog@https://registry.npmjs.org/@radix-ui/react-dialog/-/react-dialog-1.1.23.tgz. Extracting by manifest.
4617 silly tarball no local data for @radix-ui/react-context-menu@https://registry.npmjs.org/@radix-ui/react-context-menu/-/react-context-menu-2.3.7.tgz. Extracting by manifest.
4618 silly tarball no local data for @radix-ui/react-collapsible@https://registry.npmjs.org/@radix-ui/react-collapsible/-/react-collapsible-1.1.20.tgz. Extracting by manifest.
4619 silly tarball no local data for @radix-ui/react-checkbox@https://registry.npmjs.org/@radix-ui/react-checkbox/-/react-checkbox-1.3.11.tgz. Extracting by manifest.
4620 silly tarball no local data for @radix-ui/react-avatar@https://registry.npmjs.org/@radix-ui/react-avatar/-/react-avatar-1.2.6.tgz. Extracting by manifest.
4621 silly tarball no local data for @radix-ui/react-aspect-ratio@https://registry.npmjs.org/@radix-ui/react-aspect-ratio/-/react-aspect-ratio-1.1.15.tgz. Extracting by manifest.
4622 silly tarball no local data for @radix-ui/react-alert-dialog@https://registry.npmjs.org/@radix-ui/react-alert-dialog/-/react-alert-dialog-1.1.23.tgz. Extracting by manifest.
4623 silly tarball no local data for @radix-ui/react-accordion@https://registry.npmjs.org/@radix-ui/react-accordion/-/react-accordion-1.2.20.tgz. Extracting by manifest.
4624 silly tarball no local data for react-dom@https://registry.npmjs.org/react-dom/-/react-dom-19.3.0.tgz. Extracting by manifest.
4625 silly tarball no local data for @tanstack/react-start@https://registry.npmjs.org/@tanstack/react-start/-/react-start-1.168.32.tgz. Extracting by manifest.
4626 silly tarball no local data for @vitejs/plugin-react@https://registry.npmjs.org/@vitejs/plugin-react/-/plugin-react-5.2.0.tgz. Extracting by manifest.
4627 silly tarball no local data for vite-tsconfig-paths@https://registry.npmjs.org/vite-tsconfig-paths/-/vite-tsconfig-paths-6.1.1.tgz. Extracting by manifest.
4628 silly tarball no local data for @tailwindcss/vite@https://registry.npmjs.org/@tailwindcss/vite/-/vite-4.3.3.tgz. Extracting by manifest.
4629 silly tarball no local data for vite@https://registry.npmjs.org/vite/-/vite-8.1.5.tgz. Extracting by manifest.
4630 silly tarball no local data for @lovable.dev/vite-tanstack-config@https://registry.npmjs.org/@lovable.dev/vite-tanstack-config/-/vite-tanstack-config-2.23.0.tgz. Extracting by manifest.
4631 silly tarball no local data for react@https://registry.npmjs.org/react/-/react-19.3.0.tgz. Extracting by manifest.
4632 silly tarball no local data for react-hook-form@https://registry.npmjs.org/react-hook-form/-/react-hook-form-7.88.0.tgz. Extracting by manifest.
4633 silly tarball no local data for @hookform/resolvers@https://registry.npmjs.org/@hookform/resolvers/-/resolvers-5.9.1.tgz. Extracting by manifest.
4634 silly tarball no local data for @eslint/js@https://registry.npmjs.org/@eslint/js/-/js-9.39.5.tgz. Extracting by manifest.
4635 silly tarball no local data for @eslint/config-array@https://registry.npmjs.org/@eslint/config-array/-/config-array-0.21.2.tgz. Extracting by manifest.
4636 silly tarball no local data for @emnapi/runtime@https://registry.npmjs.org/@emnapi/runtime/-/runtime-1.11.3.tgz. Extracting by manifest.
4637 silly tarball no local data for eslint-visitor-keys@https://registry.npmjs.org/eslint-visitor-keys/-/eslint-visitor-keys-5.0.1.tgz. Extracting by manifest.
4638 silly tarball no local data for brace-expansion@https://registry.npmjs.org/brace-expansion/-/brace-expansion-5.0.12.tgz. Extracting by manifest.
4639 silly tarball no local data for minimatch@https://registry.npmjs.org/minimatch/-/minimatch-10.2.6.tgz. Extracting by manifest.
4640 silly tarball no local data for ignore@https://registry.npmjs.org/ignore/-/ignore-7.0.9.tgz. Extracting by manifest.
4641 silly tarball no local data for @emnapi/runtime@https://registry.npmjs.org/@emnapi/runtime/-/runtime-2.0.0-alpha.3.tgz. Extracting by manifest.
4642 silly tarball no local data for @emnapi/core@https://registry.npmjs.org/@emnapi/core/-/core-2.0.0-alpha.3.tgz. Extracting by manifest.
4643 silly tarball no local data for react-is@https://registry.npmjs.org/react-is/-/react-is-16.13.1.tgz. Extracting by manifest.
4644 silly tarball no local data for @emnapi/wasi-threads@https://registry.npmjs.org/@emnapi/wasi-threads/-/wasi-threads-2.0.1.tgz. Extracting by manifest.
4645 silly tarball no local data for @rolldown/pluginutils@https://registry.npmjs.org/@rolldown/pluginutils/-/pluginutils-1.0.1.tgz. Extracting by manifest.
4646 silly tarball no local data for @oxc-project/types@https://registry.npmjs.org/@oxc-project/types/-/types-0.142.0.tgz. Extracting by manifest.
4647 silly tarball no local data for srvx@https://registry.npmjs.org/srvx/-/srvx-1.0.5.tgz. Extracting by manifest.
4648 silly tarball no local data for rou3@https://registry.npmjs.org/rou3/-/rou3-0.9.2.tgz. Extracting by manifest.
4649 silly tarball no local data for globals@https://registry.npmjs.org/globals/-/globals-14.0.0.tgz. Extracting by manifest.
4650 silly tarball no local data for ajv@https://registry.npmjs.org/ajv/-/ajv-6.15.0.tgz. Extracting by manifest.
4651 silly tarball no local data for eslint-visitor-keys@https://registry.npmjs.org/eslint-visitor-keys/-/eslint-visitor-keys-3.4.3.tgz. Extracting by manifest.
4652 silly tarball no local data for @esbuild/android-arm64@https://registry.npmjs.org/@esbuild/android-arm64/-/android-arm64-0.18.20.tgz. Extracting by manifest.
4653 silly tarball no local data for json-schema-traverse@https://registry.npmjs.org/json-schema-traverse/-/json-schema-traverse-0.4.1.tgz. Extracting by manifest.
4654 silly tarball no local data for esbuild@https://registry.npmjs.org/esbuild/-/esbuild-0.18.20.tgz. Extracting by manifest.
4655 silly tarball no local data for zod@https://registry.npmjs.org/zod/-/zod-4.6.5.tgz. Extracting by manifest.
4656 silly tarball no local data for zod@https://registry.npmjs.org/zod/-/zod-4.6.5.tgz. Extracting by manifest.
4657 silly tarball no local data for @babel/code-frame@https://registry.npmjs.org/@babel/code-frame/-/code-frame-7.27.1.tgz. Extracting by manifest.
4658 silly tarball no local data for lightningcss-android-arm64@https://registry.npmjs.org/lightningcss-android-arm64/-/lightningcss-android-arm64-1.32.0.tgz. Extracting by manifest.
4659 silly tarball no local data for lightningcss@https://registry.npmjs.org/lightningcss/-/lightningcss-1.32.0.tgz. Extracting by manifest.
4660 silly tarball no local data for ocache@https://registry.npmjs.org/ocache/-/ocache-0.1.5.tgz. Extracting by manifest.
4661 silly tarball no local data for json-schema-traverse@https://registry.npmjs.org/json-schema-traverse/-/json-schema-traverse-0.4.1.tgz. Extracting by manifest.
4662 silly tarball no local data for ajv@https://registry.npmjs.org/ajv/-/ajv-6.15.0.tgz. Extracting by manifest.
4663 silly tarball no local data for @esbuild/android-arm64@https://registry.npmjs.org/@esbuild/android-arm64/-/android-arm64-0.25.12.tgz. Extracting by manifest.
4664 silly tarball no local data for esbuild@https://registry.npmjs.org/esbuild/-/esbuild-0.25.12.tgz. Extracting by manifest.
4665 silly tarball no local data for chalk@https://registry.npmjs.org/chalk/-/chalk-4.1.2.tgz. Extracting by manifest.
4666 silly tarball no local data for zod@https://registry.npmjs.org/zod/-/zod-4.6.5.tgz. Extracting by manifest.
4667 silly tarball no local data for balanced-match@https://registry.npmjs.org/balanced-match/-/balanced-match-4.0.4.tgz. Extracting by manifest.
4668 http fetch POST 200 https://registry.npmjs.org/-/npm/v1/security/advisories/bulk 5024ms
4669 silly audit report {
4669 silly audit report   esbuild: [
4669 silly audit report     {
4669 silly audit report       id: 1102341,
4669 silly audit report       url: 'https://github.com/advisories/GHSA-67mh-4wv8-2f99',
4669 silly audit report       title: 'esbuild enables any website to send any requests to the development server and read the response',
4669 silly audit report       severity: 'moderate',
4669 silly audit report       vulnerable_versions: '<=0.24.2',
4669 silly audit report       cwe: [Array],
4669 silly audit report       cvss: [Object]
4669 silly audit report     }
4669 silly audit report   ]
4669 silly audit report }
4670 silly packumentCache corgi:https://registry.npmjs.org/esbuild cache-miss
4671 http fetch GET 200 https://registry.npmjs.org/fast-json-stable-stringify/-/fast-json-stable-stringify-2.1.0.tgz 8587ms (cache miss)
4672 http fetch GET 200 https://registry.npmjs.org/punycode/-/punycode-2.3.1.tgz 8606ms (cache miss)
4673 http fetch GET 200 https://registry.npmjs.org/d3-format/-/d3-format-3.1.2.tgz 8979ms (cache miss)
4674 http fetch GET 200 https://registry.npmjs.org/internmap/-/internmap-2.0.3.tgz 8977ms (cache miss)
4675 http fetch GET 200 https://registry.npmjs.org/d3-timer/-/d3-timer-3.0.1.tgz 9215ms (cache miss)
4676 http fetch GET 200 https://registry.npmjs.org/@types/d3-color/-/d3-color-3.1.3.tgz 9225ms (cache miss)
4677 http fetch GET 200 https://registry.npmjs.org/d3-ease/-/d3-ease-3.0.1.tgz 9514ms (cache miss)
4678 http fetch GET 200 https://registry.npmjs.org/@types/d3-path/-/d3-path-3.1.1.tgz 9551ms (cache miss)
4679 http fetch GET 200 https://registry.npmjs.org/@types/d3-timer/-/d3-timer-3.0.2.tgz 9715ms (cache miss)
4680 http fetch GET 200 https://registry.npmjs.org/@types/d3-ease/-/d3-ease-3.0.2.tgz 9892ms (cache miss)
4681 http fetch GET 200 https://registry.npmjs.org/@types/d3-array/-/d3-array-3.2.2.tgz 9907ms (cache miss)
4682 http fetch GET 200 https://registry.npmjs.org/@types/d3-time/-/d3-time-3.0.4.tgz 9936ms (cache miss)
4683 http fetch GET 200 https://registry.npmjs.org/@types/d3-shape/-/d3-shape-3.2.0.tgz 10174ms (cache miss)
4684 http fetch GET 200 https://registry.npmjs.org/@types/d3-scale/-/d3-scale-4.0.9.tgz 10173ms (cache miss)
4685 http fetch GET 200 https://registry.npmjs.org/detect-node-es/-/detect-node-es-1.1.0.tgz 10161ms (cache miss)
4686 http fetch GET 200 https://registry.npmjs.org/@typescript-eslint/tsconfig-utils/-/tsconfig-utils-8.70.0.tgz 10165ms (cache miss)
4687 http fetch GET 200 https://registry.npmjs.org/@types/d3-interpolate/-/d3-interpolate-3.0.4.tgz 10204ms (cache miss)
4688 http fetch GET 200 https://registry.npmjs.org/@typescript-eslint/project-service/-/project-service-8.70.0.tgz 10365ms (cache miss)
4689 http fetch GET 200 https://registry.npmjs.org/@typescript-eslint/visitor-keys/-/visitor-keys-8.70.0.tgz 10349ms (cache miss)
4690 http fetch GET 200 https://registry.npmjs.org/@pkgr/core/-/core-0.3.6.tgz 10902ms (cache miss)
4691 http fetch GET 200 https://registry.npmjs.org/react-is/-/react-is-18.3.1.tgz 11118ms (cache miss)
4692 http fetch GET 200 https://registry.npmjs.org/react-style-singleton/-/react-style-singleton-2.2.3.tgz 11343ms (cache miss)
4693 http fetch GET 200 https://registry.npmjs.org/get-nonce/-/get-nonce-1.0.1.tgz 11368ms (cache miss)
4694 http fetch GET 200 https://registry.npmjs.org/p-limit/-/p-limit-3.1.0.tgz 11303ms (cache miss)
4695 http fetch GET 200 https://registry.npmjs.org/use-sidecar/-/use-sidecar-1.1.3.tgz 11371ms (cache miss)
4696 http fetch GET 200 https://registry.npmjs.org/yocto-queue/-/yocto-queue-0.1.0.tgz 11306ms (cache miss)
4697 http fetch GET 200 https://registry.npmjs.org/globrex/-/globrex-0.1.2.tgz 11886ms (cache miss)
4698 http fetch GET 200 https://registry.npmjs.org/word-wrap/-/word-wrap-1.2.5.tgz 11527ms (cache miss)
4699 http fetch GET 200 https://registry.npmjs.org/deep-is/-/deep-is-0.1.4.tgz 11522ms (cache miss)
4700 http fetch GET 200 https://registry.npmjs.org/callsites/-/callsites-3.1.0.tgz 11580ms (cache miss)
4701 http fetch GET 200 https://registry.npmjs.org/fast-levenshtein/-/fast-levenshtein-2.0.6.tgz 11555ms (cache miss)
4702 http fetch GET 200 https://registry.npmjs.org/d3-path/-/d3-path-3.1.0.tgz 12091ms (cache miss)
4703 http fetch GET 200 https://registry.npmjs.org/fast-diff/-/fast-diff-1.3.0.tgz 12059ms (cache miss)
4704 http fetch GET 200 https://registry.npmjs.org/httpxy/-/httpxy-0.5.5.tgz 11988ms (cache miss)
4705 http fetch GET 200 https://registry.npmjs.org/ofetch/-/ofetch-2.0.0-alpha.3.tgz 11974ms (cache miss)
4706 http fetch GET 200 https://registry.npmjs.org/hookable/-/hookable-6.1.2.tgz 11992ms (cache miss)
4707 http fetch GET 200 https://registry.npmjs.org/type-check/-/type-check-0.4.0.tgz 11925ms (cache miss)
4708 http fetch GET 200 https://registry.npmjs.org/p-locate/-/p-locate-5.0.0.tgz 11967ms (cache miss)
4709 http fetch GET 200 https://registry.npmjs.org/locate-path/-/locate-path-6.0.0.tgz 12201ms (cache miss)
4710 http fetch GET 200 https://registry.npmjs.org/shell-quote/-/shell-quote-1.10.0.tgz 12244ms (cache miss)
4711 http fetch GET 200 https://registry.npmjs.org/@oxc-project/types/-/types-0.120.0.tgz 12414ms (cache miss)
4712 http fetch GET 200 https://registry.npmjs.org/flat-cache/-/flat-cache-4.0.1.tgz 12215ms (cache miss)
4713 http fetch GET 200 https://registry.npmjs.org/parent-module/-/parent-module-1.0.1.tgz 12245ms (cache miss)
4714 http fetch GET 200 https://registry.npmjs.org/resolve-pkg-maps/-/resolve-pkg-maps-1.0.0.tgz 12245ms (cache miss)
4715 http fetch GET 200 https://registry.npmjs.org/keyv/-/keyv-4.5.4.tgz 12275ms (cache miss)
4716 http fetch GET 200 https://registry.npmjs.org/d3-color/-/d3-color-3.1.0.tgz 12914ms (cache miss)
4717 http fetch GET 200 https://registry.npmjs.org/brace-expansion/-/brace-expansion-1.1.21.tgz 12481ms (cache miss)
4718 http fetch GET 200 https://registry.npmjs.org/prettier-linter-helpers/-/prettier-linter-helpers-1.0.1.tgz 12396ms (cache miss)
4719 http fetch GET 200 https://registry.npmjs.org/require-from-string/-/require-from-string-2.0.2.tgz 12394ms (cache miss)
4720 http fetch GET 200 https://registry.npmjs.org/json-schema-traverse/-/json-schema-traverse-1.0.0.tgz 12394ms (cache miss)
4721 http fetch GET 200 https://registry.npmjs.org/acorn-jsx/-/acorn-jsx-5.3.2.tgz 12424ms (cache miss)
4722 http fetch GET 200 https://registry.npmjs.org/resolve-from/-/resolve-from-4.0.0.tgz 12460ms (cache miss)
4723 http fetch GET 200 https://registry.npmjs.org/@humanfs/types/-/types-0.15.0.tgz 12396ms (cache miss)
4724 http fetch GET 200 https://registry.npmjs.org/json-buffer/-/json-buffer-3.0.1.tgz 12479ms (cache miss)
4725 http fetch GET 200 https://registry.npmjs.org/lodash.merge/-/lodash.merge-4.6.2.tgz 12494ms (cache miss)
4726 http fetch GET 200 https://registry.npmjs.org/@types/json-schema/-/json-schema-7.0.15.tgz 12510ms (cache miss)
4727 http fetch GET 200 https://registry.npmjs.org/import-fresh/-/import-fresh-3.3.1.tgz 12517ms (cache miss)
4728 http fetch GET 200 https://registry.npmjs.org/levn/-/levn-0.4.1.tgz 12532ms (cache miss)
4729 http fetch GET 200 https://registry.npmjs.org/esrecurse/-/esrecurse-4.3.0.tgz 12576ms (cache miss)
4730 http fetch GET 200 https://registry.npmjs.org/strip-json-comments/-/strip-json-comments-3.1.1.tgz 12537ms (cache miss)
4731 http fetch GET 200 https://registry.npmjs.org/natural-compare/-/natural-compare-1.4.0.tgz 12505ms (cache miss)
4732 http fetch GET 200 https://registry.npmjs.org/optionator/-/optionator-0.9.4.tgz 12529ms (cache miss)
4733 http fetch GET 200 https://registry.npmjs.org/find-up/-/find-up-5.0.0.tgz 12667ms (cache miss)
4734 http fetch GET 200 https://registry.npmjs.org/file-entry-cache/-/file-entry-cache-8.0.0.tgz 12666ms (cache miss)
4735 http fetch GET 200 https://registry.npmjs.org/rou3/-/rou3-0.8.1.tgz 13048ms (cache miss)
4736 http fetch GET 200 https://registry.npmjs.org/@humanwhocodes/retry/-/retry-0.4.3.tgz 12917ms (cache miss)
4737 http fetch GET 200 https://registry.npmjs.org/@humanwhocodes/module-importer/-/module-importer-1.0.1.tgz 12918ms (cache miss)
4738 http fetch GET 200 https://registry.npmjs.org/escape-string-regexp/-/escape-string-regexp-4.0.0.tgz 12936ms (cache miss)
4739 http fetch GET 200 https://registry.npmjs.org/@esbuild-kit/esm-loader/-/esm-loader-2.6.5.tgz 13080ms (cache miss)
4740 warn deprecated @esbuild-kit/esm-loader@2.6.5: Merged into tsx: https://tsx.hirok.io
4741 http fetch GET 200 https://registry.npmjs.org/embla-carousel-reactive-utils/-/embla-carousel-reactive-utils-8.6.0.tgz 13110ms (cache miss)
4742 http fetch GET 200 https://registry.npmjs.org/@esbuild-kit/core-utils/-/core-utils-3.3.2.tgz 13225ms (cache miss)
4743 http fetch GET 200 https://registry.npmjs.org/@types/estree/-/estree-1.0.9.tgz 13212ms (cache miss)
4744 http fetch GET 200 https://registry.npmjs.org/update-browserslist-db/-/update-browserslist-db-1.3.3.tgz 13207ms (cache miss)
4745 warn deprecated @esbuild-kit/core-utils@3.3.2: Merged into tsx: https://tsx.hirok.io
4746 http fetch GET 200 https://registry.npmjs.org/node-releases/-/node-releases-2.0.56.tgz 13214ms (cache miss)
4747 http fetch GET 200 https://registry.npmjs.org/@typescript-eslint/parser/-/parser-8.70.0.tgz 13939ms (cache miss)
4748 http fetch GET 200 https://registry.npmjs.org/ocache/-/ocache-0.3.0.tgz 13753ms (cache miss)
4749 http fetch GET 200 https://registry.npmjs.org/@rolldown/pluginutils/-/pluginutils-1.0.0-rc.3.tgz 13347ms (cache miss)
4750 http fetch GET 200 https://registry.npmjs.org/react-refresh/-/react-refresh-0.18.0.tgz 13358ms (cache miss)
4751 http fetch GET 200 https://registry.npmjs.org/@types/babel__template/-/babel__template-7.4.4.tgz 13371ms (cache miss)
4752 http fetch GET 200 https://registry.npmjs.org/@types/babel__generator/-/babel__generator-7.27.0.tgz 13371ms (cache miss)
4753 http fetch GET 200 https://registry.npmjs.org/@types/babel__core/-/babel__core-7.20.5.tgz 13365ms (cache miss)
4754 http fetch GET 200 https://registry.npmjs.org/@babel/plugin-transform-react-jsx-self/-/plugin-transform-react-jsx-self-7.29.7.tgz 13356ms (cache miss)
4755 http fetch GET 200 https://registry.npmjs.org/@babel/plugin-transform-react-jsx-source/-/plugin-transform-react-jsx-source-7.29.7.tgz 13368ms (cache miss)
4756 http fetch GET 200 https://registry.npmjs.org/@eslint/core/-/core-0.17.0.tgz 13580ms (cache miss)
4757 http fetch GET 200 https://registry.npmjs.org/readdirp/-/readdirp-5.1.1.tgz 13526ms (cache miss)
4758 http fetch GET 200 https://registry.npmjs.org/@types/babel__traverse/-/babel__traverse-7.28.0.tgz 13506ms (cache miss)
4759 http fetch GET 200 https://registry.npmjs.org/vitefu/-/vitefu-1.1.3.tgz 13462ms (cache miss)
4760 http fetch GET 200 https://registry.npmjs.org/exsolve/-/exsolve-1.1.1.tgz 13451ms (cache miss)
4761 http fetch GET 200 https://registry.npmjs.org/ansis/-/ansis-4.4.0.tgz 13447ms (cache miss)
4762 http fetch GET 200 https://registry.npmjs.org/fetchdts/-/fetchdts-0.1.7.tgz 13569ms (cache miss)
4763 http fetch GET 200 https://registry.npmjs.org/babel-dead-code-elimination/-/babel-dead-code-elimination-1.0.12.tgz 13536ms (cache miss)
4764 http fetch GET 200 https://registry.npmjs.org/use-sync-external-store/-/use-sync-external-store-1.7.0.tgz 13500ms (cache miss)
4765 http fetch GET 200 https://registry.npmjs.org/cookie-es/-/cookie-es-3.1.1.tgz 13509ms (cache miss)
4766 http fetch GET 200 https://registry.npmjs.org/seroval-plugins/-/seroval-plugins-1.6.7.tgz 13521ms (cache miss)
4767 http fetch GET 200 https://registry.npmjs.org/eventemitter3/-/eventemitter3-4.0.7.tgz 14254ms (cache miss)
4768 http fetch GET 200 https://registry.npmjs.org/chokidar/-/chokidar-5.0.0.tgz 13626ms (cache miss)
4769 http fetch GET 200 https://registry.npmjs.org/@tanstack/start-storage-context/-/start-storage-context-1.167.17.tgz 13609ms (cache miss)
4770 http fetch GET 200 https://registry.npmjs.org/@tanstack/react-start-server/-/react-start-server-1.167.22.tgz 14312ms (cache miss)
4771 http fetch GET 200 https://registry.npmjs.org/@tanstack/react-store/-/react-store-0.9.3.tgz 14288ms (cache miss)
4772 http fetch GET 200 https://registry.npmjs.org/@tanstack/start-fn-stubs/-/start-fn-stubs-1.162.0.tgz 14335ms (cache miss)
4773 http fetch GET 200 https://registry.npmjs.org/isbot/-/isbot-5.2.2.tgz 14306ms (cache miss)
4774 http fetch GET 200 https://registry.npmjs.org/prelude-ls/-/prelude-ls-1.2.1.tgz 14928ms (cache miss)
4775 http fetch GET 200 https://registry.npmjs.org/eslint-visitor-keys/-/eslint-visitor-keys-4.2.1.tgz 15129ms (cache miss)
4776 http fetch GET 200 https://registry.npmjs.org/@humanfs/node/-/node-0.16.8.tgz 15117ms (cache miss)
4777 http fetch GET 200 https://registry.npmjs.org/browserslist/-/browserslist-4.29.0.tgz 14945ms (cache miss)
4778 http fetch GET 200 https://registry.npmjs.org/@tailwindcss/oxide/-/oxide-4.3.3.tgz 14810ms (cache miss)
4779 http fetch GET 200 https://registry.npmjs.org/@tanstack/devtools-client/-/devtools-client-0.0.8.tgz 14848ms (cache miss)
4780 http fetch GET 200 https://registry.npmjs.org/@radix-ui/rect/-/rect-1.1.3.tgz 14956ms (cache miss)
4781 http fetch GET 200 https://registry.npmjs.org/@radix-ui/number/-/number-1.1.3.tgz 14976ms (cache miss)
4782 http fetch GET 200 https://registry.npmjs.org/@radix-ui/react-arrow/-/react-arrow-1.1.15.tgz 14958ms (cache miss)
4783 http fetch GET 200 https://registry.npmjs.org/@radix-ui/react-use-rect/-/react-use-rect-1.1.4.tgz 15098ms (cache miss)
4784 http fetch GET 200 https://registry.npmjs.org/@floating-ui/utils/-/utils-0.2.12.tgz 15127ms (cache miss)
4785 http fetch GET 200 https://registry.npmjs.org/@radix-ui/react-use-effect-event/-/react-use-effect-event-0.0.5.tgz 15139ms (cache miss)
4786 http fetch GET 200 https://registry.npmjs.org/@radix-ui/react-visually-hidden/-/react-visually-hidden-1.2.11.tgz 15159ms (cache miss)
4787 http fetch GET 200 https://registry.npmjs.org/@radix-ui/react-use-previous/-/react-use-previous-1.1.4.tgz 15156ms (cache miss)
4788 http fetch GET 200 https://registry.npmjs.org/@floating-ui/react-dom/-/react-dom-2.1.9.tgz 15168ms (cache miss)
4789 http fetch GET 200 https://registry.npmjs.org/@radix-ui/react-popper/-/react-popper-1.3.7.tgz 15228ms (cache miss)
4790 http fetch GET 200 https://registry.npmjs.org/react-remove-scroll/-/react-remove-scroll-2.7.2.tgz 15225ms (cache miss)
4791 http fetch GET 200 https://registry.npmjs.org/espree/-/espree-10.4.0.tgz 15722ms (cache miss)
4792 http fetch GET 200 https://registry.npmjs.org/flatted/-/flatted-3.4.4.tgz 15851ms (cache miss)
4793 http fetch GET 200 https://registry.npmjs.org/aria-hidden/-/aria-hidden-1.2.6.tgz 15396ms (cache miss)
4794 http fetch GET 200 https://registry.npmjs.org/@radix-ui/react-focus-scope/-/react-focus-scope-1.1.16.tgz 15392ms (cache miss)
4795 http fetch GET 200 https://registry.npmjs.org/ts-api-utils/-/ts-api-utils-2.5.0.tgz 16420ms (cache miss)
4796 http fetch GET 200 https://registry.npmjs.org/@radix-ui/react-focus-guards/-/react-focus-guards-1.1.6.tgz 15434ms (cache miss)
4797 http fetch GET 200 https://registry.npmjs.org/@radix-ui/react-portal/-/react-portal-1.1.17.tgz 15579ms (cache miss)
4798 http fetch GET 200 https://registry.npmjs.org/@radix-ui/react-presence/-/react-presence-1.1.10.tgz 15557ms (cache miss)
4799 http fetch GET 200 https://registry.npmjs.org/@radix-ui/react-use-controllable-state/-/react-use-controllable-state-1.2.6.tgz 15551ms (cache miss)
4800 http fetch GET 200 https://registry.npmjs.org/@radix-ui/react-use-callback-ref/-/react-use-callback-ref-1.1.4.tgz 15550ms (cache miss)
4801 http fetch GET 200 https://registry.npmjs.org/@radix-ui/react-id/-/react-id-1.1.4.tgz 15545ms (cache miss)
4802 http fetch GET 200 https://registry.npmjs.org/@radix-ui/react-context/-/react-context-1.2.2.tgz 15543ms (cache miss)
4803 http fetch GET 200 https://registry.npmjs.org/@radix-ui/react-primitive/-/react-primitive-2.1.10.tgz 15557ms (cache miss)
4804 http fetch GET 200 https://registry.npmjs.org/@radix-ui/react-use-layout-effect/-/react-use-layout-effect-1.1.4.tgz 15573ms (cache miss)
4805 http fetch GET 200 https://registry.npmjs.org/launch-editor/-/launch-editor-2.14.1.tgz 15788ms (cache miss)
4806 http fetch GET 200 https://registry.npmjs.org/@radix-ui/react-compose-refs/-/react-compose-refs-1.1.5.tgz 15607ms (cache miss)
4807 http fetch GET 200 https://registry.npmjs.org/@radix-ui/primitive/-/primitive-1.1.7.tgz 15670ms (cache miss)
4808 http fetch GET 200 https://registry.npmjs.org/@radix-ui/react-direction/-/react-direction-1.1.4.tgz 15682ms (cache miss)
4809 http fetch GET 200 https://registry.npmjs.org/d3-time/-/d3-time-3.1.0.tgz 16828ms (cache miss)
4810 http fetch GET 200 https://registry.npmjs.org/webpack-virtual-modules/-/webpack-virtual-modules-0.6.2.tgz 16767ms (cache miss)
4811 http fetch GET 200 https://registry.npmjs.org/@standard-schema/utils/-/utils-0.3.0.tgz 15778ms (cache miss)
4812 http fetch GET 200 https://registry.npmjs.org/tw-animate-css/-/tw-animate-css-1.4.0.tgz 15764ms (cache miss)
4813 http fetch GET 200 https://registry.npmjs.org/@typescript-eslint/types/-/types-8.70.0.tgz 16878ms (cache miss)
4814 http fetch GET 200 https://registry.npmjs.org/@humanfs/core/-/core-0.19.2.tgz 16419ms (cache miss)
4815 http fetch GET 200 https://registry.npmjs.org/scheduler/-/scheduler-0.28.0.tgz 16896ms (cache miss)
4816 http fetch GET 200 https://registry.npmjs.org/electron-to-chromium/-/electron-to-chromium-1.5.430.tgz 16387ms (cache miss)
4817 http fetch GET 200 https://registry.npmjs.org/get-tsconfig/-/get-tsconfig-4.14.3.tgz 16436ms (cache miss)
4818 http fetch GET 200 https://registry.npmjs.org/ufo/-/ufo-1.6.4.tgz 16647ms (cache miss)
4819 http fetch GET 200 https://registry.npmjs.org/@radix-ui/react-use-size/-/react-use-size-1.1.4.tgz 16389ms (cache miss)
4820 http fetch GET 200 https://registry.npmjs.org/json-stable-stringify-without-jsonify/-/json-stable-stringify-without-jsonify-1.0.1.tgz 17098ms (cache miss)
4821 http fetch GET 200 https://registry.npmjs.org/prop-types/-/prop-types-15.8.1.tgz 17537ms (cache miss)
4822 http fetch GET 200 https://registry.npmjs.org/embla-carousel-react/-/embla-carousel-react-8.6.0.tgz 16769ms (cache miss)
4823 http fetch GET 200 https://registry.npmjs.org/eslint-config-prettier/-/eslint-config-prettier-10.1.8.tgz 16780ms (cache miss)
4824 http fetch GET 200 https://registry.npmjs.org/eslint-plugin-prettier/-/eslint-plugin-prettier-5.5.6.tgz 16791ms (cache miss)
4825 http fetch GET 200 https://registry.npmjs.org/eslint-plugin-react-refresh/-/eslint-plugin-react-refresh-0.4.26.tgz 16806ms (cache miss)
4826 http fetch GET 200 https://registry.npmjs.org/baseline-browser-mapping/-/baseline-browser-mapping-2.11.25.tgz 17406ms (cache miss)
4827 http fetch GET 200 https://registry.npmjs.org/class-variance-authority/-/class-variance-authority-0.7.1.tgz 16911ms (cache miss)
4828 http fetch GET 200 https://registry.npmjs.org/@types/react-dom/-/react-dom-19.3.0.tgz 16924ms (cache miss)
4829 http fetch GET 200 https://registry.npmjs.org/clsx/-/clsx-2.1.1.tgz 16943ms (cache miss)
4830 http fetch GET 200 https://registry.npmjs.org/@eslint/object-schema/-/object-schema-2.1.7.tgz 17937ms (cache miss)
4831 http fetch GET 200 https://registry.npmjs.org/globals/-/globals-15.15.0.tgz 17314ms (cache miss)
4832 http fetch GET 200 https://registry.npmjs.org/@radix-ui/react-toggle-group/-/react-toggle-group-1.1.19.tgz 17232ms (cache miss)
4833 http fetch GET 200 https://registry.npmjs.org/@radix-ui/react-slot/-/react-slot-1.3.3.tgz 17376ms (cache miss)
4834 http fetch GET 200 https://registry.npmjs.org/@radix-ui/react-toggle/-/react-toggle-1.1.18.tgz 17405ms (cache miss)
4835 http fetch GET 200 https://registry.npmjs.org/@radix-ui/react-use-is-hydrated/-/react-use-is-hydrated-0.1.3.tgz 17398ms (cache miss)
4836 http fetch GET 200 https://registry.npmjs.org/@radix-ui/react-separator/-/react-separator-1.1.15.tgz 17397ms (cache miss)
4837 http fetch GET 200 https://registry.npmjs.org/@radix-ui/react-roving-focus/-/react-roving-focus-1.1.19.tgz 17683ms (cache miss)
4838 http fetch GET 200 https://registry.npmjs.org/@radix-ui/react-progress/-/react-progress-1.1.16.tgz 17480ms (cache miss)
4839 http fetch GET 200 https://registry.npmjs.org/@radix-ui/react-label/-/react-label-2.1.15.tgz 17469ms (cache miss)
4840 http fetch GET 200 https://registry.npmjs.org/@radix-ui/react-hover-card/-/react-hover-card-1.1.23.tgz 17468ms (cache miss)
4841 http fetch GET 200 https://registry.npmjs.org/@radix-ui/react-dismissable-layer/-/react-dismissable-layer-1.1.19.tgz 17772ms (cache miss)
4842 http fetch GET 200 https://registry.npmjs.org/nanoid/-/nanoid-3.3.19.tgz 18931ms (cache miss)
4843 http fetch GET 200 https://registry.npmjs.org/@eslint-community/regexpp/-/regexpp-4.12.2.tgz 18258ms (cache miss)
4844 http fetch GET 200 https://registry.npmjs.org/@drizzle-team/brocli/-/brocli-0.10.2.tgz 18218ms (cache miss)
4845 http fetch GET 200 https://registry.npmjs.org/@radix-ui/react-collapsible/-/react-collapsible-1.1.20.tgz 17548ms (cache miss)
4846 http fetch GET 200 https://registry.npmjs.org/@radix-ui/react-dialog/-/react-dialog-1.1.23.tgz 17558ms (cache miss)
4847 http fetch GET 200 https://registry.npmjs.org/@radix-ui/react-dropdown-menu/-/react-dropdown-menu-2.1.24.tgz 17565ms (cache miss)
4848 http fetch GET 200 https://registry.npmjs.org/@radix-ui/react-avatar/-/react-avatar-1.2.6.tgz 17549ms (cache miss)
4849 http fetch GET 200 https://registry.npmjs.org/@radix-ui/react-aspect-ratio/-/react-aspect-ratio-1.1.15.tgz 17548ms (cache miss)
4850 http fetch GET 200 https://registry.npmjs.org/@eslint/config-helpers/-/config-helpers-0.4.2.tgz 18343ms (cache miss)
4851 http fetch GET 200 https://registry.npmjs.org/@radix-ui/react-accordion/-/react-accordion-1.2.20.tgz 17617ms (cache miss)
4852 http fetch GET 200 https://registry.npmjs.org/@radix-ui/react-alert-dialog/-/react-alert-dialog-1.1.23.tgz 17630ms (cache miss)
4853 http fetch GET 200 https://registry.npmjs.org/@oozcitak/url/-/url-3.0.0.tgz 19130ms (cache miss)
4854 http fetch GET 200 https://registry.npmjs.org/esbuild/-/esbuild-0.28.2.tgz 19107ms (cache miss)
4855 http fetch GET 200 https://registry.npmjs.org/@tailwindcss/vite/-/vite-4.3.3.tgz 17681ms (cache miss)
4856 http fetch GET 200 https://registry.npmjs.org/@oozcitak/util/-/util-10.0.0.tgz 19217ms (cache miss)
4857 http fetch GET 200 https://registry.npmjs.org/vaul/-/vaul-1.1.2.tgz 18148ms (cache miss)
4858 http fetch GET 200 https://registry.npmjs.org/@eslint-community/eslint-utils/-/eslint-utils-4.10.1.tgz 18718ms (cache miss)
4859 http fetch GET 200 https://registry.npmjs.org/@tailwindcss/node/-/node-4.3.3.tgz 18407ms (cache miss)
4860 http fetch GET 200 https://registry.npmjs.org/ohash/-/ohash-2.0.12.tgz 19193ms (cache miss)
4861 http fetch GET 200 https://registry.npmjs.org/@eslint/plugin-kit/-/plugin-kit-0.4.1.tgz 18908ms (cache miss)
4862 http fetch GET 200 https://registry.npmjs.org/@vitejs/plugin-react/-/plugin-react-5.2.0.tgz 18152ms (cache miss)
4863 http fetch GET 200 https://registry.npmjs.org/@eslint/js/-/js-9.39.5.tgz 18128ms (cache miss)
4864 http fetch GET 200 https://registry.npmjs.org/react-is/-/react-is-16.13.1.tgz 18058ms (cache miss)
4865 http fetch GET 200 https://registry.npmjs.org/@radix-ui/react-collection/-/react-collection-1.1.15.tgz 18449ms (cache miss)
4866 http fetch GET 200 https://registry.npmjs.org/eslint-scope/-/eslint-scope-8.4.0.tgz 18975ms (cache miss)
4867 http fetch GET 200 https://registry.npmjs.org/@oxc-project/types/-/types-0.142.0.tgz 18073ms (cache miss)
4868 http fetch GET 200 https://registry.npmjs.org/tsconfck/-/tsconfck-3.1.6.tgz 19678ms (cache miss)
4869 warn deprecated tsconfck@3.1.6: unmaintained
4870 http fetch GET 200 https://registry.npmjs.org/@rolldown/pluginutils/-/pluginutils-1.0.1.tgz 18099ms (cache miss)
4871 http fetch GET 200 https://registry.npmjs.org/@tanstack/history/-/history-1.162.0.tgz 18734ms (cache miss)
4872 http fetch GET 200 https://registry.npmjs.org/json-schema-traverse/-/json-schema-traverse-0.4.1.tgz 18121ms (cache miss)
4873 http fetch GET 200 https://registry.npmjs.org/@emnapi/wasi-threads/-/wasi-threads-2.0.1.tgz 18162ms (cache miss)
4874 http fetch GET 200 https://registry.npmjs.org/globals/-/globals-14.0.0.tgz 18144ms (cache miss)
4875 http fetch GET 200 https://registry.npmjs.org/ignore/-/ignore-7.0.9.tgz 18225ms (cache miss)
4876 http fetch GET 200 https://registry.npmjs.org/@babel/code-frame/-/code-frame-7.27.1.tgz 18175ms (cache miss)
4877 http fetch GET 200 https://registry.npmjs.org/@radix-ui/react-tabs/-/react-tabs-1.1.21.tgz 18480ms (cache miss)
4878 http fetch GET 200 https://registry.npmjs.org/ocache/-/ocache-0.1.5.tgz 18217ms (cache miss)
4879 http fetch GET 200 https://registry.npmjs.org/balanced-match/-/balanced-match-4.0.4.tgz 18181ms (cache miss)
4880 http fetch GET 200 https://registry.npmjs.org/@radix-ui/react-switch/-/react-switch-1.3.7.tgz 18538ms (cache miss)
4881 http fetch GET 200 https://registry.npmjs.org/input-otp/-/input-otp-1.5.0.tgz 18655ms (cache miss)
4882 http fetch GET 200 https://registry.npmjs.org/@radix-ui/react-menu/-/react-menu-2.1.24.tgz 18782ms (cache miss)
4883 http fetch GET 200 https://registry.npmjs.org/chalk/-/chalk-4.1.2.tgz 18266ms (cache miss)
4884 http fetch GET 200 https://registry.npmjs.org/eslint-plugin-react-hooks/-/eslint-plugin-react-hooks-5.2.0.tgz 18702ms (cache miss)
4885 http fetch GET 200 https://registry.npmjs.org/sonner/-/sonner-2.0.8.tgz 18734ms (cache miss)
4886 http fetch GET 200 https://registry.npmjs.org/typescript-eslint/-/typescript-eslint-8.70.0.tgz 18770ms (cache miss)
4887 http fetch GET 200 https://registry.npmjs.org/json-schema-traverse/-/json-schema-traverse-0.4.1.tgz 18341ms (cache miss)
4888 http fetch GET 200 https://registry.npmjs.org/pathe/-/pathe-2.0.3.tgz 19108ms (cache miss)
4889 http fetch GET 200 https://registry.npmjs.org/acorn/-/acorn-8.18.0.tgz 19523ms (cache miss)
4890 http fetch GET 200 https://registry.npmjs.org/@radix-ui/react-checkbox/-/react-checkbox-1.3.11.tgz 18665ms (cache miss)
4891 http fetch GET 200 https://registry.npmjs.org/@floating-ui/core/-/core-1.8.0.tgz 19093ms (cache miss)
4892 http fetch GET 200 https://registry.npmjs.org/@floating-ui/dom/-/dom-1.8.0.tgz 19091ms (cache miss)
4893 http fetch GET 200 https://registry.npmjs.org/@radix-ui/react-popover/-/react-popover-1.1.23.tgz 18778ms (cache miss)
4894 http fetch GET 200 https://registry.npmjs.org/decimal.js-light/-/decimal.js-light-2.5.1.tgz 20017ms (cache miss)
4895 http fetch GET 200 https://registry.npmjs.org/esbuild/-/esbuild-0.18.20.tgz 18582ms (cache miss)
4896 http fetch GET 200 https://registry.npmjs.org/@radix-ui/react-context-menu/-/react-context-menu-2.3.7.tgz 18829ms (cache miss)
4897 http fetch GET 200 https://registry.npmjs.org/eslint-visitor-keys/-/eslint-visitor-keys-5.0.1.tgz 18718ms (cache miss)
4898 http fetch GET 200 https://registry.npmjs.org/esbuild/-/esbuild-0.25.12.tgz 18608ms (cache miss)
4899 http fetch GET 200 https://registry.npmjs.org/@emnapi/wasi-threads/-/wasi-threads-1.2.3.tgz 19992ms (cache miss)
4900 http fetch GET 200 https://registry.npmjs.org/cmdk/-/cmdk-1.1.1.tgz 19046ms (cache miss)
4901 http fetch GET 200 https://registry.npmjs.org/rou3/-/rou3-0.9.2.tgz 18771ms (cache miss)
4902 http fetch GET 200 https://registry.npmjs.org/tapable/-/tapable-2.3.3.tgz 19674ms (cache miss)
4903 http fetch GET 200 https://registry.npmjs.org/@radix-ui/react-slider/-/react-slider-1.4.7.tgz 19031ms (cache miss)
4904 http fetch GET 200 https://registry.npmjs.org/@radix-ui/react-radio-group/-/react-radio-group-1.4.7.tgz 19016ms (cache miss)
4905 http fetch GET 200 https://registry.npmjs.org/eslint-visitor-keys/-/eslint-visitor-keys-3.4.3.tgz 18820ms (cache miss)
4906 http fetch GET 200 https://registry.npmjs.org/recharts-scale/-/recharts-scale-0.4.5.tgz 20221ms (cache miss)
4907 http fetch GET 200 https://registry.npmjs.org/@radix-ui/react-tooltip/-/react-tooltip-1.2.16.tgz 19111ms (cache miss)
4908 http fetch GET 200 https://registry.npmjs.org/@radix-ui/react-menubar/-/react-menubar-1.1.24.tgz 19109ms (cache miss)
4909 http fetch GET 200 https://registry.npmjs.org/chalk/-/chalk-5.6.2.tgz 19604ms (cache miss)
4910 http fetch GET 200 https://registry.npmjs.org/@radix-ui/react-scroll-area/-/react-scroll-area-1.2.18.tgz 19219ms (cache miss)
4911 http fetch GET 200 https://registry.npmjs.org/@emnapi/runtime/-/runtime-2.0.0-alpha.3.tgz 19046ms (cache miss)
4912 http fetch GET 200 https://registry.npmjs.org/synckit/-/synckit-0.11.13.tgz 20120ms (cache miss)
4913 http fetch GET 200 https://registry.npmjs.org/magic-string/-/magic-string-0.30.21.tgz 19725ms (cache miss)
4914 http fetch GET 200 https://registry.npmjs.org/@radix-ui/react-navigation-menu/-/react-navigation-menu-1.2.22.tgz 19344ms (cache miss)
4915 http fetch GET 200 https://registry.npmjs.org/@tanstack/devtools-vite/-/devtools-vite-0.8.5.tgz 19564ms (cache miss)
4916 http fetch GET 200 https://registry.npmjs.org/source-map/-/source-map-0.7.6.tgz 19946ms (cache miss)
4917 http fetch GET 200 https://registry.npmjs.org/fast-equals/-/fast-equals-5.4.2.tgz 20712ms (cache miss)
4918 http fetch GET 200 https://registry.npmjs.org/@radix-ui/react-select/-/react-select-2.3.7.tgz 19874ms (cache miss)
4919 http fetch GET 200 https://registry.npmjs.org/seroval/-/seroval-1.6.7.tgz 20390ms (cache miss)
4920 http fetch GET 200 https://registry.npmjs.org/vite-tsconfig-paths/-/vite-tsconfig-paths-6.1.1.tgz 19961ms (cache miss)
4921 http fetch GET 200 https://registry.npmjs.org/@types/react/-/react-19.3.0.tgz 20155ms (cache miss)
4922 http fetch GET 200 https://registry.npmjs.org/react-resizable-panels/-/react-resizable-panels-4.12.4.tgz 20270ms (cache miss)
4923 http fetch GET 200 https://registry.npmjs.org/d3-scale/-/d3-scale-4.0.2.tgz 21469ms (cache miss)
4924 http fetch GET 200 https://registry.npmjs.org/d3-interpolate/-/d3-interpolate-3.0.1.tgz 21513ms (cache miss)
4925 http fetch GET 200 https://registry.npmjs.org/@napi-rs/wasm-runtime/-/wasm-runtime-1.2.4.tgz 21618ms (cache miss)
4926 http fetch GET 200 https://registry.npmjs.org/lightningcss/-/lightningcss-1.33.0.tgz 20788ms (cache miss)
4927 http fetch GET 200 https://registry.npmjs.org/brace-expansion/-/brace-expansion-5.0.12.tgz 20461ms (cache miss)
4928 http fetch GET 200 https://registry.npmjs.org/unplugin/-/unplugin-3.4.0.tgz 21157ms (cache miss)
4929 http fetch GET 200 https://registry.npmjs.org/@date-fns/tz/-/tz-1.5.0.tgz 21825ms (cache miss)
4930 http fetch GET 200 https://registry.npmjs.org/@lovable.dev/vite-tanstack-config/-/vite-tanstack-config-2.23.0.tgz 20645ms (cache miss)
4931 http fetch GET 200 https://registry.npmjs.org/lightningcss/-/lightningcss-1.32.0.tgz 20862ms (cache miss)
4932 http fetch GET 200 https://registry.npmjs.org/react-smooth/-/react-smooth-4.0.4.tgz 22386ms (cache miss)
4933 http fetch GET 200 https://registry.npmjs.org/esquery/-/esquery-1.7.0.tgz 21996ms (cache miss)
4934 http fetch GET 200 https://registry.npmjs.org/react/-/react-19.3.0.tgz 21191ms (cache miss)
4935 http fetch GET 200 https://registry.npmjs.org/@tanstack/virtual-file-routes/-/virtual-file-routes-1.162.0.tgz 21898ms (cache miss)
4936 http fetch GET 200 https://registry.npmjs.org/@emnapi/runtime/-/runtime-1.11.3.tgz 21299ms (cache miss)
4937 http fetch GET 200 https://registry.npmjs.org/@tabby_ai/hijri-converter/-/hijri-converter-1.0.5.tgz 22534ms (cache miss)
4938 http fetch GET 200 https://registry.npmjs.org/esbuild 21104ms (cache miss)
4939 silly packumentCache corgi:https://registry.npmjs.org/esbuild set size:undefined disposed:false
4940 http fetch GET 200 https://registry.npmjs.org/@oozcitak/infra/-/infra-2.0.2.tgz 22962ms (cache miss)
4941 http fetch GET 200 https://registry.npmjs.org/react-remove-scroll-bar/-/react-remove-scroll-bar-2.3.8.tgz 22853ms (cache miss)
4942 http fetch GET 200 https://registry.npmjs.org/@eslint/config-array/-/config-array-0.21.2.tgz 21844ms (cache miss)
4943 silly packumentCache corgi:https://registry.npmjs.org/@esbuild-kit%2fcore-utils cache-miss
4944 http fetch GET 200 https://registry.npmjs.org/react-transition-group/-/react-transition-group-4.4.5.tgz 23303ms (cache miss)
4945 http fetch GET 200 https://registry.npmjs.org/d3-time-format/-/d3-time-format-4.1.0.tgz 23686ms (cache miss)
4946 http fetch GET 200 https://registry.npmjs.org/consola/-/consola-3.4.2.tgz 23346ms (cache miss)
4947 http fetch GET 200 https://registry.npmjs.org/fast-uri/-/fast-uri-3.1.8.tgz 23368ms (cache miss)
4948 http fetch GET 200 https://registry.npmjs.org/@typescript-eslint/type-utils/-/type-utils-8.70.0.tgz 23917ms (cache miss)
4949 http fetch GET 200 https://registry.npmjs.org/@emnapi/core/-/core-2.0.0-alpha.3.tgz 22559ms (cache miss)
4950 http fetch GET 200 https://registry.npmjs.org/tailwindcss/-/tailwindcss-4.3.3.tgz 23206ms (cache miss)
4951 http fetch GET 200 https://registry.npmjs.org/@tanstack/devtools-event-client/-/devtools-event-client-0.5.0.tgz 23686ms (cache miss)
4952 http fetch GET 200 https://registry.npmjs.org/@eslint/eslintrc/-/eslintrc-3.3.7.tgz 24012ms (cache miss)
4953 http fetch GET 200 https://registry.npmjs.org/@esbuild-kit%2fcore-utils 1238ms (cache miss)
4954 silly packumentCache corgi:https://registry.npmjs.org/@esbuild-kit%2fcore-utils set size:undefined disposed:false
4955 http fetch GET 200 https://registry.npmjs.org/jiti/-/jiti-2.7.0.tgz 23764ms (cache miss)
4956 http fetch GET 200 https://registry.npmjs.org/@oxc-parser/binding-android-arm64/-/binding-android-arm64-0.120.0.tgz 24669ms (cache miss)
4957 http fetch GET 200 https://registry.npmjs.org/@tanstack/store/-/store-0.9.3.tgz 24206ms (cache miss)
4958 silly packumentCache corgi:https://registry.npmjs.org/@esbuild-kit%2fesm-loader cache-miss
4959 http fetch GET 200 https://registry.npmjs.org/srvx/-/srvx-0.11.22.tgz 24448ms (cache miss)
4960 http fetch GET 200 https://registry.npmjs.org/@emnapi/core/-/core-1.11.3.tgz 24977ms (cache miss)
4961 http fetch GET 200 https://registry.npmjs.org/postgres/-/postgres-3.4.9.tgz 24153ms (cache miss)
4962 http fetch GET 200 https://registry.npmjs.org/d3-array/-/d3-array-3.2.4.tgz 25414ms (cache miss)
4963 http fetch GET 200 https://registry.npmjs.org/postcss/-/postcss-8.5.28.tgz 25601ms (cache miss)
4964 http fetch GET 200 https://registry.npmjs.org/@tailwindcss/oxide-android-arm64/-/oxide-android-arm64-4.3.3.tgz 25150ms (cache miss)
4965 http fetch GET 200 https://registry.npmjs.org/js-yaml/-/js-yaml-4.3.2.tgz 25682ms (cache miss)
4966 http fetch GET 200 https://registry.npmjs.org/srvx/-/srvx-1.0.5.tgz 24882ms (cache miss)
4967 http fetch GET 200 https://registry.npmjs.org/tsx/-/tsx-4.23.13.tgz 25822ms (cache miss)
4968 http fetch GET 200 https://registry.npmjs.org/@supabase/storage-js/-/storage-js-2.116.0.tgz 25530ms (cache miss)
4969 http fetch GET 200 https://registry.npmjs.org/@tanstack/router-utils/-/router-utils-1.162.2.tgz 25694ms (cache miss)
4970 http fetch GET 200 https://registry.npmjs.org/@supabase/postgrest-js/-/postgrest-js-2.116.0.tgz 25599ms (cache miss)
4971 http fetch GET 200 https://registry.npmjs.org/@esbuild-kit%2fesm-loader 1400ms (cache miss)
4972 silly packumentCache corgi:https://registry.npmjs.org/@esbuild-kit%2fesm-loader set size:undefined disposed:false
4973 http fetch GET 200 https://registry.npmjs.org/@supabase/supabase-js/-/supabase-js-2.116.0.tgz 25375ms (cache miss)
4974 http fetch GET 200 https://registry.npmjs.org/enhanced-resolve/-/enhanced-resolve-5.25.1.tgz 25925ms (cache miss)
4975 http fetch GET 200 https://registry.npmjs.org/tailwind-merge/-/tailwind-merge-3.7.0.tgz 25734ms (cache miss)
4976 http fetch GET 200 https://registry.npmjs.org/db0/-/db0-0.3.4.tgz 26516ms (cache miss)
4977 silly packumentCache corgi:https://registry.npmjs.org/drizzle-kit cache-miss
4978 http fetch GET 200 https://registry.npmjs.org/oxc-parser/-/oxc-parser-0.120.0.tgz 26232ms (cache miss)
4979 http fetch GET 200 https://registry.npmjs.org/rolldown/-/rolldown-1.2.1.tgz 26992ms (cache miss)
4980 http fetch GET 200 https://registry.npmjs.org/@tybys/wasm-util/-/wasm-util-0.10.4.tgz 27307ms (cache miss)
4981 http fetch GET 200 https://registry.npmjs.org/d3-shape/-/d3-shape-3.2.0.tgz 27620ms (cache miss)
4982 http fetch GET 200 https://registry.npmjs.org/uri-js/-/uri-js-4.4.1.tgz 27717ms (cache miss)
4983 http fetch GET 200 https://registry.npmjs.org/@supabase/functions-js/-/functions-js-2.116.0.tgz 26711ms (cache miss)
4984 http fetch GET 200 https://registry.npmjs.org/@tanstack/devtools-event-bus/-/devtools-event-bus-0.4.3.tgz 26833ms (cache miss)
4985 http fetch GET 200 https://registry.npmjs.org/@tanstack/react-start-client/-/react-start-client-1.168.16.tgz 27281ms (cache miss)
4986 http fetch GET 200 https://registry.npmjs.org/use-callback-ref/-/use-callback-ref-1.3.3.tgz 28105ms (cache miss)
4987 http fetch GET 200 https://registry.npmjs.org/minimatch/-/minimatch-10.2.6.tgz 27320ms (cache miss)
4988 http fetch GET 200 https://registry.npmjs.org/vite/-/vite-8.1.5.tgz 27457ms (cache miss)
4989 http fetch GET 200 https://registry.npmjs.org/env-runner/-/env-runner-0.1.16.tgz 28561ms (cache miss)
4990 http fetch GET 200 https://registry.npmjs.org/crossws/-/crossws-0.4.12.tgz 28915ms (cache miss)
4991 http fetch GET 200 https://registry.npmjs.org/h3/-/h3-2.0.1-rc.20.tgz 28813ms (cache miss)
4992 http fetch GET 200 https://registry.npmjs.org/drizzle-kit 2658ms (cache miss)
4993 silly packumentCache corgi:https://registry.npmjs.org/drizzle-kit set size:undefined disposed:false
4994 http fetch GET 200 https://registry.npmjs.org/@typescript-eslint/typescript-estree/-/typescript-estree-8.70.0.tgz 30090ms (cache miss)
4995 http fetch GET 200 https://registry.npmjs.org/@tanstack/start-server-core/-/start-server-core-1.169.17.tgz 29563ms (cache miss)
4996 http fetch GET 200 https://registry.npmjs.org/unstorage/-/unstorage-2.0.0-alpha.10.tgz 30581ms (cache miss)
4997 http fetch GET 200 https://registry.npmjs.org/@typescript-eslint/utils/-/utils-8.70.0.tgz 30919ms (cache miss)
4998 http fetch GET 200 https://registry.npmjs.org/@tanstack/devtools-bundler-core/-/devtools-bundler-core-0.1.3.tgz 30218ms (cache miss)
4999 http fetch GET 200 https://registry.npmjs.org/h3/-/h3-2.0.1-rc.32.tgz 31128ms (cache miss)
5000 http fetch GET 200 https://registry.npmjs.org/xmlbuilder2/-/xmlbuilder2-4.0.3.tgz 30772ms (cache miss)
5001 http fetch GET 200 https://registry.npmjs.org/ajv/-/ajv-6.15.0.tgz 30902ms (cache miss)
5002 http fetch GET 200 https://registry.npmjs.org/ajv/-/ajv-6.15.0.tgz 30898ms (cache miss)
5003 http fetch GET 200 https://registry.npmjs.org/embla-carousel/-/embla-carousel-8.6.0.tgz 33630ms (cache miss)
5004 http fetch GET 200 https://registry.npmjs.org/@tanstack/react-start/-/react-start-1.168.32.tgz 33063ms (cache miss)
5005 http fetch GET 200 https://registry.npmjs.org/@tanstack/react-start-rsc/-/react-start-rsc-0.1.31.tgz 34817ms (cache miss)
5006 http fetch GET 200 https://registry.npmjs.org/react-dom/-/react-dom-19.3.0.tgz 34440ms (cache miss)
5007 http fetch GET 200 https://registry.npmjs.org/lightningcss-android-arm64/-/lightningcss-android-arm64-1.33.0.tgz 35412ms (cache miss)
5008 http fetch GET 200 https://registry.npmjs.org/diff/-/diff-8.0.4.tgz 35250ms (cache miss)
5009 http fetch GET 200 https://registry.npmjs.org/lightningcss-android-arm64/-/lightningcss-android-arm64-1.32.0.tgz 34847ms (cache miss)
5010 http fetch GET 200 https://registry.npmjs.org/@tanstack/router-generator/-/router-generator-1.167.21.tgz 35641ms (cache miss)
5011 http fetch GET 200 https://registry.npmjs.org/drizzle-kit/-/drizzle-kit-0.31.10.tgz 35663ms (cache miss)
5012 http fetch GET 200 https://registry.npmjs.org/@esbuild/android-arm64/-/android-arm64-0.18.20.tgz 35620ms (cache miss)
5013 http fetch GET 200 https://registry.npmjs.org/@rolldown/binding-wasm32-wasi/-/binding-wasm32-wasi-1.2.1.tgz 37245ms (cache miss)
5014 http fetch GET 200 https://registry.npmjs.org/dom-helpers/-/dom-helpers-5.2.1.tgz 37565ms (cache miss)
5015 http fetch GET 200 https://registry.npmjs.org/@esbuild/android-arm64/-/android-arm64-0.25.12.tgz 36433ms (cache miss)
5016 http fetch GET 200 https://registry.npmjs.org/@esbuild/android-arm64/-/android-arm64-0.28.2.tgz 38578ms (cache miss)
5017 http fetch GET 200 https://registry.npmjs.org/prettier/-/prettier-3.9.8.tgz 37326ms (cache miss)
5018 http fetch GET 200 https://registry.npmjs.org/@tanstack/start-client-core/-/start-client-core-1.170.14.tgz 37751ms (cache miss)
5019 http fetch GET 200 https://registry.npmjs.org/@supabase/realtime-js/-/realtime-js-2.116.0.tgz 37865ms (cache miss)
5020 http fetch GET 200 https://registry.npmjs.org/react-hook-form/-/react-hook-form-7.88.0.tgz 39827ms (cache miss)
5021 http fetch GET 200 https://registry.npmjs.org/@rolldown/binding-android-arm64/-/binding-android-arm64-1.2.1.tgz 41388ms (cache miss)
5022 http fetch GET 200 https://registry.npmjs.org/@tanstack/router-plugin/-/router-plugin-1.168.23.tgz 41365ms (cache miss)
5023 http fetch GET 200 https://registry.npmjs.org/@oozcitak/dom/-/dom-2.0.2.tgz 42814ms (cache miss)
5024 http fetch GET 200 https://registry.npmjs.org/nf3/-/nf3-0.3.24.tgz 42513ms (cache miss)
5025 http fetch GET 200 https://registry.npmjs.org/@supabase/auth-js/-/auth-js-2.116.0.tgz 42281ms (cache miss)
5026 http fetch GET 200 https://registry.npmjs.org/@typescript-eslint/scope-manager/-/scope-manager-8.70.0.tgz 45028ms (cache miss)
5027 http fetch GET 200 https://registry.npmjs.org/recharts/-/recharts-2.15.4.tgz 44190ms (cache miss)
5028 warn deprecated recharts@2.15.4: 1.x and 2.x branches are no longer active. Bump to Recharts v3 to receive latest features and bugfixes. See https://github.com/recharts/recharts/wiki/3.0-migration-guide
5029 http fetch GET 200 https://registry.npmjs.org/@tanstack/react-router/-/react-router-1.170.18.tgz 44650ms (cache miss)
5030 http fetch GET 200 https://registry.npmjs.org/victory-vendor/-/victory-vendor-36.9.2.tgz 46261ms (cache miss)
5031 http fetch GET 200 https://registry.npmjs.org/@tanstack/query-core/-/query-core-5.103.1.tgz 46033ms (cache miss)
5032 http fetch GET 200 https://registry.npmjs.org/@tanstack/router-core/-/router-core-1.171.15.tgz 47272ms (cache miss)
5033 http fetch GET 200 https://registry.npmjs.org/@tanstack/react-query/-/react-query-5.103.1.tgz 47040ms (cache miss)
5034 http fetch GET 200 https://registry.npmjs.org/@tanstack/start-plugin-core/-/start-plugin-core-1.171.24.tgz 47497ms (cache miss)
5035 http fetch GET 200 https://registry.npmjs.org/@hookform/resolvers/-/resolvers-5.9.1.tgz 47528ms (cache miss)
5036 http fetch GET 200 https://registry.npmjs.org/eslint/-/eslint-9.39.5.tgz 47755ms (cache miss)
5037 warn deprecated eslint@9.39.5: This version is no longer supported. Please see https://eslint.org/version-support for other options.
5038 http fetch GET 200 https://registry.npmjs.org/@typescript-eslint/eslint-plugin/-/eslint-plugin-8.70.0.tgz 49598ms (cache miss)
5039 http fetch GET 200 https://registry.npmjs.org/nitro/-/nitro-3.0.260603-beta.tgz 49694ms (cache miss)
5040 http fetch GET 200 https://registry.npmjs.org/unenv/-/unenv-2.0.0-rc.24.tgz 50758ms (cache miss)
5041 http fetch GET 200 https://registry.npmjs.org/ajv/-/ajv-8.20.0.tgz 50572ms (cache miss)
5042 http fetch GET 200 https://registry.npmjs.org/zod/-/zod-3.25.76.tgz 53458ms (cache miss)
5043 http fetch GET 200 https://registry.npmjs.org/zod/-/zod-4.6.5.tgz 57319ms (cache miss)
5044 http fetch GET 200 https://registry.npmjs.org/zod/-/zod-4.6.5.tgz 57289ms (cache miss)
5045 http fetch GET 200 https://registry.npmjs.org/zod/-/zod-4.6.5.tgz 57357ms (cache miss)
5046 http fetch GET 200 https://registry.npmjs.org/date-fns-jalali/-/date-fns-jalali-4.1.0-0.tgz 61876ms (cache miss)
5047 http fetch GET 200 https://registry.npmjs.org/react-day-picker/-/react-day-picker-9.14.0.tgz 61704ms (cache miss)
5048 http fetch GET 200 https://registry.npmjs.org/drizzle-orm/-/drizzle-orm-0.45.2.tgz 63580ms (cache miss)
5049 http fetch GET 200 https://registry.npmjs.org/date-fns/-/date-fns-4.4.0.tgz 69606ms (cache miss)
5050 http fetch GET 200 https://registry.npmjs.org/lucide-react/-/lucide-react-0.575.0.tgz 72669ms (cache miss)
5051 info run esbuild@0.28.2 postinstall node_modules/esbuild node install.js
5052 info run esbuild@0.18.20 postinstall node_modules/@esbuild-kit/core-utils/node_modules/esbuild node install.js
5053 info run esbuild@0.25.12 postinstall node_modules/drizzle-kit/node_modules/esbuild node install.js
5054 info run esbuild@0.25.12 postinstall { code: 0, signal: null }
5055 info run esbuild@0.28.2 postinstall { code: 0, signal: null }
5056 info run esbuild@0.18.20 postinstall { code: 0, signal: null }
5057 silly ADD node_modules/has-flag
5058 silly ADD node_modules/color-name
5059 silly ADD node_modules/color-convert
5060 silly ADD node_modules/supports-color
5061 silly ADD node_modules/ansi-styles
5062 silly ADD node_modules/punycode
5063 silly ADD node_modules/uri-js
5064 silly ADD node_modules/fast-json-stable-stringify
5065 silly ADD node_modules/@oozcitak/url
5066 silly ADD node_modules/@oozcitak/util
5067 silly ADD node_modules/@oozcitak/infra
5068 silly ADD node_modules/@oozcitak/dom
5069 silly ADD node_modules/isexe
5070 silly ADD node_modules/tsconfck
5071 silly ADD node_modules/globrex
5072 silly ADD node_modules/nanoid
5073 silly ADD node_modules/@esbuild/android-arm64
5074 silly ADD node_modules/postcss
5075 silly ADD node_modules/esbuild
5076 silly ADD node_modules/d3-path
5077 silly ADD node_modules/d3-time-format
5078 silly ADD node_modules/d3-format
5079 silly ADD node_modules/d3-color
5080 silly ADD node_modules/internmap
5081 silly ADD node_modules/@types/d3-path
5082 silly ADD node_modules/@types/d3-color
5083 silly ADD node_modules/d3-timer
5084 silly ADD node_modules/d3-time
5085 silly ADD node_modules/d3-shape
5086 silly ADD node_modules/d3-scale
5087 silly ADD node_modules/d3-interpolate
5088 silly ADD node_modules/d3-ease
5089 silly ADD node_modules/d3-array
5090 silly ADD node_modules/@types/d3-timer
5091 silly ADD node_modules/@types/d3-time
5092 silly ADD node_modules/@types/d3-shape
5093 silly ADD node_modules/@types/d3-scale
5094 silly ADD node_modules/@types/d3-interpolate
5095 silly ADD node_modules/@types/d3-ease
5096 silly ADD node_modules/@types/d3-array
5097 silly ADD node_modules/detect-node-es
5098 silly ADD node_modules/escalade
5099 silly ADD node_modules/webpack-virtual-modules
5100 silly ADD node_modules/@typescript-eslint/tsconfig-utils
5101 silly ADD node_modules/@typescript-eslint/project-service
5102 silly ADD node_modules/@typescript-eslint/types
5103 silly ADD node_modules/ts-api-utils
5104 silly ADD node_modules/@typescript-eslint/visitor-keys
5105 silly ADD node_modules/@typescript-eslint/visitor-keys/node_modules/eslint-visitor-keys
5106 silly ADD node_modules/@typescript-eslint/type-utils
5107 silly ADD node_modules/@typescript-eslint/scope-manager
5108 silly ADD node_modules/@typescript-eslint/utils
5109 silly ADD node_modules/@typescript-eslint/typescript-estree
5110 silly ADD node_modules/@typescript-eslint/typescript-estree/node_modules/balanced-match
5111 silly ADD node_modules/@typescript-eslint/typescript-estree/node_modules/brace-expansion
5112 silly ADD node_modules/@typescript-eslint/typescript-estree/node_modules/semver
5113 silly ADD node_modules/@typescript-eslint/typescript-estree/node_modules/minimatch
5114 silly ADD node_modules/@typescript-eslint/parser
5115 silly ADD node_modules/@typescript-eslint/eslint-plugin
5116 silly ADD node_modules/@typescript-eslint/eslint-plugin/node_modules/ignore
5117 silly ADD node_modules/fdir
5118 silly ADD node_modules/@pkgr/core
5119 silly ADD node_modules/buffer-from
5120 silly ADD node_modules/shebang-regex
5121 silly ADD node_modules/@rolldown/binding-wasm32-wasi
5122 silly ADD node_modules/@rolldown/binding-wasm32-wasi/node_modules/@emnapi/wasi-threads
5123 silly ADD node_modules/@rolldown/binding-wasm32-wasi/node_modules/@emnapi/runtime
5124 silly ADD node_modules/@rolldown/binding-wasm32-wasi/node_modules/@emnapi/core
5125 silly ADD node_modules/@rolldown/binding-android-arm64
5126 silly ADD node_modules/decimal.js-light
5127 silly ADD node_modules/dom-helpers
5128 silly ADD node_modules/@babel/runtime
5129 silly ADD node_modules/object-assign
5130 silly ADD node_modules/loose-envify
5131 silly ADD node_modules/react-transition-group
5132 silly ADD node_modules/prop-types
5133 silly ADD node_modules/prop-types/node_modules/react-is
5134 silly ADD node_modules/fast-equals
5135 silly ADD node_modules/victory-vendor
5136 silly ADD node_modules/tiny-invariant
5137 silly ADD node_modules/recharts-scale
5138 silly ADD node_modules/react-smooth
5139 silly ADD node_modules/react-is
5140 silly ADD node_modules/lodash
5141 silly ADD node_modules/eventemitter3
5142 silly ADD node_modules/get-nonce
5143 silly ADD node_modules/use-sidecar
5144 silly ADD node_modules/use-callback-ref
5145 silly ADD node_modules/react-style-singleton
5146 silly ADD node_modules/react-remove-scroll-bar
5147 silly ADD node_modules/scheduler
5148 silly ADD node_modules/date-fns-jalali
5149 silly ADD node_modules/@tabby_ai/hijri-converter
5150 silly ADD node_modules/@date-fns/tz
5151 silly ADD node_modules/fast-diff
5152 silly ADD node_modules/callsites
5153 silly ADD node_modules/yocto-queue
5154 silly ADD node_modules/p-limit
5155 silly ADD node_modules/@tybys/wasm-util
5156 silly ADD node_modules/@emnapi/wasi-threads
5157 silly ADD node_modules/@emnapi/runtime
5158 silly ADD node_modules/@emnapi/core
5159 silly ADD node_modules/@napi-rs/wasm-runtime
5160 silly ADD node_modules/@oxc-project/types
5161 silly ADD node_modules/@oxc-parser/binding-android-arm64
5162 silly ADD node_modules/word-wrap
5163 silly ADD node_modules/fast-levenshtein
5164 silly ADD node_modules/deep-is
5165 silly ADD node_modules/ocache
5166 silly ADD node_modules/httpxy
5167 silly ADD node_modules/unstorage
5168 silly ADD node_modules/unenv
5169 silly ADD node_modules/rolldown
5170 silly ADD node_modules/rolldown/node_modules/@rolldown/pluginutils
5171 silly ADD node_modules/rolldown/node_modules/@oxc-project/types
5172 silly ADD node_modules/ohash
5173 silly ADD node_modules/ofetch
5174 silly ADD node_modules/nf3
5175 silly ADD node_modules/hookable
5176 silly ADD node_modules/h3
5177 silly ADD node_modules/h3/node_modules/srvx
5178 silly ADD node_modules/h3/node_modules/rou3
5179 silly ADD node_modules/env-runner
5180 silly ADD node_modules/db0
5181 silly ADD node_modules/crossws
5182 silly ADD node_modules/consola
5183 silly ADD node_modules/concat-map
5184 silly ADD node_modules/balanced-match
5185 silly ADD node_modules/brace-expansion
5186 silly ADD node_modules/yallist
5187 silly ADD node_modules/p-locate
5188 silly ADD node_modules/lightningcss-android-arm64
5189 silly ADD node_modules/detect-libc
5190 silly ADD node_modules/type-check
5191 silly ADD node_modules/prelude-ls
5192 silly ADD node_modules/shell-quote
5193 silly ADD node_modules/json-buffer
5194 silly ADD node_modules/argparse
5195 silly ADD node_modules/is-extglob
5196 silly ADD node_modules/resolve-from
5197 silly ADD node_modules/parent-module
5198 silly ADD node_modules/rou3
5199 silly ADD node_modules/resolve-pkg-maps
5200 silly ADD node_modules/keyv
5201 silly ADD node_modules/flatted
5202 silly ADD node_modules/path-exists
5203 silly ADD node_modules/locate-path
5204 silly ADD node_modules/flat-cache
5205 silly ADD node_modules/acorn-jsx
5206 silly ADD node_modules/acorn
5207 silly ADD node_modules/estraverse
5208 silly ADD node_modules/esrecurse
5209 silly ADD node_modules/synckit
5210 silly ADD node_modules/prettier-linter-helpers
5211 silly ADD node_modules/which
5212 silly ADD node_modules/shebang-command
5213 silly ADD node_modules/path-key
5214 silly ADD node_modules/require-from-string
5215 silly ADD node_modules/json-schema-traverse
5216 silly ADD node_modules/fast-uri
5217 silly ADD node_modules/@humanfs/types
5218 silly ADD node_modules/@humanfs/core
5219 silly ADD node_modules/ajv
5220 silly ADD node_modules/levn
5221 silly ADD node_modules/strip-json-comments
5222 silly ADD node_modules/js-yaml
5223 silly ADD node_modules/import-fresh
5224 silly ADD node_modules/@types/json-schema
5225 silly ADD node_modules/@eslint/object-schema
5226 silly ADD node_modules/optionator
5227 silly ADD node_modules/natural-compare
5228 silly ADD node_modules/minimatch
5229 silly ADD node_modules/lodash.merge
5230 silly ADD node_modules/json-stable-stringify-without-jsonify
5231 silly ADD node_modules/is-glob
5232 silly ADD node_modules/imurmurhash
5233 silly ADD node_modules/ignore
5234 silly ADD node_modules/glob-parent
5235 silly ADD node_modules/find-up
5236 silly ADD node_modules/file-entry-cache
5237 silly ADD node_modules/fast-deep-equal
5238 silly ADD node_modules/esutils
5239 silly ADD node_modules/esquery
5240 silly ADD node_modules/espree
5241 silly ADD node_modules/eslint-visitor-keys
5242 silly ADD node_modules/eslint-scope
5243 silly ADD node_modules/escape-string-regexp
5244 silly ADD node_modules/cross-spawn
5245 silly ADD node_modules/@types/estree
5246 silly ADD node_modules/@humanwhocodes/retry
5247 silly ADD node_modules/@humanwhocodes/module-importer
5248 silly ADD node_modules/@humanfs/node
5249 silly ADD node_modules/@eslint/plugin-kit
5250 silly ADD node_modules/@eslint/eslintrc
5251 silly ADD node_modules/@eslint/eslintrc/node_modules/json-schema-traverse
5252 silly ADD node_modules/@eslint/eslintrc/node_modules/ajv
5253 silly ADD node_modules/@eslint/eslintrc/node_modules/globals
5254 silly ADD node_modules/@eslint/core
5255 silly ADD node_modules/@eslint/config-helpers
5256 silly ADD node_modules/@eslint/config-array
5257 silly ADD node_modules/@eslint-community/regexpp
5258 silly ADD node_modules/@eslint-community/eslint-utils
5259 silly ADD node_modules/@eslint-community/eslint-utils/node_modules/eslint-visitor-keys
5260 silly ADD node_modules/tapable
5261 silly ADD node_modules/graceful-fs
5262 silly ADD node_modules/embla-carousel-reactive-utils
5263 silly ADD node_modules/embla-carousel
5264 silly ADD node_modules/source-map-support
5265 silly ADD node_modules/source-map-support/node_modules/source-map
5266 silly ADD node_modules/get-tsconfig
5267 silly ADD node_modules/@esbuild-kit/core-utils
5268 silly ADD node_modules/@esbuild-kit/core-utils/node_modules/@esbuild/android-arm64
5269 silly ADD node_modules/@esbuild-kit/core-utils/node_modules/esbuild
5270 silly ADD node_modules/tsx
5271 silly ADD node_modules/@esbuild-kit/esm-loader
5272 silly ADD node_modules/@drizzle-team/brocli
5273 silly ADD node_modules/ms
5274 silly ADD node_modules/readdirp
5275 silly ADD node_modules/update-browserslist-db
5276 silly ADD node_modules/node-releases
5277 silly ADD node_modules/electron-to-chromium
5278 silly ADD node_modules/caniuse-lite
5279 silly ADD node_modules/baseline-browser-mapping
5280 silly ADD node_modules/@types/babel__traverse
5281 silly ADD node_modules/@types/babel__template
5282 silly ADD node_modules/@types/babel__generator
5283 silly ADD node_modules/@babel/helper-plugin-utils
5284 silly ADD node_modules/react-refresh
5285 silly ADD node_modules/@types/babel__core
5286 silly ADD node_modules/@rolldown/pluginutils
5287 silly ADD node_modules/@babel/plugin-transform-react-jsx-source
5288 silly ADD node_modules/@babel/plugin-transform-react-jsx-self
5289 silly ADD node_modules/csstype
5290 silly ADD node_modules/undici-types
5291 silly ADD node_modules/h3-v2
5292 silly ADD node_modules/fetchdts
5293 silly ADD node_modules/xmlbuilder2
5294 silly ADD node_modules/vitefu
5295 silly ADD node_modules/ufo
5296 silly ADD node_modules/srvx
5297 silly ADD node_modules/source-map
5298 silly ADD node_modules/exsolve
5299 silly ADD node_modules/tinyglobby
5300 silly ADD node_modules/diff
5301 silly ADD node_modules/babel-dead-code-elimination
5302 silly ADD node_modules/ansis
5303 silly ADD node_modules/@tanstack/virtual-file-routes
5304 silly ADD node_modules/@babel/helper-string-parser
5305 silly ADD node_modules/@babel/helper-globals
5306 silly ADD node_modules/@babel/helper-module-imports
5307 silly ADD node_modules/lru-cache
5308 silly ADD node_modules/browserslist
5309 silly ADD node_modules/@babel/helper-validator-option
5310 silly ADD node_modules/@babel/compat-data
5311 silly ADD node_modules/jsesc
5312 silly ADD node_modules/picocolors
5313 silly ADD node_modules/js-tokens
5314 silly ADD node_modules/@babel/helper-validator-identifier
5315 silly ADD node_modules/semver
5316 silly ADD node_modules/json5
5317 silly ADD node_modules/gensync
5318 silly ADD node_modules/debug
5319 silly ADD node_modules/convert-source-map
5320 silly ADD node_modules/@babel/traverse
5321 silly ADD node_modules/@babel/parser
5322 silly ADD node_modules/@babel/helpers
5323 silly ADD node_modules/@babel/helper-module-transforms
5324 silly ADD node_modules/@babel/helper-compilation-targets
5325 silly ADD node_modules/@babel/generator
5326 silly ADD node_modules/@babel/code-frame
5327 silly ADD node_modules/unplugin
5328 silly ADD node_modules/chokidar
5329 silly ADD node_modules/@tanstack/router-generator
5330 silly ADD node_modules/@tanstack/router-generator/node_modules/zod
5331 silly ADD node_modules/@babel/types
5332 silly ADD node_modules/@babel/template
5333 silly ADD node_modules/@babel/core
5334 silly ADD node_modules/seroval-plugins
5335 silly ADD node_modules/seroval
5336 silly ADD node_modules/cookie-es
5337 silly ADD node_modules/use-sync-external-store
5338 silly ADD node_modules/@tanstack/store
5339 silly ADD node_modules/@tanstack/start-storage-context
5340 silly ADD node_modules/@tanstack/start-fn-stubs
5341 silly ADD node_modules/pathe
5342 silly ADD node_modules/@tanstack/start-server-core
5343 silly ADD node_modules/@tanstack/start-plugin-core
5344 silly ADD node_modules/@tanstack/start-plugin-core/node_modules/zod
5345 silly ADD node_modules/@tanstack/start-plugin-core/node_modules/@babel/code-frame
5346 silly ADD node_modules/@tanstack/start-client-core
5347 silly ADD node_modules/@tanstack/router-utils
5348 silly ADD node_modules/@tanstack/react-start-server
5349 silly ADD node_modules/@tanstack/react-start-rsc
5350 silly ADD node_modules/@tanstack/react-start-client
5351 silly ADD node_modules/isbot
5352 silly ADD node_modules/@tanstack/router-core
5353 silly ADD node_modules/@tanstack/react-store
5354 silly ADD node_modules/@tanstack/history
5355 silly ADD node_modules/@tanstack/query-core
5356 silly ADD node_modules/ws
5357 silly ADD node_modules/@tanstack/devtools-event-client
5358 silly ADD node_modules/picomatch
5359 silly ADD node_modules/oxc-parser
5360 silly ADD node_modules/launch-editor
5361 silly ADD node_modules/chalk
5362 silly ADD node_modules/@tanstack/devtools-event-bus
5363 silly ADD node_modules/@tanstack/devtools-client
5364 silly ADD node_modules/@tanstack/devtools-bundler-core
5365 silly ADD node_modules/@tailwindcss/oxide-android-arm64
5366 silly ADD node_modules/@jridgewell/resolve-uri
5367 silly ADD node_modules/@jridgewell/sourcemap-codec
5368 silly ADD node_modules/@jridgewell/trace-mapping
5369 silly ADD node_modules/@jridgewell/gen-mapping
5370 silly ADD node_modules/source-map-js
5371 silly ADD node_modules/magic-string
5372 silly ADD node_modules/jiti
5373 silly ADD node_modules/enhanced-resolve
5374 silly ADD node_modules/@jridgewell/remapping
5375 silly ADD node_modules/@tailwindcss/oxide
5376 silly ADD node_modules/@tailwindcss/node
5377 silly ADD node_modules/@tailwindcss/node/node_modules/lightningcss-android-arm64
5378 silly ADD node_modules/@tailwindcss/node/node_modules/lightningcss
5379 silly ADD node_modules/iceberg-js
5380 silly ADD node_modules/@supabase/phoenix
5381 silly ADD node_modules/tslib
5382 silly ADD node_modules/@supabase/storage-js
5383 silly ADD node_modules/@supabase/realtime-js
5384 silly ADD node_modules/@supabase/postgrest-js
5385 silly ADD node_modules/@supabase/functions-js
5386 silly ADD node_modules/@supabase/auth-js
5387 silly ADD node_modules/@radix-ui/number
5388 silly ADD node_modules/@floating-ui/utils
5389 silly ADD node_modules/@floating-ui/core
5390 silly ADD node_modules/@floating-ui/dom
5391 silly ADD node_modules/@radix-ui/rect
5392 silly ADD node_modules/@radix-ui/react-use-rect
5393 silly ADD node_modules/@radix-ui/react-arrow
5394 silly ADD node_modules/@floating-ui/react-dom
5395 silly ADD node_modules/@radix-ui/react-visually-hidden
5396 silly ADD node_modules/@radix-ui/react-use-previous
5397 silly ADD node_modules/@radix-ui/react-roving-focus
5398 silly ADD node_modules/@radix-ui/react-popper
5399 silly ADD node_modules/@radix-ui/react-use-effect-event
5400 silly ADD node_modules/react-remove-scroll
5401 silly ADD node_modules/aria-hidden
5402 silly ADD node_modules/@radix-ui/react-portal
5403 silly ADD node_modules/@radix-ui/react-focus-scope
5404 silly ADD node_modules/@radix-ui/react-focus-guards
5405 silly ADD node_modules/@radix-ui/react-dismissable-layer
5406 silly ADD node_modules/@radix-ui/react-menu
5407 silly ADD node_modules/@radix-ui/react-use-size
5408 silly ADD node_modules/@radix-ui/react-presence
5409 silly ADD node_modules/@radix-ui/react-use-layout-effect
5410 silly ADD node_modules/@radix-ui/react-use-is-hydrated
5411 silly ADD node_modules/@radix-ui/react-use-callback-ref
5412 silly ADD node_modules/@radix-ui/react-use-controllable-state
5413 silly ADD node_modules/@radix-ui/react-primitive
5414 silly ADD node_modules/@radix-ui/react-id
5415 silly ADD node_modules/@radix-ui/react-direction
5416 silly ADD node_modules/@radix-ui/react-context
5417 silly ADD node_modules/@radix-ui/react-compose-refs
5418 silly ADD node_modules/@radix-ui/react-collection
5419 silly ADD node_modules/@radix-ui/primitive
5420 silly ADD node_modules/lightningcss
5421 silly ADD node_modules/@tanstack/devtools-vite
5422 silly ADD node_modules/@standard-schema/utils
5423 silly ADD node_modules/zod
5424 silly ADD node_modules/vaul
5425 silly ADD node_modules/typescript-eslint
5426 silly ADD node_modules/typescript
5427 silly ADD node_modules/tw-animate-css
5428 silly ADD node_modules/tailwindcss
5429 silly ADD node_modules/tailwind-merge
5430 silly ADD node_modules/sonner
5431 silly ADD node_modules/recharts
5432 silly ADD node_modules/react-resizable-panels
5433 silly ADD node_modules/react-day-picker
5434 silly ADD node_modules/postgres
5435 silly ADD node_modules/nitro
5436 silly ADD node_modules/nitro/node_modules/ocache
5437 silly ADD node_modules/lucide-react
5438 silly ADD node_modules/input-otp
5439 silly ADD node_modules/globals
5440 silly ADD node_modules/eslint-plugin-react-refresh
5441 silly ADD node_modules/eslint-plugin-react-hooks
5442 silly ADD node_modules/prettier
5443 silly ADD node_modules/eslint-plugin-prettier
5444 silly ADD node_modules/eslint-config-prettier
5445 silly ADD node_modules/eslint
5446 silly ADD node_modules/eslint/node_modules/json-schema-traverse
5447 silly ADD node_modules/eslint/node_modules/ajv
5448 silly ADD node_modules/eslint/node_modules/chalk
5449 silly ADD node_modules/embla-carousel-react
5450 silly ADD node_modules/drizzle-orm
5451 silly ADD node_modules/drizzle-kit
5452 silly ADD node_modules/drizzle-kit/node_modules/@esbuild/android-arm64
5453 silly ADD node_modules/drizzle-kit/node_modules/esbuild
5454 silly ADD node_modules/date-fns
5455 silly ADD node_modules/cmdk
5456 silly ADD node_modules/clsx
5457 silly ADD node_modules/class-variance-authority
5458 silly ADD node_modules/@types/react-dom
5459 silly ADD node_modules/@types/react
5460 silly ADD node_modules/@types/node
5461 silly ADD node_modules/@tanstack/router-plugin
5462 silly ADD node_modules/@tanstack/router-plugin/node_modules/zod
5463 silly ADD node_modules/@tanstack/react-router
5464 silly ADD node_modules/@tanstack/react-query
5465 silly ADD node_modules/@supabase/supabase-js
5466 silly ADD node_modules/@radix-ui/react-tooltip
5467 silly ADD node_modules/@radix-ui/react-toggle-group
5468 silly ADD node_modules/@radix-ui/react-toggle
5469 silly ADD node_modules/@radix-ui/react-tabs
5470 silly ADD node_modules/@radix-ui/react-switch
5471 silly ADD node_modules/@radix-ui/react-slot
5472 silly ADD node_modules/@radix-ui/react-slider
5473 silly ADD node_modules/@radix-ui/react-separator
5474 silly ADD node_modules/@radix-ui/react-select
5475 silly ADD node_modules/@radix-ui/react-scroll-area
5476 silly ADD node_modules/@radix-ui/react-radio-group
5477 silly ADD node_modules/@radix-ui/react-progress
5478 silly ADD node_modules/@radix-ui/react-popover
5479 silly ADD node_modules/@radix-ui/react-navigation-menu
5480 silly ADD node_modules/@radix-ui/react-menubar
5481 silly ADD node_modules/@radix-ui/react-label
5482 silly ADD node_modules/@radix-ui/react-hover-card
5483 silly ADD node_modules/@radix-ui/react-dropdown-menu
5484 silly ADD node_modules/@radix-ui/react-dialog
5485 silly ADD node_modules/@radix-ui/react-context-menu
5486 silly ADD node_modules/@radix-ui/react-collapsible
5487 silly ADD node_modules/@radix-ui/react-checkbox
5488 silly ADD node_modules/@radix-ui/react-avatar
5489 silly ADD node_modules/@radix-ui/react-aspect-ratio
5490 silly ADD node_modules/@radix-ui/react-alert-dialog
5491 silly ADD node_modules/@radix-ui/react-accordion
5492 silly ADD node_modules/react-dom
5493 silly ADD node_modules/@tanstack/react-start
5494 silly ADD node_modules/@vitejs/plugin-react
5495 silly ADD node_modules/vite-tsconfig-paths
5496 silly ADD node_modules/@tailwindcss/vite
5497 silly ADD node_modules/vite
5498 silly ADD node_modules/@lovable.dev/vite-tanstack-config
5499 silly ADD node_modules/react
5500 silly ADD node_modules/react-hook-form
5501 silly ADD node_modules/@hookform/resolvers
5502 silly ADD node_modules/@eslint/js
5503 warn allow-scripts 3 packages have install scripts not yet covered by allowScripts:
5503 warn allow-scripts   esbuild@0.18.20 (postinstall: node install.js)
5503 warn allow-scripts   esbuild@0.28.2 (postinstall: node install.js)
5503 warn allow-scripts   esbuild@0.25.12 (postinstall: node install.js)
5503 warn allow-scripts
5503 warn allow-scripts Run `npm approve-scripts --allow-scripts-pending` to review, or `npm approve-scripts <pkg>` to allow.
5504 verbose cwd /data/data/com.termux/files/home/byandry/turma-7th-year-analysis-main
5505 verbose os Linux 5.4.210-android12-9-g5debd08bbf29-ab912
5506 verbose node v26.3.1
5507 verbose npm  v11.17.0
5508 verbose exit 0
5509 info ok
